2026-08-10 09:12:06 [restartedMain] INFO  com.pcwk.ehr.Sb04Application - Starting Sb04Application using Java 21.0.12 with PID 11864 (D:\CJFS_20260324\05_SPRING_BOOT\WORKSPACE\sb10\target\classes started by user in D:\CJFS_20260324\05_SPRING_BOOT\WORKSPACE\sb10)
2026-08-10 09:12:06 [restartedMain] DEBUG com.pcwk.ehr.Sb04Application - Running with Spring Boot v3.5.16, Spring v6.2.19
2026-08-10 09:12:06 [restartedMain] INFO  com.pcwk.ehr.Sb04Application - The following 1 profile is active: "app"
2026-08-10 09:12:06 [restartedMain] INFO  o.s.b.d.restart.ChangeableUrls - The Class-Path manifest attribute in C:\Users\user\.m2\repository\com\oracle\database\jdbc\ojdbc11\23.7.0.25.01\ojdbc11-23.7.0.25.01.jar referenced one or more files that do not exist: file:/C:/Users/user/.m2/repository/com/oracle/database/jdbc/ojdbc11/23.7.0.25.01/oraclepki.jar
2026-08-10 09:12:06 [restartedMain] INFO  o.s.b.d.e.DevToolsPropertyDefaultsPostProcessor - Devtools property defaults active! Set 'spring.devtools.add-properties' to 'false' to disable
2026-08-10 09:12:06 [restartedMain] INFO  o.s.b.d.e.DevToolsPropertyDefaultsPostProcessor - For additional web related logging consider setting the 'logging.level.web' property to 'DEBUG'
2026-08-10 09:12:06 [restartedMain] DEBUG o.m.s.b.a.MybatisAutoConfiguration - Searching for mappers annotated with @Mapper
2026-08-10 09:12:06 [restartedMain] DEBUG o.m.s.b.a.MybatisAutoConfiguration - Using auto-configuration base package 'com.pcwk.ehr'
2026-08-10 09:12:06 [restartedMain] DEBUG o.m.s.mapper.ClassPathMapperScanner - Identified candidate component class: file [D:\CJFS_20260324\05_SPRING_BOOT\WORKSPACE\sb10\target\classes\com\pcwk\ehr\mapper\TimeMapper.class]
2026-08-10 09:12:06 [restartedMain] DEBUG o.m.s.mapper.ClassPathMapperScanner - Identified candidate component class: file [D:\CJFS_20260324\05_SPRING_BOOT\WORKSPACE\sb10\target\classes\com\pcwk\ehr\mapper\UserMapper.class]
2026-08-10 09:12:06 [restartedMain] DEBUG o.m.s.mapper.ClassPathMapperScanner - Creating MapperFactoryBean with name 'timeMapper' and 'com.pcwk.ehr.mapper.TimeMapper' mapperInterface
2026-08-10 09:12:06 [restartedMain] DEBUG o.m.s.mapper.ClassPathMapperScanner - Creating MapperFactoryBean with name 'userMapper' and 'com.pcwk.ehr.mapper.UserMapper' mapperInterface
2026-08-10 09:12:07 [restartedMain] INFO  o.s.b.w.e.tomcat.TomcatWebServer - Tomcat initialized with port 8080 (http)
2026-08-10 09:12:07 [restartedMain] INFO  o.a.catalina.core.StandardService - Starting service [Tomcat]
2026-08-10 09:12:07 [restartedMain] INFO  o.a.catalina.core.StandardEngine - Starting Servlet engine: [Apache Tomcat/10.1.55]
2026-08-10 09:12:07 [restartedMain] INFO  o.a.c.c.C.[Tomcat].[localhost].[/] - Initializing Spring embedded WebApplicationContext
2026-08-10 09:12:07 [restartedMain] INFO  o.s.b.w.s.c.ServletWebServerApplicationContext - Root WebApplicationContext: initialization completed in 795 ms
2026-08-10 09:12:07 [restartedMain] DEBUG com.pcwk.ehr.cmn.AESCryptoUtil - ==============================
2026-08-10 09:12:07 [restartedMain] DEBUG com.pcwk.ehr.cmn.AESCryptoUtil - AESCryptoUtil.AESCryptoUtil()
2026-08-10 09:12:07 [restartedMain] DEBUG com.pcwk.ehr.cmn.AESCryptoUtil - ==============================
2026-08-10 09:12:07 [restartedMain] DEBUG c.p.e.c.DataSourceConfig$$SpringCGLIB$$0 - DataSouceConfig dataSource: HikariDataSource (null)
2026-08-10 09:12:07 [restartedMain] DEBUG o.m.spring.SqlSessionFactoryBean - Parsed mapper file: 'file [D:\CJFS_20260324\05_SPRING_BOOT\WORKSPACE\sb10\target\classes\mapper\time\TimeMapper.xml]'
2026-08-10 09:12:07 [restartedMain] DEBUG o.m.spring.SqlSessionFactoryBean - Parsed mapper file: 'file [D:\CJFS_20260324\05_SPRING_BOOT\WORKSPACE\sb10\target\classes\mapper\user\UserMapper.xml]'
2026-08-10 09:12:07 [restartedMain] DEBUG c.p.e.s.i.CustomerUserDetailsService - ======================================
2026-08-10 09:12:07 [restartedMain] DEBUG c.p.e.s.i.CustomerUserDetailsService - CustomerUserDetailsService()
2026-08-10 09:12:07 [restartedMain] DEBUG c.p.e.s.i.CustomerUserDetailsService - ======================================
2026-08-10 09:12:07 [restartedMain] DEBUG c.p.e.s.i.CustomerAuthenticationFailureHandler - ======================================
2026-08-10 09:12:07 [restartedMain] DEBUG c.p.e.s.i.CustomerAuthenticationFailureHandler - CustomerAuthenticationFailureHandler()
2026-08-10 09:12:07 [restartedMain] DEBUG c.p.e.s.i.CustomerAuthenticationFailureHandler - ======================================
2026-08-10 09:12:07 [restartedMain] DEBUG c.p.e.c.SecurityConfig$$SpringCGLIB$$0 - ┌──────────────────────────┐
2026-08-10 09:12:07 [restartedMain] DEBUG c.p.e.c.SecurityConfig$$SpringCGLIB$$0 - │SecrurityConfig()         │
2026-08-10 09:12:07 [restartedMain] DEBUG c.p.e.c.SecurityConfig$$SpringCGLIB$$0 - └──────────────────────────┘
2026-08-10 09:12:07 [restartedMain] DEBUG c.p.e.c.SecurityConfig$$SpringCGLIB$$0 - userDetailsService:com.pcwk.ehr.service.impl.CustomerUserDetailsService@3cf96319
2026-08-10 09:12:07 [restartedMain] DEBUG c.p.e.c.SecurityConfig$$SpringCGLIB$$0 - failureHandler:com.pcwk.ehr.service.impl.CustomerAuthenticationFailureHandler@71e69d48
2026-08-10 09:12:07 [restartedMain] DEBUG c.p.ehr.controller.BoardController - -----------------------
2026-08-10 09:12:07 [restartedMain] DEBUG c.p.ehr.controller.BoardController - -BoardController()-
2026-08-10 09:12:07 [restartedMain] DEBUG c.p.ehr.controller.BoardController - -----------------------
2026-08-10 09:12:07 [restartedMain] INFO  c.p.ehr.controller.HelloController - ===================
2026-08-10 09:12:07 [restartedMain] INFO  c.p.ehr.controller.HelloController - =HelloController1=
2026-08-10 09:12:07 [restartedMain] INFO  c.p.ehr.controller.HelloController - ===================
2026-08-10 09:12:07 [restartedMain] DEBUG c.p.ehr.controller.ThymeController - -----------------------
2026-08-10 09:12:07 [restartedMain] DEBUG c.p.ehr.controller.ThymeController - -ThymeController()-
2026-08-10 09:12:07 [restartedMain] DEBUG c.p.ehr.controller.ThymeController - -----------------------
2026-08-10 09:12:07 [restartedMain] DEBUG c.p.ehr.service.impl.UserServiceImpl - userMapper: org.apache.ibatis.binding.MapperProxy@9cb8ac6
2026-08-10 09:12:07 [restartedMain] DEBUG c.p.ehr.service.impl.UserServiceImpl - aesCryptoUtil: com.pcwk.ehr.cmn.AESCryptoUtil@10f95820
2026-08-10 09:12:07 [restartedMain] DEBUG c.p.ehr.service.impl.UserServiceImpl - passwordEncoder: org.springframework.security.crypto.bcrypt.BCryptPasswordEncoder@13d8e26a
2026-08-10 09:12:07 [restartedMain] DEBUG c.p.ehr.service.impl.UserServiceImpl - mailSender: org.springframework.mail.javamail.JavaMailSenderImpl@6a6e7c4b
2026-08-10 09:12:07 [restartedMain] TRACE o.s.t.a.AnnotationTransactionAttributeSource - Adding transactional method 'com.pcwk.ehr.service.impl.UserServiceImpl.doUpdate' with attribute: PROPAGATION_REQUIRED,ISOLATION_DEFAULT,-java.lang.Exception
2026-08-10 09:12:07 [restartedMain] TRACE o.s.t.a.AnnotationTransactionAttributeSource - Adding transactional method 'com.pcwk.ehr.service.impl.UserServiceImpl.doSave' with attribute: PROPAGATION_REQUIRED,ISOLATION_DEFAULT,-java.lang.Exception
2026-08-10 09:12:07 [restartedMain] TRACE o.s.t.a.AnnotationTransactionAttributeSource - Adding transactional method 'com.pcwk.ehr.service.impl.UserServiceImpl.doDelete' with attribute: PROPAGATION_REQUIRED,ISOLATION_DEFAULT,-java.lang.Exception
2026-08-10 09:12:07 [restartedMain] TRACE o.s.t.a.AnnotationTransactionAttributeSource - Adding transactional method 'com.pcwk.ehr.service.impl.UserServiceImpl.upgradeLevels' with attribute: PROPAGATION_REQUIRES_NEW,ISOLATION_SERIALIZABLE,-java.lang.Exception
2026-08-10 09:12:07 [restartedMain] INFO  o.s.b.a.w.s.WelcomePageHandlerMapping - Adding welcome page template: index
2026-08-10 09:12:07 [restartedMain] INFO  o.s.s.c.a.a.c.InitializeUserDetailsBeanManagerConfigurer$InitializeUserDetailsManagerConfigurer - Global AuthenticationManager configured with UserDetailsService bean with name customerUserDetailsService
2026-08-10 09:12:07 [restartedMain] DEBUG c.p.e.c.SecurityConfig$$SpringCGLIB$$0 - ┌──────────────────────────┐
2026-08-10 09:12:07 [restartedMain] DEBUG c.p.e.c.SecurityConfig$$SpringCGLIB$$0 - │filterChain()             │
2026-08-10 09:12:07 [restartedMain] DEBUG c.p.e.c.SecurityConfig$$SpringCGLIB$$0 - └──────────────────────────┘
2026-08-10 09:12:07 [restartedMain] DEBUG c.p.e.c.SecurityConfig$$SpringCGLIB$$0 - http:org.springframework.security.config.annotation.web.builders.HttpSecurity@466f0af4
2026-08-10 09:12:07 [restartedMain] DEBUG o.m.s.b.a.MybatisAutoConfiguration - Not found configuration for registering mapper bean using @MapperScan, MapperFactoryBean and MapperScannerConfigurer.
2026-08-10 09:12:07 [restartedMain] INFO  o.s.b.d.a.OptionalLiveReloadServer - LiveReload server is running on port 35729
2026-08-10 09:12:07 [restartedMain] INFO  o.s.b.w.e.tomcat.TomcatWebServer - Tomcat started on port 8080 (http) with context path '/'
2026-08-10 09:12:07 [restartedMain] INFO  com.pcwk.ehr.Sb04Application - Started Sb04Application in 1.825 seconds (process running for 2.214)
2026-08-10 09:12:20 [http-nio-8080-exec-1] INFO  o.a.c.c.C.[Tomcat].[localhost].[/] - Initializing Spring DispatcherServlet 'dispatcherServlet'
2026-08-10 09:12:20 [http-nio-8080-exec-1] INFO  o.s.web.servlet.DispatcherServlet - Initializing Servlet 'dispatcherServlet'
2026-08-10 09:12:20 [http-nio-8080-exec-1] INFO  o.s.web.servlet.DispatcherServlet - Completed initialization in 0 ms
2026-08-10 09:12:20 [http-nio-8080-exec-2] DEBUG c.p.ehr.controller.LoginController - -----------------------
2026-08-10 09:12:20 [http-nio-8080-exec-2] DEBUG c.p.ehr.controller.LoginController - -login()-
2026-08-10 09:12:20 [http-nio-8080-exec-2] DEBUG c.p.ehr.controller.LoginController - -----------------------
2026-08-10 09:12:22 [http-nio-8080-exec-5] DEBUG c.p.ehr.controller.LoginController - -----------------------
2026-08-10 09:12:22 [http-nio-8080-exec-5] DEBUG c.p.ehr.controller.LoginController - -login()-
2026-08-10 09:12:22 [http-nio-8080-exec-5] DEBUG c.p.ehr.controller.LoginController - -----------------------
2026-08-10 09:12:27 [http-nio-8080-exec-7] DEBUG c.p.e.s.i.CustomerUserDetailsService - ======================================
2026-08-10 09:12:27 [http-nio-8080-exec-7] DEBUG c.p.e.s.i.CustomerUserDetailsService - loadUserByUsername()
2026-08-10 09:12:27 [http-nio-8080-exec-7] DEBUG c.p.e.s.i.CustomerUserDetailsService - ======================================
2026-08-10 09:12:27 [http-nio-8080-exec-7] DEBUG c.p.e.s.i.CustomerUserDetailsService - 1.username: pcwk01
2026-08-10 09:12:27 [http-nio-8080-exec-7] DEBUG c.p.e.s.i.CustomerUserDetailsService - 2.param: UserVO [userId=pcwk01, name=null, password=null, login=0, recommend=0, email=null, grade=null, regDt=null, toString()=DTO [pageNo=0, pageSize=0, no=0, totalCnt=0, searchDiv=null, searchWord=null, searchMap={}, startNo=0, endNo=0, pre=false, next=false]]
2026-08-10 09:12:27 [http-nio-8080-exec-7] DEBUG org.mybatis.spring.SqlSessionUtils - Creating a new SqlSession
2026-08-10 09:12:27 [http-nio-8080-exec-7] DEBUG org.mybatis.spring.SqlSessionUtils - SqlSession [org.apache.ibatis.session.defaults.DefaultSqlSession@4c4767c2] was not registered for synchronization because synchronization is not active
2026-08-10 09:12:27 [http-nio-8080-exec-7] INFO  com.zaxxer.hikari.HikariDataSource - PCWK-HikariCP - Starting...
2026-08-10 09:12:27 [http-nio-8080-exec-7] WARN  c.z.hikari.util.DriverDataSource - Registered driver with driverClassName=oracle.jdbc.driver.OracleDriver was not found, trying direct instantiation.
2026-08-10 09:12:28 [http-nio-8080-exec-7] INFO  com.zaxxer.hikari.pool.HikariPool - PCWK-HikariCP - Added connection oracle.jdbc.driver.T4CConnection@612d31e4
2026-08-10 09:12:28 [http-nio-8080-exec-7] INFO  com.zaxxer.hikari.HikariDataSource - PCWK-HikariCP - Start completed.
2026-08-10 09:12:28 [http-nio-8080-exec-7] DEBUG o.m.s.t.SpringManagedTransaction - JDBC Connection [HikariProxyConnection@1446106467 wrapping oracle.jdbc.driver.T4CConnection@612d31e4] will not be managed by Spring
2026-08-10 09:12:28 [http-nio-8080-exec-7] DEBUG c.p.e.mapper.UserMapper.doSelectOne - ==>  Preparing: SELECT user_id, name, password, login, recommend, email, DECODE(grade,1,'BASIC' ,2,'SILVER' ,3,'GOLD' ) grade, TO_CHAR(reg_dt,'YYYY/MM/DD HH24:MI:SS') reg_dt FROM member WHERE user_id = ?
2026-08-10 09:12:28 [http-nio-8080-exec-7] DEBUG c.p.e.mapper.UserMapper.doSelectOne - ==> Parameters: pcwk01(String)
2026-08-10 09:12:28 [http-nio-8080-exec-7] DEBUG c.p.e.mapper.UserMapper.doSelectOne - <==      Total: 0
2026-08-10 09:12:28 [http-nio-8080-exec-7] DEBUG org.mybatis.spring.SqlSessionUtils - Closing non transactional SqlSession [org.apache.ibatis.session.defaults.DefaultSqlSession@4c4767c2]
2026-08-10 09:12:28 [http-nio-8080-exec-7] DEBUG c.p.e.s.i.CustomerUserDetailsService - 3.outVO: null
2026-08-10 09:12:29 [http-nio-8080-exec-7] DEBUG c.p.e.s.i.CustomerUserDetailsService - ======================================
2026-08-10 09:12:29 [http-nio-8080-exec-7] DEBUG c.p.e.s.i.CustomerUserDetailsService - loadUserByUsername()
2026-08-10 09:12:29 [http-nio-8080-exec-7] DEBUG c.p.e.s.i.CustomerUserDetailsService - ======================================
2026-08-10 09:12:29 [http-nio-8080-exec-7] DEBUG c.p.e.s.i.CustomerUserDetailsService - 1.username: pcwk01
2026-08-10 09:12:29 [http-nio-8080-exec-7] DEBUG c.p.e.s.i.CustomerUserDetailsService - 2.param: UserVO [userId=pcwk01, name=null, password=null, login=0, recommend=0, email=null, grade=null, regDt=null, toString()=DTO [pageNo=0, pageSize=0, no=0, totalCnt=0, searchDiv=null, searchWord=null, searchMap={}, startNo=0, endNo=0, pre=false, next=false]]
2026-08-10 09:12:29 [http-nio-8080-exec-7] DEBUG org.mybatis.spring.SqlSessionUtils - Creating a new SqlSession
2026-08-10 09:12:29 [http-nio-8080-exec-7] DEBUG org.mybatis.spring.SqlSessionUtils - SqlSession [org.apache.ibatis.session.defaults.DefaultSqlSession@6ed39f3d] was not registered for synchronization because synchronization is not active
2026-08-10 09:12:29 [http-nio-8080-exec-7] DEBUG o.m.s.t.SpringManagedTransaction - JDBC Connection [HikariProxyConnection@370880813 wrapping oracle.jdbc.driver.T4CConnection@612d31e4] will not be managed by Spring
2026-08-10 09:12:29 [http-nio-8080-exec-7] DEBUG c.p.e.mapper.UserMapper.doSelectOne - ==>  Preparing: SELECT user_id, name, password, login, recommend, email, DECODE(grade,1,'BASIC' ,2,'SILVER' ,3,'GOLD' ) grade, TO_CHAR(reg_dt,'YYYY/MM/DD HH24:MI:SS') reg_dt FROM member WHERE user_id = ?
2026-08-10 09:12:29 [http-nio-8080-exec-7] DEBUG c.p.e.mapper.UserMapper.doSelectOne - ==> Parameters: pcwk01(String)
2026-08-10 09:12:29 [http-nio-8080-exec-7] DEBUG c.p.e.mapper.UserMapper.doSelectOne - <==      Total: 0
2026-08-10 09:12:29 [http-nio-8080-exec-7] DEBUG org.mybatis.spring.SqlSessionUtils - Closing non transactional SqlSession [org.apache.ibatis.session.defaults.DefaultSqlSession@6ed39f3d]
2026-08-10 09:12:29 [http-nio-8080-exec-7] DEBUG c.p.e.s.i.CustomerUserDetailsService - 3.outVO: null
2026-08-10 09:12:29 [http-nio-8080-exec-7] DEBUG c.p.e.s.i.CustomerAuthenticationFailureHandler - ======================================
2026-08-10 09:12:29 [http-nio-8080-exec-7] DEBUG c.p.e.s.i.CustomerAuthenticationFailureHandler - onAuthenticationFailure()
2026-08-10 09:12:29 [http-nio-8080-exec-7] DEBUG c.p.e.s.i.CustomerAuthenticationFailureHandler - ======================================
2026-08-10 09:12:29 [http-nio-8080-exec-7] DEBUG c.p.e.s.i.CustomerAuthenticationFailureHandler - errorMessage:아이디 또는 비밀번호를 확인 하세요.
2026-08-10 09:12:29 [http-nio-8080-exec-7] DEBUG c.p.e.s.i.CustomerAuthenticationFailureHandler - url:/login/login?error=true&message=%EC%95%84%EC%9D%B4%EB%94%94+%EB%98%90%EB%8A%94+%EB%B9%84%EB%B0%80%EB%B2%88%ED%98%B8%EB%A5%BC+%ED%99%95%EC%9D%B8+%ED%95%98%EC%84%B8%EC%9A%94.
2026-08-10 09:12:29 [http-nio-8080-exec-9] DEBUG c.p.ehr.controller.LoginController - -----------------------
2026-08-10 09:12:29 [http-nio-8080-exec-9] DEBUG c.p.ehr.controller.LoginController - -login()-
2026-08-10 09:12:29 [http-nio-8080-exec-9] DEBUG c.p.ehr.controller.LoginController - -----------------------
2026-08-10 09:12:29 [http-nio-8080-exec-3] DEBUG c.p.ehr.controller.LoginController - -----------------------
2026-08-10 09:12:29 [http-nio-8080-exec-3] DEBUG c.p.ehr.controller.LoginController - -login()-
2026-08-10 09:12:29 [http-nio-8080-exec-3] DEBUG c.p.ehr.controller.LoginController - -----------------------
2026-08-10 09:12:33 [http-nio-8080-exec-10] DEBUG c.p.e.s.i.CustomerUserDetailsService - ======================================
2026-08-10 09:12:33 [http-nio-8080-exec-10] DEBUG c.p.e.s.i.CustomerUserDetailsService - loadUserByUsername()
2026-08-10 09:12:33 [http-nio-8080-exec-10] DEBUG c.p.e.s.i.CustomerUserDetailsService - ======================================
2026-08-10 09:12:33 [http-nio-8080-exec-10] DEBUG c.p.e.s.i.CustomerUserDetailsService - 1.username: pcwk01
2026-08-10 09:12:33 [http-nio-8080-exec-10] DEBUG c.p.e.s.i.CustomerUserDetailsService - 2.param: UserVO [userId=pcwk01, name=null, password=null, login=0, recommend=0, email=null, grade=null, regDt=null, toString()=DTO [pageNo=0, pageSize=0, no=0, totalCnt=0, searchDiv=null, searchWord=null, searchMap={}, startNo=0, endNo=0, pre=false, next=false]]
2026-08-10 09:12:33 [http-nio-8080-exec-10] DEBUG org.mybatis.spring.SqlSessionUtils - Creating a new SqlSession
2026-08-10 09:12:33 [http-nio-8080-exec-10] DEBUG org.mybatis.spring.SqlSessionUtils - SqlSession [org.apache.ibatis.session.defaults.DefaultSqlSession@7803480] was not registered for synchronization because synchronization is not active
2026-08-10 09:12:33 [http-nio-8080-exec-10] DEBUG o.m.s.t.SpringManagedTransaction - JDBC Connection [HikariProxyConnection@155699712 wrapping oracle.jdbc.driver.T4CConnection@612d31e4] will not be managed by Spring
2026-08-10 09:12:33 [http-nio-8080-exec-10] DEBUG c.p.e.mapper.UserMapper.doSelectOne - ==>  Preparing: SELECT user_id, name, password, login, recommend, email, DECODE(grade,1,'BASIC' ,2,'SILVER' ,3,'GOLD' ) grade, TO_CHAR(reg_dt,'YYYY/MM/DD HH24:MI:SS') reg_dt FROM member WHERE user_id = ?
2026-08-10 09:12:33 [http-nio-8080-exec-10] DEBUG c.p.e.mapper.UserMapper.doSelectOne - ==> Parameters: pcwk01(String)
2026-08-10 09:12:33 [http-nio-8080-exec-10] DEBUG c.p.e.mapper.UserMapper.doSelectOne - <==      Total: 0
2026-08-10 09:12:33 [http-nio-8080-exec-10] DEBUG org.mybatis.spring.SqlSessionUtils - Closing non transactional SqlSession [org.apache.ibatis.session.defaults.DefaultSqlSession@7803480]
2026-08-10 09:12:33 [http-nio-8080-exec-10] DEBUG c.p.e.s.i.CustomerUserDetailsService - 3.outVO: null
2026-08-10 09:12:34 [http-nio-8080-exec-10] DEBUG c.p.e.s.i.CustomerUserDetailsService - ======================================
2026-08-10 09:12:34 [http-nio-8080-exec-10] DEBUG c.p.e.s.i.CustomerUserDetailsService - loadUserByUsername()
2026-08-10 09:12:34 [http-nio-8080-exec-10] DEBUG c.p.e.s.i.CustomerUserDetailsService - ======================================
2026-08-10 09:12:34 [http-nio-8080-exec-10] DEBUG c.p.e.s.i.CustomerUserDetailsService - 1.username: pcwk01
2026-08-10 09:12:34 [http-nio-8080-exec-10] DEBUG c.p.e.s.i.CustomerUserDetailsService - 2.param: UserVO [userId=pcwk01, name=null, password=null, login=0, recommend=0, email=null, grade=null, regDt=null, toString()=DTO [pageNo=0, pageSize=0, no=0, totalCnt=0, searchDiv=null, searchWord=null, searchMap={}, startNo=0, endNo=0, pre=false, next=false]]
2026-08-10 09:12:34 [http-nio-8080-exec-10] DEBUG org.mybatis.spring.SqlSessionUtils - Creating a new SqlSession
2026-08-10 09:12:34 [http-nio-8080-exec-10] DEBUG org.mybatis.spring.SqlSessionUtils - SqlSession [org.apache.ibatis.session.defaults.DefaultSqlSession@487ac03b] was not registered for synchronization because synchronization is not active
2026-08-10 09:12:34 [http-nio-8080-exec-10] DEBUG o.m.s.t.SpringManagedTransaction - JDBC Connection [HikariProxyConnection@1314441600 wrapping oracle.jdbc.driver.T4CConnection@612d31e4] will not be managed by Spring
2026-08-10 09:12:34 [http-nio-8080-exec-10] DEBUG c.p.e.mapper.UserMapper.doSelectOne - ==>  Preparing: SELECT user_id, name, password, login, recommend, email, DECODE(grade,1,'BASIC' ,2,'SILVER' ,3,'GOLD' ) grade, TO_CHAR(reg_dt,'YYYY/MM/DD HH24:MI:SS') reg_dt FROM member WHERE user_id = ?
2026-08-10 09:12:34 [http-nio-8080-exec-10] DEBUG c.p.e.mapper.UserMapper.doSelectOne - ==> Parameters: pcwk01(String)
2026-08-10 09:12:34 [http-nio-8080-exec-10] DEBUG c.p.e.mapper.UserMapper.doSelectOne - <==      Total: 0
2026-08-10 09:12:34 [http-nio-8080-exec-10] DEBUG org.mybatis.spring.SqlSessionUtils - Closing non transactional SqlSession [org.apache.ibatis.session.defaults.DefaultSqlSession@487ac03b]
2026-08-10 09:12:34 [http-nio-8080-exec-10] DEBUG c.p.e.s.i.CustomerUserDetailsService - 3.outVO: null
2026-08-10 09:12:34 [http-nio-8080-exec-10] DEBUG c.p.e.s.i.CustomerAuthenticationFailureHandler - ======================================
2026-08-10 09:12:34 [http-nio-8080-exec-10] DEBUG c.p.e.s.i.CustomerAuthenticationFailureHandler - onAuthenticationFailure()
2026-08-10 09:12:34 [http-nio-8080-exec-10] DEBUG c.p.e.s.i.CustomerAuthenticationFailureHandler - ======================================
2026-08-10 09:12:34 [http-nio-8080-exec-10] DEBUG c.p.e.s.i.CustomerAuthenticationFailureHandler - errorMessage:아이디 또는 비밀번호를 확인 하세요.
2026-08-10 09:12:34 [http-nio-8080-exec-10] DEBUG c.p.e.s.i.CustomerAuthenticationFailureHandler - url:/login/login?error=true&message=%EC%95%84%EC%9D%B4%EB%94%94+%EB%98%90%EB%8A%94+%EB%B9%84%EB%B0%80%EB%B2%88%ED%98%B8%EB%A5%BC+%ED%99%95%EC%9D%B8+%ED%95%98%EC%84%B8%EC%9A%94.
2026-08-10 09:12:34 [http-nio-8080-exec-5] DEBUG c.p.ehr.controller.LoginController - -----------------------
2026-08-10 09:12:34 [http-nio-8080-exec-5] DEBUG c.p.ehr.controller.LoginController - -login()-
2026-08-10 09:12:34 [http-nio-8080-exec-5] DEBUG c.p.ehr.controller.LoginController - -----------------------
2026-08-10 09:12:34 [http-nio-8080-exec-1] DEBUG c.p.ehr.controller.LoginController - -----------------------
2026-08-10 09:12:34 [http-nio-8080-exec-1] DEBUG c.p.ehr.controller.LoginController - -login()-
2026-08-10 09:12:34 [http-nio-8080-exec-1] DEBUG c.p.ehr.controller.LoginController - -----------------------
2026-08-10 09:17:37 [main] INFO  c.pcwk.ehr.mapper.UserMapperDaoTest - Starting UserMapperDaoTest using Java 21.0.12 with PID 16812 (started by user in D:\CJFS_20260324\05_SPRING_BOOT\WORKSPACE\sb10)
2026-08-10 09:17:37 [main] DEBUG c.pcwk.ehr.mapper.UserMapperDaoTest - Running with Spring Boot v3.5.16, Spring v6.2.19
2026-08-10 09:17:37 [main] INFO  c.pcwk.ehr.mapper.UserMapperDaoTest - The following 1 profile is active: "app"
2026-08-10 09:17:38 [main] DEBUG o.m.s.b.a.MybatisAutoConfiguration - Searching for mappers annotated with @Mapper
2026-08-10 09:17:38 [main] DEBUG o.m.s.b.a.MybatisAutoConfiguration - Using auto-configuration base package 'com.pcwk.ehr'
2026-08-10 09:17:38 [main] DEBUG o.m.s.mapper.ClassPathMapperScanner - Identified candidate component class: file [D:\CJFS_20260324\05_SPRING_BOOT\WORKSPACE\sb10\target\classes\com\pcwk\ehr\mapper\TimeMapper.class]
2026-08-10 09:17:38 [main] DEBUG o.m.s.mapper.ClassPathMapperScanner - Identified candidate component class: file [D:\CJFS_20260324\05_SPRING_BOOT\WORKSPACE\sb10\target\classes\com\pcwk\ehr\mapper\UserMapper.class]
2026-08-10 09:17:38 [main] DEBUG o.m.s.mapper.ClassPathMapperScanner - Creating MapperFactoryBean with name 'timeMapper' and 'com.pcwk.ehr.mapper.TimeMapper' mapperInterface
2026-08-10 09:17:38 [main] DEBUG o.m.s.mapper.ClassPathMapperScanner - Creating MapperFactoryBean with name 'userMapper' and 'com.pcwk.ehr.mapper.UserMapper' mapperInterface
2026-08-10 09:17:38 [main] DEBUG com.pcwk.ehr.cmn.AESCryptoUtil - ==============================
2026-08-10 09:17:38 [main] DEBUG com.pcwk.ehr.cmn.AESCryptoUtil - AESCryptoUtil.AESCryptoUtil()
2026-08-10 09:17:38 [main] DEBUG com.pcwk.ehr.cmn.AESCryptoUtil - ==============================
2026-08-10 09:17:38 [main] DEBUG c.p.e.c.DataSourceConfig$$SpringCGLIB$$0 - DataSouceConfig dataSource: HikariDataSource (null)
2026-08-10 09:17:38 [main] DEBUG o.m.spring.SqlSessionFactoryBean - Parsed mapper file: 'file [D:\CJFS_20260324\05_SPRING_BOOT\WORKSPACE\sb10\target\classes\mapper\time\TimeMapper.xml]'
2026-08-10 09:17:38 [main] DEBUG o.m.spring.SqlSessionFactoryBean - Parsed mapper file: 'file [D:\CJFS_20260324\05_SPRING_BOOT\WORKSPACE\sb10\target\classes\mapper\user\UserMapper.xml]'
2026-08-10 09:17:38 [main] DEBUG c.p.e.s.i.CustomerUserDetailsService - ======================================
2026-08-10 09:17:38 [main] DEBUG c.p.e.s.i.CustomerUserDetailsService - CustomerUserDetailsService()
2026-08-10 09:17:38 [main] DEBUG c.p.e.s.i.CustomerUserDetailsService - ======================================
2026-08-10 09:17:38 [main] DEBUG c.p.e.s.i.CustomerAuthenticationFailureHandler - ======================================
2026-08-10 09:17:38 [main] DEBUG c.p.e.s.i.CustomerAuthenticationFailureHandler - CustomerAuthenticationFailureHandler()
2026-08-10 09:17:38 [main] DEBUG c.p.e.s.i.CustomerAuthenticationFailureHandler - ======================================
2026-08-10 09:17:38 [main] DEBUG c.p.e.c.SecurityConfig$$SpringCGLIB$$0 - ┌──────────────────────────┐
2026-08-10 09:17:38 [main] DEBUG c.p.e.c.SecurityConfig$$SpringCGLIB$$0 - │SecrurityConfig()         │
2026-08-10 09:17:38 [main] DEBUG c.p.e.c.SecurityConfig$$SpringCGLIB$$0 - └──────────────────────────┘
2026-08-10 09:17:38 [main] DEBUG c.p.e.c.SecurityConfig$$SpringCGLIB$$0 - userDetailsService:com.pcwk.ehr.service.impl.CustomerUserDetailsService@795f6681
2026-08-10 09:17:38 [main] DEBUG c.p.e.c.SecurityConfig$$SpringCGLIB$$0 - failureHandler:com.pcwk.ehr.service.impl.CustomerAuthenticationFailureHandler@66d3b881
2026-08-10 09:17:38 [main] DEBUG c.p.ehr.controller.BoardController - -----------------------
2026-08-10 09:17:38 [main] DEBUG c.p.ehr.controller.BoardController - -BoardController()-
2026-08-10 09:17:38 [main] DEBUG c.p.ehr.controller.BoardController - -----------------------
2026-08-10 09:17:38 [main] INFO  c.p.ehr.controller.HelloController - ===================
2026-08-10 09:17:38 [main] INFO  c.p.ehr.controller.HelloController - =HelloController1=
2026-08-10 09:17:38 [main] INFO  c.p.ehr.controller.HelloController - ===================
2026-08-10 09:17:38 [main] DEBUG c.p.ehr.controller.ThymeController - -----------------------
2026-08-10 09:17:38 [main] DEBUG c.p.ehr.controller.ThymeController - -ThymeController()-
2026-08-10 09:17:38 [main] DEBUG c.p.ehr.controller.ThymeController - -----------------------
2026-08-10 09:17:39 [main] DEBUG c.p.ehr.service.impl.UserServiceImpl - userMapper: org.apache.ibatis.binding.MapperProxy@44da7eb3
2026-08-10 09:17:39 [main] DEBUG c.p.ehr.service.impl.UserServiceImpl - aesCryptoUtil: com.pcwk.ehr.cmn.AESCryptoUtil@5e69cf07
2026-08-10 09:17:39 [main] DEBUG c.p.ehr.service.impl.UserServiceImpl - passwordEncoder: org.springframework.security.crypto.bcrypt.BCryptPasswordEncoder@3d512652
2026-08-10 09:17:39 [main] DEBUG c.p.ehr.service.impl.UserServiceImpl - mailSender: org.springframework.mail.javamail.JavaMailSenderImpl@2c2e3460
2026-08-10 09:17:39 [main] TRACE o.s.t.a.AnnotationTransactionAttributeSource - Adding transactional method 'com.pcwk.ehr.service.impl.UserServiceImpl.doSave' with attribute: PROPAGATION_REQUIRED,ISOLATION_DEFAULT,-java.lang.Exception
2026-08-10 09:17:39 [main] TRACE o.s.t.a.AnnotationTransactionAttributeSource - Adding transactional method 'com.pcwk.ehr.service.impl.UserServiceImpl.doUpdate' with attribute: PROPAGATION_REQUIRED,ISOLATION_DEFAULT,-java.lang.Exception
2026-08-10 09:17:39 [main] TRACE o.s.t.a.AnnotationTransactionAttributeSource - Adding transactional method 'com.pcwk.ehr.service.impl.UserServiceImpl.doDelete' with attribute: PROPAGATION_REQUIRED,ISOLATION_DEFAULT,-java.lang.Exception
2026-08-10 09:17:39 [main] TRACE o.s.t.a.AnnotationTransactionAttributeSource - Adding transactional method 'com.pcwk.ehr.service.impl.UserServiceImpl.upgradeLevels' with attribute: PROPAGATION_REQUIRES_NEW,ISOLATION_SERIALIZABLE,-java.lang.Exception
2026-08-10 09:17:39 [main] INFO  o.s.b.a.w.s.WelcomePageHandlerMapping - Adding welcome page template: index
2026-08-10 09:17:39 [main] INFO  o.s.s.c.a.a.c.InitializeUserDetailsBeanManagerConfigurer$InitializeUserDetailsManagerConfigurer - Global AuthenticationManager configured with UserDetailsService bean with name customerUserDetailsService
2026-08-10 09:17:39 [main] DEBUG c.p.e.c.SecurityConfig$$SpringCGLIB$$0 - ┌──────────────────────────┐
2026-08-10 09:17:39 [main] DEBUG c.p.e.c.SecurityConfig$$SpringCGLIB$$0 - │filterChain()             │
2026-08-10 09:17:39 [main] DEBUG c.p.e.c.SecurityConfig$$SpringCGLIB$$0 - └──────────────────────────┘
2026-08-10 09:17:39 [main] DEBUG c.p.e.c.SecurityConfig$$SpringCGLIB$$0 - http:org.springframework.security.config.annotation.web.builders.HttpSecurity@1d55dd21
2026-08-10 09:17:39 [main] DEBUG o.m.s.b.a.MybatisAutoConfiguration - Not found configuration for registering mapper bean using @MapperScan, MapperFactoryBean and MapperScannerConfigurer.
2026-08-10 09:17:39 [main] INFO  c.pcwk.ehr.mapper.UserMapperDaoTest - Started UserMapperDaoTest in 2.449 seconds (process running for 3.194)
2026-08-10 09:17:40 [main] DEBUG c.pcwk.ehr.mapper.UserMapperDaoTest - *****************************
2026-08-10 09:17:40 [main] DEBUG c.pcwk.ehr.mapper.UserMapperDaoTest - *@BeforeEach*
2026-08-10 09:17:40 [main] DEBUG c.pcwk.ehr.mapper.UserMapperDaoTest - *****************************
2026-08-10 09:17:41 [main] DEBUG c.pcwk.ehr.mapper.UserMapperDaoTest - user01: UserVO [userId=pcwk01, name=Q9/M7tWCdcex5ND3/bbM9w==, password=$2a$12$0UAcIzmBLaSNPtk9BQJNfuXjxv7lnoIfapY5ZKJionwJRNQEX2RHq, login=1, recommend=0, email=jamesol@naver.com, grade=BASIC, regDt=등록일_사용않함, toString()=DTO [pageNo=0, pageSize=0, no=0, totalCnt=0, searchDiv=null, searchWord=null, searchMap={}, startNo=0, endNo=0, pre=false, next=false]]
2026-08-10 09:17:41 [main] DEBUG c.pcwk.ehr.mapper.UserMapperDaoTest - user02: UserVO [userId=pcwk02, name=7GWX1WybAz01yT/pPVnSqQ==, password=$2a$12$pMVuNLFpQV5/pAyxfqXwIuneScv7dfJEwLBG/81Sx2QKYP9/t4rde, login=50, recommend=29, email=jamesol@naver.com, grade=SILVER, regDt=등록일_사용않함, toString()=DTO [pageNo=0, pageSize=0, no=0, totalCnt=0, searchDiv=null, searchWord=null, searchMap={}, startNo=0, endNo=0, pre=false, next=false]]
2026-08-10 09:17:41 [main] DEBUG c.pcwk.ehr.mapper.UserMapperDaoTest - user03: UserVO [userId=pcwk03, name=N0nM2fyVIkZXqLrITucw/A==, password=$2a$12$FPjnvl5karDpW69u.Dz7aOqcECnYWTqBPVeZGZylUobJC.lfI3UKq, login=51, recommend=31, email=jamesol@naver.com, grade=GOLD, regDt=등록일_사용않함, toString()=DTO [pageNo=0, pageSize=0, no=0, totalCnt=0, searchDiv=null, searchWord=null, searchMap={}, startNo=0, endNo=0, pre=false, next=false]]
2026-08-10 09:17:41 [main] DEBUG c.pcwk.ehr.mapper.UserMapperDaoTest - ---------------------------
2026-08-10 09:17:41 [main] DEBUG c.pcwk.ehr.mapper.UserMapperDaoTest - *doRetrieve()*
2026-08-10 09:17:41 [main] DEBUG c.pcwk.ehr.mapper.UserMapperDaoTest - ---------------------------
2026-08-10 09:17:41 [main] DEBUG org.mybatis.spring.SqlSessionUtils - Creating a new SqlSession
2026-08-10 09:17:41 [main] DEBUG org.mybatis.spring.SqlSessionUtils - SqlSession [org.apache.ibatis.session.defaults.DefaultSqlSession@54530644] was not registered for synchronization because synchronization is not active
2026-08-10 09:17:41 [main] INFO  com.zaxxer.hikari.HikariDataSource - PCWK-HikariCP - Starting...
2026-08-10 09:17:41 [main] WARN  c.z.hikari.util.DriverDataSource - Registered driver with driverClassName=oracle.jdbc.driver.OracleDriver was not found, trying direct instantiation.
2026-08-10 09:17:41 [main] INFO  com.zaxxer.hikari.pool.HikariPool - PCWK-HikariCP - Added connection oracle.jdbc.driver.T4CConnection@747e8659
2026-08-10 09:17:41 [main] INFO  com.zaxxer.hikari.HikariDataSource - PCWK-HikariCP - Start completed.
2026-08-10 09:17:41 [main] DEBUG o.m.s.t.SpringManagedTransaction - JDBC Connection [HikariProxyConnection@685917795 wrapping oracle.jdbc.driver.T4CConnection@747e8659] will not be managed by Spring
2026-08-10 09:17:41 [main] DEBUG c.p.ehr.mapper.UserMapper.deleteAll - ==>  Preparing: DELETE FROM member
2026-08-10 09:17:41 [main] DEBUG c.p.ehr.mapper.UserMapper.deleteAll - ==> Parameters: 
2026-08-10 09:17:41 [main] DEBUG c.p.ehr.mapper.UserMapper.deleteAll - <==    Updates: 1002
2026-08-10 09:17:41 [main] DEBUG org.mybatis.spring.SqlSessionUtils - Closing non transactional SqlSession [org.apache.ibatis.session.defaults.DefaultSqlSession@54530644]
2026-08-10 09:17:41 [main] DEBUG org.mybatis.spring.SqlSessionUtils - Creating a new SqlSession
2026-08-10 09:17:41 [main] DEBUG org.mybatis.spring.SqlSessionUtils - SqlSession [org.apache.ibatis.session.defaults.DefaultSqlSession@25fcdcc6] was not registered for synchronization because synchronization is not active
2026-08-10 09:17:41 [main] DEBUG o.m.s.t.SpringManagedTransaction - JDBC Connection [HikariProxyConnection@1593794124 wrapping oracle.jdbc.driver.T4CConnection@747e8659] will not be managed by Spring
2026-08-10 09:17:41 [main] DEBUG c.p.ehr.mapper.UserMapper.totalCnt - ==>  Preparing: SELECT COUNT(*) AS total_cnt FROM member
2026-08-10 09:17:41 [main] DEBUG c.p.ehr.mapper.UserMapper.totalCnt - ==> Parameters: 
2026-08-10 09:17:41 [main] DEBUG c.p.ehr.mapper.UserMapper.totalCnt - <==      Total: 1
2026-08-10 09:17:41 [main] DEBUG org.mybatis.spring.SqlSessionUtils - Closing non transactional SqlSession [org.apache.ibatis.session.defaults.DefaultSqlSession@25fcdcc6]
2026-08-10 09:17:41 [main] DEBUG org.mybatis.spring.SqlSessionUtils - Creating a new SqlSession
2026-08-10 09:17:41 [main] DEBUG org.mybatis.spring.SqlSessionUtils - SqlSession [org.apache.ibatis.session.defaults.DefaultSqlSession@2041c9a3] was not registered for synchronization because synchronization is not active
2026-08-10 09:17:41 [main] DEBUG o.m.s.t.SpringManagedTransaction - JDBC Connection [HikariProxyConnection@920869086 wrapping oracle.jdbc.driver.T4CConnection@747e8659] will not be managed by Spring
2026-08-10 09:17:41 [main] DEBUG c.pcwk.ehr.mapper.UserMapper.saveAll - ==>  Preparing: INSERT INTO member SELECT 'pcwk'|| LEVEL AS user_id, 'Q9/M7tWCdcex5ND3/bbM9w==' AS name, '$2a$12$HBp2ySacblGeTBWYnXCyeu49zWneNkNwg1Nx4YiN0Mea5PoGt1wSi' AS passowrd, level AS login, MOD(level,50) AS recommand, 'jamesol'||level||'@naver.com' AS email, MOD(level,3)+1 AS grade, SYSDATE - LEVEL/60 AS reg_dt FROM dual CONNECT BY LEVEL <= ?
2026-08-10 09:17:41 [main] DEBUG c.pcwk.ehr.mapper.UserMapper.saveAll - ==> Parameters: 1002(Integer)
2026-08-10 09:17:41 [main] DEBUG c.pcwk.ehr.mapper.UserMapper.saveAll - <==    Updates: 1002
2026-08-10 09:17:41 [main] DEBUG org.mybatis.spring.SqlSessionUtils - Closing non transactional SqlSession [org.apache.ibatis.session.defaults.DefaultSqlSession@2041c9a3]
2026-08-10 09:17:41 [main] DEBUG org.mybatis.spring.SqlSessionUtils - Creating a new SqlSession
2026-08-10 09:17:41 [main] DEBUG org.mybatis.spring.SqlSessionUtils - SqlSession [org.apache.ibatis.session.defaults.DefaultSqlSession@ecb8b3e] was not registered for synchronization because synchronization is not active
2026-08-10 09:17:41 [main] DEBUG o.m.s.t.SpringManagedTransaction - JDBC Connection [HikariProxyConnection@2121682524 wrapping oracle.jdbc.driver.T4CConnection@747e8659] will not be managed by Spring
2026-08-10 09:17:41 [main] DEBUG c.p.ehr.mapper.UserMapper.totalCnt - ==>  Preparing: SELECT COUNT(*) AS total_cnt FROM member
2026-08-10 09:17:41 [main] DEBUG c.p.ehr.mapper.UserMapper.totalCnt - ==> Parameters: 
2026-08-10 09:17:41 [main] DEBUG c.p.ehr.mapper.UserMapper.totalCnt - <==      Total: 1
2026-08-10 09:17:41 [main] DEBUG org.mybatis.spring.SqlSessionUtils - Closing non transactional SqlSession [org.apache.ibatis.session.defaults.DefaultSqlSession@ecb8b3e]
2026-08-10 09:17:41 [main] DEBUG org.mybatis.spring.SqlSessionUtils - Creating a new SqlSession
2026-08-10 09:17:41 [main] DEBUG org.mybatis.spring.SqlSessionUtils - SqlSession [org.apache.ibatis.session.defaults.DefaultSqlSession@5bed0ff4] was not registered for synchronization because synchronization is not active
2026-08-10 09:17:41 [main] DEBUG o.m.s.t.SpringManagedTransaction - JDBC Connection [HikariProxyConnection@1013314273 wrapping oracle.jdbc.driver.T4CConnection@747e8659] will not be managed by Spring
2026-08-10 09:17:41 [main] DEBUG c.p.ehr.mapper.UserMapper.doRetrieve - ==>  Preparing: SELECT A.*,B.* FROM( SELECT tt1.rnum no, tt1.user_id, tt1.name, tt1.password, tt1.login, tt1.recommend, tt1.email, DECODE(tt1.grade,1,'BASIC',2,'SILVER',3,'GOLD') grade, TO_CHAR(tt1.reg_dt,'YYYY/MM/DD') reg_dt FROM( SELECT ROWNUM rnum, t1.* FROM ( SELECT * FROM member WHERE user_id LIKE ? || '%' ORDER BY reg_dt DESC )t1 WHERE ROWNUM <= ( ? * (? -1 ) + ? ) )tt1 WHERE rnum >= ( ? * (? -1 ) + 1 ) ) A CROSS JOIN ( SELECT COUNT(*) total_cnt FROM member WHERE user_id LIKE ? || '%' ) B
2026-08-10 09:17:41 [main] DEBUG c.p.ehr.mapper.UserMapper.doRetrieve - ==> Parameters: pcwk1(String), 10(Integer), 2(Integer), 10(Integer), 10(Integer), 2(Integer), pcwk1(String)
2026-08-10 09:17:41 [main] DEBUG c.p.ehr.mapper.UserMapper.doRetrieve - <==      Total: 10
2026-08-10 09:17:41 [main] DEBUG org.mybatis.spring.SqlSessionUtils - Closing non transactional SqlSession [org.apache.ibatis.session.defaults.DefaultSqlSession@5bed0ff4]
2026-08-10 09:17:41 [main] DEBUG c.pcwk.ehr.mapper.UserMapperDaoTest - UserVO [userId=pcwk19, name=이상무01, password=$2a$12$HBp2ySacblGeTBWYnXCyeu49zWneNkNwg1Nx4YiN0Mea5PoGt1wSi, login=19, recommend=19, email=jamesol19@naver.com, grade=SILVER, regDt=2026/08/10, toString()=DTO [pageNo=0, pageSize=0, no=11, totalCnt=114, searchDiv=null, searchWord=null, searchMap={}, startNo=0, endNo=0, pre=false, next=false]]
2026-08-10 09:17:41 [main] DEBUG c.pcwk.ehr.mapper.UserMapperDaoTest - UserVO [userId=pcwk100, name=이상무01, password=$2a$12$HBp2ySacblGeTBWYnXCyeu49zWneNkNwg1Nx4YiN0Mea5PoGt1wSi, login=100, recommend=0, email=jamesol100@naver.com, grade=SILVER, regDt=2026/08/08, toString()=DTO [pageNo=0, pageSize=0, no=12, totalCnt=114, searchDiv=null, searchWord=null, searchMap={}, startNo=0, endNo=0, pre=false, next=false]]
2026-08-10 09:17:41 [main] DEBUG c.pcwk.ehr.mapper.UserMapperDaoTest - UserVO [userId=pcwk101, name=이상무01, password=$2a$12$HBp2ySacblGeTBWYnXCyeu49zWneNkNwg1Nx4YiN0Mea5PoGt1wSi, login=101, recommend=1, email=jamesol101@naver.com, grade=GOLD, regDt=2026/08/08, toString()=DTO [pageNo=0, pageSize=0, no=13, totalCnt=114, searchDiv=null, searchWord=null, searchMap={}, startNo=0, endNo=0, pre=false, next=false]]
2026-08-10 09:17:41 [main] DEBUG c.pcwk.ehr.mapper.UserMapperDaoTest - UserVO [userId=pcwk102, name=이상무01, password=$2a$12$HBp2ySacblGeTBWYnXCyeu49zWneNkNwg1Nx4YiN0Mea5PoGt1wSi, login=102, recommend=2, email=jamesol102@naver.com, grade=BASIC, regDt=2026/08/08, toString()=DTO [pageNo=0, pageSize=0, no=14, totalCnt=114, searchDiv=null, searchWord=null, searchMap={}, startNo=0, endNo=0, pre=false, next=false]]
2026-08-10 09:17:41 [main] DEBUG c.pcwk.ehr.mapper.UserMapperDaoTest - UserVO [userId=pcwk103, name=이상무01, password=$2a$12$HBp2ySacblGeTBWYnXCyeu49zWneNkNwg1Nx4YiN0Mea5PoGt1wSi, login=103, recommend=3, email=jamesol103@naver.com, grade=SILVER, regDt=2026/08/08, toString()=DTO [pageNo=0, pageSize=0, no=15, totalCnt=114, searchDiv=null, searchWord=null, searchMap={}, startNo=0, endNo=0, pre=false, next=false]]
2026-08-10 09:17:41 [main] DEBUG c.pcwk.ehr.mapper.UserMapperDaoTest - UserVO [userId=pcwk104, name=이상무01, password=$2a$12$HBp2ySacblGeTBWYnXCyeu49zWneNkNwg1Nx4YiN0Mea5PoGt1wSi, login=104, recommend=4, email=jamesol104@naver.com, grade=GOLD, regDt=2026/08/08, toString()=DTO [pageNo=0, pageSize=0, no=16, totalCnt=114, searchDiv=null, searchWord=null, searchMap={}, startNo=0, endNo=0, pre=false, next=false]]
2026-08-10 09:17:41 [main] DEBUG c.pcwk.ehr.mapper.UserMapperDaoTest - UserVO [userId=pcwk105, name=이상무01, password=$2a$12$HBp2ySacblGeTBWYnXCyeu49zWneNkNwg1Nx4YiN0Mea5PoGt1wSi, login=105, recommend=5, email=jamesol105@naver.com, grade=BASIC, regDt=2026/08/08, toString()=DTO [pageNo=0, pageSize=0, no=17, totalCnt=114, searchDiv=null, searchWord=null, searchMap={}, startNo=0, endNo=0, pre=false, next=false]]
2026-08-10 09:17:41 [main] DEBUG c.pcwk.ehr.mapper.UserMapperDaoTest - UserVO [userId=pcwk106, name=이상무01, password=$2a$12$HBp2ySacblGeTBWYnXCyeu49zWneNkNwg1Nx4YiN0Mea5PoGt1wSi, login=106, recommend=6, email=jamesol106@naver.com, grade=SILVER, regDt=2026/08/08, toString()=DTO [pageNo=0, pageSize=0, no=18, totalCnt=114, searchDiv=null, searchWord=null, searchMap={}, startNo=0, endNo=0, pre=false, next=false]]
2026-08-10 09:17:41 [main] DEBUG c.pcwk.ehr.mapper.UserMapperDaoTest - UserVO [userId=pcwk107, name=이상무01, password=$2a$12$HBp2ySacblGeTBWYnXCyeu49zWneNkNwg1Nx4YiN0Mea5PoGt1wSi, login=107, recommend=7, email=jamesol107@naver.com, grade=GOLD, regDt=2026/08/08, toString()=DTO [pageNo=0, pageSize=0, no=19, totalCnt=114, searchDiv=null, searchWord=null, searchMap={}, startNo=0, endNo=0, pre=false, next=false]]
2026-08-10 09:17:41 [main] DEBUG c.pcwk.ehr.mapper.UserMapperDaoTest - UserVO [userId=pcwk108, name=이상무01, password=$2a$12$HBp2ySacblGeTBWYnXCyeu49zWneNkNwg1Nx4YiN0Mea5PoGt1wSi, login=108, recommend=8, email=jamesol108@naver.com, grade=BASIC, regDt=2026/08/08, toString()=DTO [pageNo=0, pageSize=0, no=20, totalCnt=114, searchDiv=null, searchWord=null, searchMap={}, startNo=0, endNo=0, pre=false, next=false]]
2026-08-10 09:17:41 [SpringApplicationShutdownHook] INFO  com.zaxxer.hikari.HikariDataSource - PCWK-HikariCP - Shutdown initiated...
2026-08-10 09:17:41 [SpringApplicationShutdownHook] INFO  com.zaxxer.hikari.HikariDataSource - PCWK-HikariCP - Shutdown completed.
2026-08-10 09:19:04 [http-nio-8080-exec-9] DEBUG c.p.ehr.controller.LoginController - -----------------------
2026-08-10 09:19:04 [http-nio-8080-exec-9] DEBUG c.p.ehr.controller.LoginController - -login()-
2026-08-10 09:19:04 [http-nio-8080-exec-9] DEBUG c.p.ehr.controller.LoginController - -----------------------
2026-08-10 09:19:04 [http-nio-8080-exec-10] DEBUG c.p.ehr.controller.LoginController - -----------------------
2026-08-10 09:19:04 [http-nio-8080-exec-10] DEBUG c.p.ehr.controller.LoginController - -login()-
2026-08-10 09:19:04 [http-nio-8080-exec-10] DEBUG c.p.ehr.controller.LoginController - -----------------------
2026-08-10 09:19:09 [http-nio-8080-exec-3] DEBUG c.p.ehr.controller.LoginController - -----------------------
2026-08-10 09:19:09 [http-nio-8080-exec-3] DEBUG c.p.ehr.controller.LoginController - -login()-
2026-08-10 09:19:09 [http-nio-8080-exec-3] DEBUG c.p.ehr.controller.LoginController - -----------------------
2026-08-10 09:19:09 [http-nio-8080-exec-8] DEBUG c.p.ehr.controller.LoginController - -----------------------
2026-08-10 09:19:09 [http-nio-8080-exec-8] DEBUG c.p.ehr.controller.LoginController - -login()-
2026-08-10 09:19:09 [http-nio-8080-exec-8] DEBUG c.p.ehr.controller.LoginController - -----------------------
2026-08-10 09:19:10 [http-nio-8080-exec-2] DEBUG c.p.ehr.controller.LoginController - -----------------------
2026-08-10 09:19:10 [http-nio-8080-exec-2] DEBUG c.p.ehr.controller.LoginController - -login()-
2026-08-10 09:19:10 [http-nio-8080-exec-2] DEBUG c.p.ehr.controller.LoginController - -----------------------
2026-08-10 09:19:10 [http-nio-8080-exec-6] DEBUG c.p.ehr.controller.LoginController - -----------------------
2026-08-10 09:19:10 [http-nio-8080-exec-6] DEBUG c.p.ehr.controller.LoginController - -login()-
2026-08-10 09:19:10 [http-nio-8080-exec-6] DEBUG c.p.ehr.controller.LoginController - -----------------------
2026-08-10 09:19:11 [http-nio-8080-exec-4] DEBUG c.p.ehr.controller.LoginController - -----------------------
2026-08-10 09:19:11 [http-nio-8080-exec-4] DEBUG c.p.ehr.controller.LoginController - -login()-
2026-08-10 09:19:11 [http-nio-8080-exec-4] DEBUG c.p.ehr.controller.LoginController - -----------------------
2026-08-10 09:19:17 [RMI TCP Connection(16)-127.0.0.1] INFO  o.s.b.a.SpringApplicationAdminMXBeanRegistrar$SpringApplicationAdmin - Application shutdown requested.
2026-08-10 09:19:17 [RMI TCP Connection(16)-127.0.0.1] INFO  o.s.b.w.e.tomcat.GracefulShutdown - Commencing graceful shutdown. Waiting for active requests to complete
2026-08-10 09:19:17 [tomcat-shutdown] INFO  o.s.b.w.e.tomcat.GracefulShutdown - Graceful shutdown complete
2026-08-10 09:19:17 [RMI TCP Connection(16)-127.0.0.1] INFO  com.zaxxer.hikari.HikariDataSource - PCWK-HikariCP - Shutdown initiated...
2026-08-10 09:19:17 [RMI TCP Connection(16)-127.0.0.1] INFO  com.zaxxer.hikari.HikariDataSource - PCWK-HikariCP - Shutdown completed.
2026-08-10 09:19:24 [restartedMain] INFO  com.pcwk.ehr.Sb04Application - Starting Sb04Application using Java 21.0.12 with PID 27336 (D:\CJFS_20260324\05_SPRING_BOOT\WORKSPACE\sb10\target\classes started by user in D:\CJFS_20260324\05_SPRING_BOOT\WORKSPACE\sb10)
2026-08-10 09:19:24 [restartedMain] DEBUG com.pcwk.ehr.Sb04Application - Running with Spring Boot v3.5.16, Spring v6.2.19
2026-08-10 09:19:24 [restartedMain] INFO  com.pcwk.ehr.Sb04Application - The following 1 profile is active: "app"
2026-08-10 09:19:24 [restartedMain] INFO  o.s.b.d.restart.ChangeableUrls - The Class-Path manifest attribute in C:\Users\user\.m2\repository\com\oracle\database\jdbc\ojdbc11\23.7.0.25.01\ojdbc11-23.7.0.25.01.jar referenced one or more files that do not exist: file:/C:/Users/user/.m2/repository/com/oracle/database/jdbc/ojdbc11/23.7.0.25.01/oraclepki.jar
2026-08-10 09:19:24 [restartedMain] INFO  o.s.b.d.e.DevToolsPropertyDefaultsPostProcessor - Devtools property defaults active! Set 'spring.devtools.add-properties' to 'false' to disable
2026-08-10 09:19:24 [restartedMain] INFO  o.s.b.d.e.DevToolsPropertyDefaultsPostProcessor - For additional web related logging consider setting the 'logging.level.web' property to 'DEBUG'
2026-08-10 09:19:25 [restartedMain] DEBUG o.m.s.b.a.MybatisAutoConfiguration - Searching for mappers annotated with @Mapper
2026-08-10 09:19:25 [restartedMain] DEBUG o.m.s.b.a.MybatisAutoConfiguration - Using auto-configuration base package 'com.pcwk.ehr'
2026-08-10 09:19:25 [restartedMain] DEBUG o.m.s.mapper.ClassPathMapperScanner - Identified candidate component class: file [D:\CJFS_20260324\05_SPRING_BOOT\WORKSPACE\sb10\target\classes\com\pcwk\ehr\mapper\TimeMapper.class]
2026-08-10 09:19:25 [restartedMain] DEBUG o.m.s.mapper.ClassPathMapperScanner - Identified candidate component class: file [D:\CJFS_20260324\05_SPRING_BOOT\WORKSPACE\sb10\target\classes\com\pcwk\ehr\mapper\UserMapper.class]
2026-08-10 09:19:25 [restartedMain] DEBUG o.m.s.mapper.ClassPathMapperScanner - Creating MapperFactoryBean with name 'timeMapper' and 'com.pcwk.ehr.mapper.TimeMapper' mapperInterface
2026-08-10 09:19:25 [restartedMain] DEBUG o.m.s.mapper.ClassPathMapperScanner - Creating MapperFactoryBean with name 'userMapper' and 'com.pcwk.ehr.mapper.UserMapper' mapperInterface
2026-08-10 09:19:25 [restartedMain] INFO  o.s.b.w.e.tomcat.TomcatWebServer - Tomcat initialized with port 8080 (http)
2026-08-10 09:19:25 [restartedMain] INFO  o.a.catalina.core.StandardService - Starting service [Tomcat]
2026-08-10 09:19:25 [restartedMain] INFO  o.a.catalina.core.StandardEngine - Starting Servlet engine: [Apache Tomcat/10.1.55]
2026-08-10 09:19:25 [restartedMain] INFO  o.a.c.c.C.[Tomcat].[localhost].[/] - Initializing Spring embedded WebApplicationContext
2026-08-10 09:19:25 [restartedMain] INFO  o.s.b.w.s.c.ServletWebServerApplicationContext - Root WebApplicationContext: initialization completed in 687 ms
2026-08-10 09:19:25 [restartedMain] DEBUG com.pcwk.ehr.cmn.AESCryptoUtil - ==============================
2026-08-10 09:19:25 [restartedMain] DEBUG com.pcwk.ehr.cmn.AESCryptoUtil - AESCryptoUtil.AESCryptoUtil()
2026-08-10 09:19:25 [restartedMain] DEBUG com.pcwk.ehr.cmn.AESCryptoUtil - ==============================
2026-08-10 09:19:25 [restartedMain] DEBUG c.p.e.c.DataSourceConfig$$SpringCGLIB$$0 - DataSouceConfig dataSource: HikariDataSource (null)
2026-08-10 09:19:25 [restartedMain] DEBUG o.m.spring.SqlSessionFactoryBean - Parsed mapper file: 'file [D:\CJFS_20260324\05_SPRING_BOOT\WORKSPACE\sb10\target\classes\mapper\time\TimeMapper.xml]'
2026-08-10 09:19:25 [restartedMain] DEBUG o.m.spring.SqlSessionFactoryBean - Parsed mapper file: 'file [D:\CJFS_20260324\05_SPRING_BOOT\WORKSPACE\sb10\target\classes\mapper\user\UserMapper.xml]'
2026-08-10 09:19:25 [restartedMain] DEBUG c.p.e.s.i.CustomerUserDetailsService - ======================================
2026-08-10 09:19:25 [restartedMain] DEBUG c.p.e.s.i.CustomerUserDetailsService - CustomerUserDetailsService()
2026-08-10 09:19:25 [restartedMain] DEBUG c.p.e.s.i.CustomerUserDetailsService - ======================================
2026-08-10 09:19:25 [restartedMain] DEBUG c.p.e.s.i.CustomerAuthenticationFailureHandler - ======================================
2026-08-10 09:19:25 [restartedMain] DEBUG c.p.e.s.i.CustomerAuthenticationFailureHandler - CustomerAuthenticationFailureHandler()
2026-08-10 09:19:25 [restartedMain] DEBUG c.p.e.s.i.CustomerAuthenticationFailureHandler - ======================================
2026-08-10 09:19:25 [restartedMain] DEBUG c.p.e.c.SecurityConfig$$SpringCGLIB$$0 - ┌──────────────────────────┐
2026-08-10 09:19:25 [restartedMain] DEBUG c.p.e.c.SecurityConfig$$SpringCGLIB$$0 - │SecrurityConfig()         │
2026-08-10 09:19:25 [restartedMain] DEBUG c.p.e.c.SecurityConfig$$SpringCGLIB$$0 - └──────────────────────────┘
2026-08-10 09:19:25 [restartedMain] DEBUG c.p.e.c.SecurityConfig$$SpringCGLIB$$0 - userDetailsService:com.pcwk.ehr.service.impl.CustomerUserDetailsService@7c2b1b86
2026-08-10 09:19:25 [restartedMain] DEBUG c.p.e.c.SecurityConfig$$SpringCGLIB$$0 - failureHandler:com.pcwk.ehr.service.impl.CustomerAuthenticationFailureHandler@2fafad5d
2026-08-10 09:19:25 [restartedMain] DEBUG c.p.ehr.controller.BoardController - -----------------------
2026-08-10 09:19:25 [restartedMain] DEBUG c.p.ehr.controller.BoardController - -BoardController()-
2026-08-10 09:19:25 [restartedMain] DEBUG c.p.ehr.controller.BoardController - -----------------------
2026-08-10 09:19:25 [restartedMain] INFO  c.p.ehr.controller.HelloController - ===================
2026-08-10 09:19:25 [restartedMain] INFO  c.p.ehr.controller.HelloController - =HelloController1=
2026-08-10 09:19:25 [restartedMain] INFO  c.p.ehr.controller.HelloController - ===================
2026-08-10 09:19:25 [restartedMain] DEBUG c.p.ehr.controller.ThymeController - -----------------------
2026-08-10 09:19:25 [restartedMain] DEBUG c.p.ehr.controller.ThymeController - -ThymeController()-
2026-08-10 09:19:25 [restartedMain] DEBUG c.p.ehr.controller.ThymeController - -----------------------
2026-08-10 09:19:25 [restartedMain] DEBUG c.p.ehr.service.impl.UserServiceImpl - userMapper: org.apache.ibatis.binding.MapperProxy@62a4f8b2
2026-08-10 09:19:25 [restartedMain] DEBUG c.p.ehr.service.impl.UserServiceImpl - aesCryptoUtil: com.pcwk.ehr.cmn.AESCryptoUtil@4575935e
2026-08-10 09:19:25 [restartedMain] DEBUG c.p.ehr.service.impl.UserServiceImpl - passwordEncoder: org.springframework.security.crypto.bcrypt.BCryptPasswordEncoder@ce0fe36
2026-08-10 09:19:25 [restartedMain] DEBUG c.p.ehr.service.impl.UserServiceImpl - mailSender: org.springframework.mail.javamail.JavaMailSenderImpl@5b9f32d2
2026-08-10 09:19:25 [restartedMain] TRACE o.s.t.a.AnnotationTransactionAttributeSource - Adding transactional method 'com.pcwk.ehr.service.impl.UserServiceImpl.upgradeLevels' with attribute: PROPAGATION_REQUIRES_NEW,ISOLATION_SERIALIZABLE,-java.lang.Exception
2026-08-10 09:19:25 [restartedMain] TRACE o.s.t.a.AnnotationTransactionAttributeSource - Adding transactional method 'com.pcwk.ehr.service.impl.UserServiceImpl.doDelete' with attribute: PROPAGATION_REQUIRED,ISOLATION_DEFAULT,-java.lang.Exception
2026-08-10 09:19:25 [restartedMain] TRACE o.s.t.a.AnnotationTransactionAttributeSource - Adding transactional method 'com.pcwk.ehr.service.impl.UserServiceImpl.doSave' with attribute: PROPAGATION_REQUIRED,ISOLATION_DEFAULT,-java.lang.Exception
2026-08-10 09:19:25 [restartedMain] TRACE o.s.t.a.AnnotationTransactionAttributeSource - Adding transactional method 'com.pcwk.ehr.service.impl.UserServiceImpl.doUpdate' with attribute: PROPAGATION_REQUIRED,ISOLATION_DEFAULT,-java.lang.Exception
2026-08-10 09:19:25 [restartedMain] INFO  o.s.b.a.w.s.WelcomePageHandlerMapping - Adding welcome page template: index
2026-08-10 09:19:25 [restartedMain] INFO  o.s.s.c.a.a.c.InitializeUserDetailsBeanManagerConfigurer$InitializeUserDetailsManagerConfigurer - Global AuthenticationManager configured with UserDetailsService bean with name customerUserDetailsService
2026-08-10 09:19:25 [restartedMain] DEBUG c.p.e.c.SecurityConfig$$SpringCGLIB$$0 - ┌──────────────────────────┐
2026-08-10 09:19:25 [restartedMain] DEBUG c.p.e.c.SecurityConfig$$SpringCGLIB$$0 - │filterChain()             │
2026-08-10 09:19:25 [restartedMain] DEBUG c.p.e.c.SecurityConfig$$SpringCGLIB$$0 - └──────────────────────────┘
2026-08-10 09:19:25 [restartedMain] DEBUG c.p.e.c.SecurityConfig$$SpringCGLIB$$0 - http:org.springframework.security.config.annotation.web.builders.HttpSecurity@5a81e6
2026-08-10 09:19:26 [restartedMain] DEBUG o.m.s.b.a.MybatisAutoConfiguration - Not found configuration for registering mapper bean using @MapperScan, MapperFactoryBean and MapperScannerConfigurer.
2026-08-10 09:19:26 [restartedMain] INFO  o.s.b.d.a.OptionalLiveReloadServer - LiveReload server is running on port 35729
2026-08-10 09:19:26 [restartedMain] INFO  o.s.b.w.e.tomcat.TomcatWebServer - Tomcat started on port 8080 (http) with context path '/'
2026-08-10 09:19:26 [restartedMain] INFO  com.pcwk.ehr.Sb04Application - Started Sb04Application in 1.672 seconds (process running for 2.047)
2026-08-10 09:19:34 [http-nio-8080-exec-1] INFO  o.a.c.c.C.[Tomcat].[localhost].[/] - Initializing Spring DispatcherServlet 'dispatcherServlet'
2026-08-10 09:19:34 [http-nio-8080-exec-1] INFO  o.s.web.servlet.DispatcherServlet - Initializing Servlet 'dispatcherServlet'
2026-08-10 09:19:34 [http-nio-8080-exec-1] INFO  o.s.web.servlet.DispatcherServlet - Completed initialization in 0 ms
2026-08-10 09:19:34 [http-nio-8080-exec-2] DEBUG c.p.ehr.controller.LoginController - -----------------------
2026-08-10 09:19:34 [http-nio-8080-exec-2] DEBUG c.p.ehr.controller.LoginController - -login()-
2026-08-10 09:19:34 [http-nio-8080-exec-2] DEBUG c.p.ehr.controller.LoginController - -----------------------
2026-08-10 09:19:36 [http-nio-8080-exec-9] DEBUG c.p.ehr.controller.LoginController - -----------------------
2026-08-10 09:19:36 [http-nio-8080-exec-9] DEBUG c.p.ehr.controller.LoginController - -login()-
2026-08-10 09:19:36 [http-nio-8080-exec-9] DEBUG c.p.ehr.controller.LoginController - -----------------------
2026-08-10 09:19:39 [http-nio-8080-exec-8] DEBUG c.p.e.s.i.CustomerUserDetailsService - ======================================
2026-08-10 09:19:39 [http-nio-8080-exec-8] DEBUG c.p.e.s.i.CustomerUserDetailsService - loadUserByUsername()
2026-08-10 09:19:39 [http-nio-8080-exec-8] DEBUG c.p.e.s.i.CustomerUserDetailsService - ======================================
2026-08-10 09:19:39 [http-nio-8080-exec-8] DEBUG c.p.e.s.i.CustomerUserDetailsService - 1.username: pcwk01
2026-08-10 09:19:39 [http-nio-8080-exec-8] DEBUG c.p.e.s.i.CustomerUserDetailsService - 2.param: UserVO [userId=pcwk01, name=null, password=null, login=0, recommend=0, email=null, grade=null, regDt=null, toString()=DTO [pageNo=0, pageSize=0, no=0, totalCnt=0, searchDiv=null, searchWord=null, searchMap={}, startNo=0, endNo=0, pre=false, next=false]]
2026-08-10 09:19:40 [http-nio-8080-exec-8] DEBUG org.mybatis.spring.SqlSessionUtils - Creating a new SqlSession
2026-08-10 09:19:40 [http-nio-8080-exec-8] DEBUG org.mybatis.spring.SqlSessionUtils - SqlSession [org.apache.ibatis.session.defaults.DefaultSqlSession@2f57213c] was not registered for synchronization because synchronization is not active
2026-08-10 09:19:40 [http-nio-8080-exec-8] INFO  com.zaxxer.hikari.HikariDataSource - PCWK-HikariCP - Starting...
2026-08-10 09:19:40 [http-nio-8080-exec-8] WARN  c.z.hikari.util.DriverDataSource - Registered driver with driverClassName=oracle.jdbc.driver.OracleDriver was not found, trying direct instantiation.
2026-08-10 09:19:40 [http-nio-8080-exec-8] INFO  com.zaxxer.hikari.pool.HikariPool - PCWK-HikariCP - Added connection oracle.jdbc.driver.T4CConnection@34b6691e
2026-08-10 09:19:40 [http-nio-8080-exec-8] INFO  com.zaxxer.hikari.HikariDataSource - PCWK-HikariCP - Start completed.
2026-08-10 09:19:40 [http-nio-8080-exec-8] DEBUG o.m.s.t.SpringManagedTransaction - JDBC Connection [HikariProxyConnection@225418764 wrapping oracle.jdbc.driver.T4CConnection@34b6691e] will not be managed by Spring
2026-08-10 09:19:40 [http-nio-8080-exec-8] DEBUG c.p.e.mapper.UserMapper.doSelectOne - ==>  Preparing: SELECT user_id, name, password, login, recommend, email, DECODE(grade,1,'BASIC' ,2,'SILVER' ,3,'GOLD' ) grade, TO_CHAR(reg_dt,'YYYY/MM/DD HH24:MI:SS') reg_dt FROM member WHERE user_id = ?
2026-08-10 09:19:40 [http-nio-8080-exec-8] DEBUG c.p.e.mapper.UserMapper.doSelectOne - ==> Parameters: pcwk01(String)
2026-08-10 09:19:40 [http-nio-8080-exec-8] DEBUG c.p.e.mapper.UserMapper.doSelectOne - <==      Total: 0
2026-08-10 09:19:40 [http-nio-8080-exec-8] DEBUG org.mybatis.spring.SqlSessionUtils - Closing non transactional SqlSession [org.apache.ibatis.session.defaults.DefaultSqlSession@2f57213c]
2026-08-10 09:19:40 [http-nio-8080-exec-8] DEBUG c.p.e.s.i.CustomerUserDetailsService - 3.outVO: null
2026-08-10 09:19:41 [http-nio-8080-exec-8] DEBUG c.p.e.s.i.CustomerUserDetailsService - ======================================
2026-08-10 09:19:41 [http-nio-8080-exec-8] DEBUG c.p.e.s.i.CustomerUserDetailsService - loadUserByUsername()
2026-08-10 09:19:41 [http-nio-8080-exec-8] DEBUG c.p.e.s.i.CustomerUserDetailsService - ======================================
2026-08-10 09:19:41 [http-nio-8080-exec-8] DEBUG c.p.e.s.i.CustomerUserDetailsService - 1.username: pcwk01
2026-08-10 09:19:41 [http-nio-8080-exec-8] DEBUG c.p.e.s.i.CustomerUserDetailsService - 2.param: UserVO [userId=pcwk01, name=null, password=null, login=0, recommend=0, email=null, grade=null, regDt=null, toString()=DTO [pageNo=0, pageSize=0, no=0, totalCnt=0, searchDiv=null, searchWord=null, searchMap={}, startNo=0, endNo=0, pre=false, next=false]]
2026-08-10 09:19:41 [http-nio-8080-exec-8] DEBUG org.mybatis.spring.SqlSessionUtils - Creating a new SqlSession
2026-08-10 09:19:41 [http-nio-8080-exec-8] DEBUG org.mybatis.spring.SqlSessionUtils - SqlSession [org.apache.ibatis.session.defaults.DefaultSqlSession@35e8f1aa] was not registered for synchronization because synchronization is not active
2026-08-10 09:19:41 [http-nio-8080-exec-8] DEBUG o.m.s.t.SpringManagedTransaction - JDBC Connection [HikariProxyConnection@179847361 wrapping oracle.jdbc.driver.T4CConnection@34b6691e] will not be managed by Spring
2026-08-10 09:19:41 [http-nio-8080-exec-8] DEBUG c.p.e.mapper.UserMapper.doSelectOne - ==>  Preparing: SELECT user_id, name, password, login, recommend, email, DECODE(grade,1,'BASIC' ,2,'SILVER' ,3,'GOLD' ) grade, TO_CHAR(reg_dt,'YYYY/MM/DD HH24:MI:SS') reg_dt FROM member WHERE user_id = ?
2026-08-10 09:19:41 [http-nio-8080-exec-8] DEBUG c.p.e.mapper.UserMapper.doSelectOne - ==> Parameters: pcwk01(String)
2026-08-10 09:19:41 [http-nio-8080-exec-8] DEBUG c.p.e.mapper.UserMapper.doSelectOne - <==      Total: 0
2026-08-10 09:19:41 [http-nio-8080-exec-8] DEBUG org.mybatis.spring.SqlSessionUtils - Closing non transactional SqlSession [org.apache.ibatis.session.defaults.DefaultSqlSession@35e8f1aa]
2026-08-10 09:19:41 [http-nio-8080-exec-8] DEBUG c.p.e.s.i.CustomerUserDetailsService - 3.outVO: null
2026-08-10 09:19:41 [http-nio-8080-exec-8] DEBUG c.p.e.s.i.CustomerAuthenticationFailureHandler - ======================================
2026-08-10 09:19:41 [http-nio-8080-exec-8] DEBUG c.p.e.s.i.CustomerAuthenticationFailureHandler - onAuthenticationFailure()
2026-08-10 09:19:41 [http-nio-8080-exec-8] DEBUG c.p.e.s.i.CustomerAuthenticationFailureHandler - ======================================
2026-08-10 09:19:41 [http-nio-8080-exec-8] DEBUG c.p.e.s.i.CustomerAuthenticationFailureHandler - errorMessage:아이디 또는 비밀번호를 확인 하세요.
2026-08-10 09:19:41 [http-nio-8080-exec-8] DEBUG c.p.e.s.i.CustomerAuthenticationFailureHandler - url:/login/login?error=true&message=%EC%95%84%EC%9D%B4%EB%94%94+%EB%98%90%EB%8A%94+%EB%B9%84%EB%B0%80%EB%B2%88%ED%98%B8%EB%A5%BC+%ED%99%95%EC%9D%B8+%ED%95%98%EC%84%B8%EC%9A%94.
2026-08-10 09:19:41 [http-nio-8080-exec-10] DEBUG c.p.ehr.controller.LoginController - -----------------------
2026-08-10 09:19:41 [http-nio-8080-exec-10] DEBUG c.p.ehr.controller.LoginController - -login()-
2026-08-10 09:19:41 [http-nio-8080-exec-10] DEBUG c.p.ehr.controller.LoginController - -----------------------
2026-08-10 09:19:41 [http-nio-8080-exec-3] DEBUG c.p.ehr.controller.LoginController - -----------------------
2026-08-10 09:19:41 [http-nio-8080-exec-3] DEBUG c.p.ehr.controller.LoginController - -login()-
2026-08-10 09:19:41 [http-nio-8080-exec-3] DEBUG c.p.ehr.controller.LoginController - -----------------------
2026-08-10 09:19:45 [http-nio-8080-exec-7] DEBUG c.p.e.s.i.CustomerUserDetailsService - ======================================
2026-08-10 09:19:45 [http-nio-8080-exec-7] DEBUG c.p.e.s.i.CustomerUserDetailsService - loadUserByUsername()
2026-08-10 09:19:45 [http-nio-8080-exec-7] DEBUG c.p.e.s.i.CustomerUserDetailsService - ======================================
2026-08-10 09:19:45 [http-nio-8080-exec-7] DEBUG c.p.e.s.i.CustomerUserDetailsService - 1.username: pcwk1
2026-08-10 09:19:45 [http-nio-8080-exec-7] DEBUG c.p.e.s.i.CustomerUserDetailsService - 2.param: UserVO [userId=pcwk1, name=null, password=null, login=0, recommend=0, email=null, grade=null, regDt=null, toString()=DTO [pageNo=0, pageSize=0, no=0, totalCnt=0, searchDiv=null, searchWord=null, searchMap={}, startNo=0, endNo=0, pre=false, next=false]]
2026-08-10 09:19:45 [http-nio-8080-exec-7] DEBUG org.mybatis.spring.SqlSessionUtils - Creating a new SqlSession
2026-08-10 09:19:45 [http-nio-8080-exec-7] DEBUG org.mybatis.spring.SqlSessionUtils - SqlSession [org.apache.ibatis.session.defaults.DefaultSqlSession@3d7ff23a] was not registered for synchronization because synchronization is not active
2026-08-10 09:19:45 [http-nio-8080-exec-7] DEBUG o.m.s.t.SpringManagedTransaction - JDBC Connection [HikariProxyConnection@867703781 wrapping oracle.jdbc.driver.T4CConnection@34b6691e] will not be managed by Spring
2026-08-10 09:19:45 [http-nio-8080-exec-7] DEBUG c.p.e.mapper.UserMapper.doSelectOne - ==>  Preparing: SELECT user_id, name, password, login, recommend, email, DECODE(grade,1,'BASIC' ,2,'SILVER' ,3,'GOLD' ) grade, TO_CHAR(reg_dt,'YYYY/MM/DD HH24:MI:SS') reg_dt FROM member WHERE user_id = ?
2026-08-10 09:19:45 [http-nio-8080-exec-7] DEBUG c.p.e.mapper.UserMapper.doSelectOne - ==> Parameters: pcwk1(String)
2026-08-10 09:19:45 [http-nio-8080-exec-7] DEBUG c.p.e.mapper.UserMapper.doSelectOne - <==      Total: 1
2026-08-10 09:19:45 [http-nio-8080-exec-7] DEBUG org.mybatis.spring.SqlSessionUtils - Closing non transactional SqlSession [org.apache.ibatis.session.defaults.DefaultSqlSession@3d7ff23a]
2026-08-10 09:19:45 [http-nio-8080-exec-7] DEBUG c.p.e.s.i.CustomerUserDetailsService - 3.outVO: UserVO [userId=pcwk1, name=Q9/M7tWCdcex5ND3/bbM9w==, password=$2a$12$HBp2ySacblGeTBWYnXCyeu49zWneNkNwg1Nx4YiN0Mea5PoGt1wSi, login=1, recommend=1, email=jamesol1@naver.com, grade=SILVER, regDt=2026/08/10 08:53:41, toString()=DTO [pageNo=0, pageSize=0, no=0, totalCnt=0, searchDiv=null, searchWord=null, searchMap={}, startNo=0, endNo=0, pre=false, next=false]]
2026-08-10 09:19:45 [http-nio-8080-exec-7] DEBUG c.p.e.service.impl.CustomUserDetails - ======================================
2026-08-10 09:19:45 [http-nio-8080-exec-7] DEBUG c.p.e.service.impl.CustomUserDetails - CustomUserDetails()
2026-08-10 09:19:45 [http-nio-8080-exec-7] DEBUG c.p.e.service.impl.CustomUserDetails - ======================================
2026-08-10 09:19:45 [http-nio-8080-exec-7] DEBUG c.p.e.service.impl.CustomUserDetails - ======================================
2026-08-10 09:19:45 [http-nio-8080-exec-7] DEBUG c.p.e.service.impl.CustomUserDetails - getAuthorities()
2026-08-10 09:19:45 [http-nio-8080-exec-7] DEBUG c.p.e.service.impl.CustomUserDetails - ======================================
2026-08-10 09:19:45 [http-nio-8080-exec-9] DEBUG c.pcwk.ehr.controller.MainController - ==============================
2026-08-10 09:19:45 [http-nio-8080-exec-9] DEBUG c.pcwk.ehr.controller.MainController - index()
2026-08-10 09:19:45 [http-nio-8080-exec-9] DEBUG c.pcwk.ehr.controller.MainController - ==============================
2026-08-10 09:19:45 [http-nio-8080-exec-9] DEBUG c.pcwk.ehr.controller.MainController - user:com.pcwk.ehr.service.impl.CustomUserDetails@227f5026
2026-08-10 09:19:45 [http-nio-8080-exec-9] DEBUG c.p.e.service.impl.CustomUserDetails - ======================================
2026-08-10 09:19:45 [http-nio-8080-exec-9] DEBUG c.p.e.service.impl.CustomUserDetails - getUsername()
2026-08-10 09:19:45 [http-nio-8080-exec-9] DEBUG c.p.e.service.impl.CustomUserDetails - ======================================
2026-08-10 09:19:45 [http-nio-8080-exec-9] DEBUG c.pcwk.ehr.controller.MainController - user.getUsername():pcwk1
2026-08-10 09:19:45 [http-nio-8080-exec-9] DEBUG c.p.e.service.impl.CustomUserDetails - ======================================
2026-08-10 09:19:45 [http-nio-8080-exec-9] DEBUG c.p.e.service.impl.CustomUserDetails - getUsername()
2026-08-10 09:19:45 [http-nio-8080-exec-9] DEBUG c.p.e.service.impl.CustomUserDetails - ======================================
2026-08-10 09:19:45 [http-nio-8080-exec-9] DEBUG c.p.e.service.impl.CustomUserDetails - ======================================
2026-08-10 09:19:45 [http-nio-8080-exec-9] DEBUG c.p.e.service.impl.CustomUserDetails - getUsername()
2026-08-10 09:19:45 [http-nio-8080-exec-9] DEBUG c.p.e.service.impl.CustomUserDetails - ======================================
2026-08-10 09:19:45 [http-nio-8080-exec-10] DEBUG c.p.e.service.impl.CustomUserDetails - ======================================
2026-08-10 09:19:45 [http-nio-8080-exec-10] DEBUG c.p.e.service.impl.CustomUserDetails - getUsername()
2026-08-10 09:19:45 [http-nio-8080-exec-10] DEBUG c.p.e.service.impl.CustomUserDetails - ======================================
2026-08-10 09:19:45 [http-nio-8080-exec-2] DEBUG c.p.e.service.impl.CustomUserDetails - ======================================
2026-08-10 09:19:45 [http-nio-8080-exec-2] DEBUG c.p.e.service.impl.CustomUserDetails - getUsername()
2026-08-10 09:19:45 [http-nio-8080-exec-2] DEBUG c.p.e.service.impl.CustomUserDetails - ======================================
2026-08-10 09:19:45 [http-nio-8080-exec-4] DEBUG c.p.e.service.impl.CustomUserDetails - ======================================
2026-08-10 09:19:45 [http-nio-8080-exec-4] DEBUG c.p.e.service.impl.CustomUserDetails - getUsername()
2026-08-10 09:19:45 [http-nio-8080-exec-4] DEBUG c.p.e.service.impl.CustomUserDetails - ======================================
2026-08-10 09:19:45 [http-nio-8080-exec-8] DEBUG c.p.e.service.impl.CustomUserDetails - ======================================
2026-08-10 09:19:45 [http-nio-8080-exec-8] DEBUG c.p.e.service.impl.CustomUserDetails - getUsername()
2026-08-10 09:19:45 [http-nio-8080-exec-8] DEBUG c.p.e.service.impl.CustomUserDetails - ======================================
2026-08-10 09:19:45 [http-nio-8080-exec-1] DEBUG c.p.e.service.impl.CustomUserDetails - ======================================
2026-08-10 09:19:45 [http-nio-8080-exec-1] DEBUG c.p.e.service.impl.CustomUserDetails - getUsername()
2026-08-10 09:19:45 [http-nio-8080-exec-1] DEBUG c.p.e.service.impl.CustomUserDetails - ======================================
2026-08-10 09:19:45 [http-nio-8080-exec-1] DEBUG c.p.e.service.impl.CustomUserDetails - ======================================
2026-08-10 09:19:45 [http-nio-8080-exec-1] DEBUG c.p.e.service.impl.CustomUserDetails - getUsername()
2026-08-10 09:19:45 [http-nio-8080-exec-1] DEBUG c.p.e.service.impl.CustomUserDetails - ======================================
2026-08-10 09:19:54 [http-nio-8080-exec-5] DEBUG c.p.ehr.controller.LoginController - -----------------------
2026-08-10 09:19:54 [http-nio-8080-exec-5] DEBUG c.p.ehr.controller.LoginController - -login()-
2026-08-10 09:19:54 [http-nio-8080-exec-5] DEBUG c.p.ehr.controller.LoginController - -----------------------
2026-08-10 09:19:58 [http-nio-8080-exec-6] DEBUG c.p.e.s.i.CustomerUserDetailsService - ======================================
2026-08-10 09:19:58 [http-nio-8080-exec-6] DEBUG c.p.e.s.i.CustomerUserDetailsService - loadUserByUsername()
2026-08-10 09:19:58 [http-nio-8080-exec-6] DEBUG c.p.e.s.i.CustomerUserDetailsService - ======================================
2026-08-10 09:19:58 [http-nio-8080-exec-6] DEBUG c.p.e.s.i.CustomerUserDetailsService - 1.username: pcwk1
2026-08-10 09:19:58 [http-nio-8080-exec-6] DEBUG c.p.e.s.i.CustomerUserDetailsService - 2.param: UserVO [userId=pcwk1, name=null, password=null, login=0, recommend=0, email=null, grade=null, regDt=null, toString()=DTO [pageNo=0, pageSize=0, no=0, totalCnt=0, searchDiv=null, searchWord=null, searchMap={}, startNo=0, endNo=0, pre=false, next=false]]
2026-08-10 09:19:58 [http-nio-8080-exec-6] DEBUG org.mybatis.spring.SqlSessionUtils - Creating a new SqlSession
2026-08-10 09:19:58 [http-nio-8080-exec-6] DEBUG org.mybatis.spring.SqlSessionUtils - SqlSession [org.apache.ibatis.session.defaults.DefaultSqlSession@2e3821fd] was not registered for synchronization because synchronization is not active
2026-08-10 09:19:58 [http-nio-8080-exec-6] DEBUG o.m.s.t.SpringManagedTransaction - JDBC Connection [HikariProxyConnection@1138140278 wrapping oracle.jdbc.driver.T4CConnection@34b6691e] will not be managed by Spring
2026-08-10 09:19:58 [http-nio-8080-exec-6] DEBUG c.p.e.mapper.UserMapper.doSelectOne - ==>  Preparing: SELECT user_id, name, password, login, recommend, email, DECODE(grade,1,'BASIC' ,2,'SILVER' ,3,'GOLD' ) grade, TO_CHAR(reg_dt,'YYYY/MM/DD HH24:MI:SS') reg_dt FROM member WHERE user_id = ?
2026-08-10 09:19:58 [http-nio-8080-exec-6] DEBUG c.p.e.mapper.UserMapper.doSelectOne - ==> Parameters: pcwk1(String)
2026-08-10 09:19:58 [http-nio-8080-exec-6] DEBUG c.p.e.mapper.UserMapper.doSelectOne - <==      Total: 1
2026-08-10 09:19:58 [http-nio-8080-exec-6] DEBUG org.mybatis.spring.SqlSessionUtils - Closing non transactional SqlSession [org.apache.ibatis.session.defaults.DefaultSqlSession@2e3821fd]
2026-08-10 09:19:58 [http-nio-8080-exec-6] DEBUG c.p.e.s.i.CustomerUserDetailsService - 3.outVO: UserVO [userId=pcwk1, name=Q9/M7tWCdcex5ND3/bbM9w==, password=$2a$12$HBp2ySacblGeTBWYnXCyeu49zWneNkNwg1Nx4YiN0Mea5PoGt1wSi, login=1, recommend=1, email=jamesol1@naver.com, grade=SILVER, regDt=2026/08/10 08:53:41, toString()=DTO [pageNo=0, pageSize=0, no=0, totalCnt=0, searchDiv=null, searchWord=null, searchMap={}, startNo=0, endNo=0, pre=false, next=false]]
2026-08-10 09:19:58 [http-nio-8080-exec-6] DEBUG c.p.e.service.impl.CustomUserDetails - ======================================
2026-08-10 09:19:58 [http-nio-8080-exec-6] DEBUG c.p.e.service.impl.CustomUserDetails - CustomUserDetails()
2026-08-10 09:19:58 [http-nio-8080-exec-6] DEBUG c.p.e.service.impl.CustomUserDetails - ======================================
2026-08-10 09:19:59 [http-nio-8080-exec-6] DEBUG c.p.e.service.impl.CustomUserDetails - ======================================
2026-08-10 09:19:59 [http-nio-8080-exec-6] DEBUG c.p.e.service.impl.CustomUserDetails - getAuthorities()
2026-08-10 09:19:59 [http-nio-8080-exec-6] DEBUG c.p.e.service.impl.CustomUserDetails - ======================================
2026-08-10 09:19:59 [http-nio-8080-exec-5] DEBUG c.pcwk.ehr.controller.MainController - ==============================
2026-08-10 09:19:59 [http-nio-8080-exec-5] DEBUG c.pcwk.ehr.controller.MainController - index()
2026-08-10 09:19:59 [http-nio-8080-exec-5] DEBUG c.pcwk.ehr.controller.MainController - ==============================
2026-08-10 09:19:59 [http-nio-8080-exec-5] DEBUG c.pcwk.ehr.controller.MainController - user:com.pcwk.ehr.service.impl.CustomUserDetails@33dceec1
2026-08-10 09:19:59 [http-nio-8080-exec-5] DEBUG c.p.e.service.impl.CustomUserDetails - ======================================
2026-08-10 09:19:59 [http-nio-8080-exec-5] DEBUG c.p.e.service.impl.CustomUserDetails - getUsername()
2026-08-10 09:19:59 [http-nio-8080-exec-5] DEBUG c.p.e.service.impl.CustomUserDetails - ======================================
2026-08-10 09:19:59 [http-nio-8080-exec-5] DEBUG c.pcwk.ehr.controller.MainController - user.getUsername():pcwk1
2026-08-10 09:19:59 [http-nio-8080-exec-5] DEBUG c.p.e.service.impl.CustomUserDetails - ======================================
2026-08-10 09:19:59 [http-nio-8080-exec-5] DEBUG c.p.e.service.impl.CustomUserDetails - getUsername()
2026-08-10 09:19:59 [http-nio-8080-exec-5] DEBUG c.p.e.service.impl.CustomUserDetails - ======================================
2026-08-10 09:19:59 [http-nio-8080-exec-5] DEBUG c.p.e.service.impl.CustomUserDetails - ======================================
2026-08-10 09:19:59 [http-nio-8080-exec-5] DEBUG c.p.e.service.impl.CustomUserDetails - getUsername()
2026-08-10 09:19:59 [http-nio-8080-exec-5] DEBUG c.p.e.service.impl.CustomUserDetails - ======================================
2026-08-10 09:19:59 [http-nio-8080-exec-9] DEBUG c.p.e.service.impl.CustomUserDetails - ======================================
2026-08-10 09:19:59 [http-nio-8080-exec-9] DEBUG c.p.e.service.impl.CustomUserDetails - getUsername()
2026-08-10 09:19:59 [http-nio-8080-exec-9] DEBUG c.p.e.service.impl.CustomUserDetails - ======================================
2026-08-10 09:19:59 [http-nio-8080-exec-3] DEBUG c.p.e.service.impl.CustomUserDetails - ======================================
2026-08-10 09:19:59 [http-nio-8080-exec-3] DEBUG c.p.e.service.impl.CustomUserDetails - getUsername()
2026-08-10 09:19:59 [http-nio-8080-exec-3] DEBUG c.p.e.service.impl.CustomUserDetails - ======================================
2026-08-10 09:19:59 [http-nio-8080-exec-7] DEBUG c.p.e.service.impl.CustomUserDetails - ======================================
2026-08-10 09:19:59 [http-nio-8080-exec-7] DEBUG c.p.e.service.impl.CustomUserDetails - getUsername()
2026-08-10 09:19:59 [http-nio-8080-exec-7] DEBUG c.p.e.service.impl.CustomUserDetails - ======================================
2026-08-10 09:19:59 [http-nio-8080-exec-10] DEBUG c.p.e.service.impl.CustomUserDetails - ======================================
2026-08-10 09:19:59 [http-nio-8080-exec-10] DEBUG c.p.e.service.impl.CustomUserDetails - getUsername()
2026-08-10 09:19:59 [http-nio-8080-exec-10] DEBUG c.p.e.service.impl.CustomUserDetails - ======================================
2026-08-10 09:20:26 [http-nio-8080-exec-1] DEBUG c.pcwk.ehr.controller.MainController - ==============================
2026-08-10 09:20:26 [http-nio-8080-exec-1] DEBUG c.pcwk.ehr.controller.MainController - index()
2026-08-10 09:20:26 [http-nio-8080-exec-1] DEBUG c.pcwk.ehr.controller.MainController - ==============================
2026-08-10 09:20:26 [http-nio-8080-exec-1] DEBUG c.pcwk.ehr.controller.MainController - user:com.pcwk.ehr.service.impl.CustomUserDetails@33dceec1
2026-08-10 09:20:26 [http-nio-8080-exec-1] DEBUG c.p.e.service.impl.CustomUserDetails - ======================================
2026-08-10 09:20:26 [http-nio-8080-exec-1] DEBUG c.p.e.service.impl.CustomUserDetails - getUsername()
2026-08-10 09:20:26 [http-nio-8080-exec-1] DEBUG c.p.e.service.impl.CustomUserDetails - ======================================
2026-08-10 09:20:26 [http-nio-8080-exec-1] DEBUG c.pcwk.ehr.controller.MainController - user.getUsername():pcwk1
2026-08-10 09:20:26 [http-nio-8080-exec-1] DEBUG c.p.e.service.impl.CustomUserDetails - ======================================
2026-08-10 09:20:26 [http-nio-8080-exec-1] DEBUG c.p.e.service.impl.CustomUserDetails - getUsername()
2026-08-10 09:20:26 [http-nio-8080-exec-1] DEBUG c.p.e.service.impl.CustomUserDetails - ======================================
2026-08-10 09:20:26 [http-nio-8080-exec-1] DEBUG c.p.e.service.impl.CustomUserDetails - ======================================
2026-08-10 09:20:26 [http-nio-8080-exec-1] DEBUG c.p.e.service.impl.CustomUserDetails - getUsername()
2026-08-10 09:20:26 [http-nio-8080-exec-1] DEBUG c.p.e.service.impl.CustomUserDetails - ======================================
2026-08-10 09:20:26 [http-nio-8080-exec-2] DEBUG c.p.e.service.impl.CustomUserDetails - ======================================
2026-08-10 09:20:26 [http-nio-8080-exec-2] DEBUG c.p.e.service.impl.CustomUserDetails - getUsername()
2026-08-10 09:20:26 [http-nio-8080-exec-2] DEBUG c.p.e.service.impl.CustomUserDetails - ======================================
2026-08-10 09:20:26 [http-nio-8080-exec-6] DEBUG c.p.e.service.impl.CustomUserDetails - ======================================
2026-08-10 09:20:26 [http-nio-8080-exec-6] DEBUG c.p.e.service.impl.CustomUserDetails - getUsername()
2026-08-10 09:20:26 [http-nio-8080-exec-6] DEBUG c.p.e.service.impl.CustomUserDetails - ======================================
2026-08-10 09:20:26 [http-nio-8080-exec-8] DEBUG c.p.e.service.impl.CustomUserDetails - ======================================
2026-08-10 09:20:26 [http-nio-8080-exec-8] DEBUG c.p.e.service.impl.CustomUserDetails - getUsername()
2026-08-10 09:20:26 [http-nio-8080-exec-8] DEBUG c.p.e.service.impl.CustomUserDetails - ======================================
2026-08-10 09:20:26 [http-nio-8080-exec-4] DEBUG c.p.e.service.impl.CustomUserDetails - ======================================
2026-08-10 09:20:26 [http-nio-8080-exec-4] DEBUG c.p.e.service.impl.CustomUserDetails - getUsername()
2026-08-10 09:20:26 [http-nio-8080-exec-4] DEBUG c.p.e.service.impl.CustomUserDetails - ======================================
2026-08-10 09:20:42 [http-nio-8080-exec-5] DEBUG c.pcwk.ehr.controller.UserController - ---------------------------
2026-08-10 09:20:42 [http-nio-8080-exec-5] DEBUG c.pcwk.ehr.controller.UserController - doRetrieve()*
2026-08-10 09:20:42 [http-nio-8080-exec-5] DEBUG c.pcwk.ehr.controller.UserController - ---------------------------
2026-08-10 09:20:42 [http-nio-8080-exec-5] DEBUG c.pcwk.ehr.controller.UserController - 1.searchDiv: 
2026-08-10 09:20:42 [http-nio-8080-exec-5] DEBUG c.pcwk.ehr.controller.UserController - 2.searchWord: 
2026-08-10 09:20:42 [http-nio-8080-exec-5] DEBUG c.pcwk.ehr.controller.UserController - 2.1 dto: DTO [pageNo=1, pageSize=10, no=0, totalCnt=0, searchDiv=, searchWord=, searchMap={}, startNo=0, endNo=0, pre=false, next=false]
2026-08-10 09:20:42 [http-nio-8080-exec-5] DEBUG c.p.ehr.service.impl.UserServiceImpl - ======================================
2026-08-10 09:20:42 [http-nio-8080-exec-5] DEBUG c.p.ehr.service.impl.UserServiceImpl - doRetrieve()
2026-08-10 09:20:42 [http-nio-8080-exec-5] DEBUG c.p.ehr.service.impl.UserServiceImpl - ======================================
2026-08-10 09:20:42 [http-nio-8080-exec-5] DEBUG org.mybatis.spring.SqlSessionUtils - Creating a new SqlSession
2026-08-10 09:20:42 [http-nio-8080-exec-5] DEBUG org.mybatis.spring.SqlSessionUtils - SqlSession [org.apache.ibatis.session.defaults.DefaultSqlSession@13de1eff] was not registered for synchronization because synchronization is not active
2026-08-10 09:20:42 [http-nio-8080-exec-5] DEBUG o.m.s.t.SpringManagedTransaction - JDBC Connection [HikariProxyConnection@1280967666 wrapping oracle.jdbc.driver.T4CConnection@34b6691e] will not be managed by Spring
2026-08-10 09:20:42 [http-nio-8080-exec-5] DEBUG c.p.ehr.mapper.UserMapper.doRetrieve - ==>  Preparing: SELECT A.*,B.* FROM( SELECT tt1.rnum no, tt1.user_id, tt1.name, tt1.password, tt1.login, tt1.recommend, tt1.email, DECODE(tt1.grade,1,'BASIC',2,'SILVER',3,'GOLD') grade, TO_CHAR(tt1.reg_dt,'YYYY/MM/DD') reg_dt FROM( SELECT ROWNUM rnum, t1.* FROM ( SELECT * FROM member ORDER BY reg_dt DESC )t1 WHERE ROWNUM <= ( ? * (? -1 ) + ? ) )tt1 WHERE rnum >= ( ? * (? -1 ) + 1 ) ) A CROSS JOIN ( SELECT COUNT(*) total_cnt FROM member ) B
2026-08-10 09:20:42 [http-nio-8080-exec-5] DEBUG c.p.ehr.mapper.UserMapper.doRetrieve - ==> Parameters: 10(Integer), 1(Integer), 10(Integer), 10(Integer), 1(Integer)
2026-08-10 09:20:42 [http-nio-8080-exec-5] DEBUG c.p.ehr.mapper.UserMapper.doRetrieve - <==      Total: 10
2026-08-10 09:20:42 [http-nio-8080-exec-5] DEBUG org.mybatis.spring.SqlSessionUtils - Closing non transactional SqlSession [org.apache.ibatis.session.defaults.DefaultSqlSession@13de1eff]
2026-08-10 09:20:42 [http-nio-8080-exec-5] DEBUG c.p.e.service.impl.CustomUserDetails - ======================================
2026-08-10 09:20:42 [http-nio-8080-exec-5] DEBUG c.p.e.service.impl.CustomUserDetails - getUsername()
2026-08-10 09:20:42 [http-nio-8080-exec-5] DEBUG c.p.e.service.impl.CustomUserDetails - ======================================
2026-08-10 09:20:42 [http-nio-8080-exec-7] DEBUG c.p.e.service.impl.CustomUserDetails - ======================================
2026-08-10 09:20:42 [http-nio-8080-exec-7] DEBUG c.p.e.service.impl.CustomUserDetails - getUsername()
2026-08-10 09:20:42 [http-nio-8080-exec-7] DEBUG c.p.e.service.impl.CustomUserDetails - ======================================
2026-08-10 09:20:42 [http-nio-8080-exec-3] DEBUG c.p.e.service.impl.CustomUserDetails - ======================================
2026-08-10 09:20:42 [http-nio-8080-exec-3] DEBUG c.p.e.service.impl.CustomUserDetails - getUsername()
2026-08-10 09:20:42 [http-nio-8080-exec-3] DEBUG c.p.e.service.impl.CustomUserDetails - ======================================
2026-08-10 09:20:42 [http-nio-8080-exec-9] DEBUG c.p.e.service.impl.CustomUserDetails - ======================================
2026-08-10 09:20:42 [http-nio-8080-exec-9] DEBUG c.p.e.service.impl.CustomUserDetails - getUsername()
2026-08-10 09:20:42 [http-nio-8080-exec-9] DEBUG c.p.e.service.impl.CustomUserDetails - ======================================
2026-08-10 09:20:42 [http-nio-8080-exec-5] DEBUG c.p.e.service.impl.CustomUserDetails - ======================================
2026-08-10 09:20:42 [http-nio-8080-exec-5] DEBUG c.p.e.service.impl.CustomUserDetails - getUsername()
2026-08-10 09:20:42 [http-nio-8080-exec-5] DEBUG c.p.e.service.impl.CustomUserDetails - ======================================
2026-08-10 09:20:42 [http-nio-8080-exec-3] DEBUG c.p.e.service.impl.CustomUserDetails - ======================================
2026-08-10 09:20:42 [http-nio-8080-exec-3] DEBUG c.p.e.service.impl.CustomUserDetails - getUsername()
2026-08-10 09:20:42 [http-nio-8080-exec-3] DEBUG c.p.e.service.impl.CustomUserDetails - ======================================
2026-08-10 09:20:42 [http-nio-8080-exec-10] DEBUG c.p.e.service.impl.CustomUserDetails - ======================================
2026-08-10 09:20:42 [http-nio-8080-exec-10] DEBUG c.p.e.service.impl.CustomUserDetails - getUsername()
2026-08-10 09:20:42 [http-nio-8080-exec-10] DEBUG c.p.e.service.impl.CustomUserDetails - ======================================
2026-08-10 09:22:22 [http-nio-8080-exec-4] DEBUG c.pcwk.ehr.controller.UserController - ---------------------------
2026-08-10 09:22:22 [http-nio-8080-exec-4] DEBUG c.pcwk.ehr.controller.UserController - doRetrieve()*
2026-08-10 09:22:22 [http-nio-8080-exec-4] DEBUG c.pcwk.ehr.controller.UserController - ---------------------------
2026-08-10 09:22:22 [http-nio-8080-exec-4] DEBUG c.pcwk.ehr.controller.UserController - 1.searchDiv: 
2026-08-10 09:22:22 [http-nio-8080-exec-4] DEBUG c.pcwk.ehr.controller.UserController - 2.searchWord: 
2026-08-10 09:22:22 [http-nio-8080-exec-4] DEBUG c.pcwk.ehr.controller.UserController - 2.1 dto: DTO [pageNo=1, pageSize=10, no=0, totalCnt=0, searchDiv=, searchWord=, searchMap={}, startNo=0, endNo=0, pre=false, next=false]
2026-08-10 09:22:22 [http-nio-8080-exec-4] DEBUG c.p.ehr.service.impl.UserServiceImpl - ======================================
2026-08-10 09:22:22 [http-nio-8080-exec-4] DEBUG c.p.ehr.service.impl.UserServiceImpl - doRetrieve()
2026-08-10 09:22:22 [http-nio-8080-exec-4] DEBUG c.p.ehr.service.impl.UserServiceImpl - ======================================
2026-08-10 09:22:22 [http-nio-8080-exec-4] DEBUG org.mybatis.spring.SqlSessionUtils - Creating a new SqlSession
2026-08-10 09:22:22 [http-nio-8080-exec-4] DEBUG org.mybatis.spring.SqlSessionUtils - SqlSession [org.apache.ibatis.session.defaults.DefaultSqlSession@7fcdb3f6] was not registered for synchronization because synchronization is not active
2026-08-10 09:22:22 [http-nio-8080-exec-4] DEBUG o.m.s.t.SpringManagedTransaction - JDBC Connection [HikariProxyConnection@1759913272 wrapping oracle.jdbc.driver.T4CConnection@34b6691e] will not be managed by Spring
2026-08-10 09:22:22 [http-nio-8080-exec-4] DEBUG c.p.ehr.mapper.UserMapper.doRetrieve - ==>  Preparing: SELECT A.*,B.* FROM( SELECT tt1.rnum no, tt1.user_id, tt1.name, tt1.password, tt1.login, tt1.recommend, tt1.email, DECODE(tt1.grade,1,'BASIC',2,'SILVER',3,'GOLD') grade, TO_CHAR(tt1.reg_dt,'YYYY/MM/DD') reg_dt FROM( SELECT ROWNUM rnum, t1.* FROM ( SELECT * FROM member ORDER BY reg_dt DESC )t1 WHERE ROWNUM <= ( ? * (? -1 ) + ? ) )tt1 WHERE rnum >= ( ? * (? -1 ) + 1 ) ) A CROSS JOIN ( SELECT COUNT(*) total_cnt FROM member ) B
2026-08-10 09:22:22 [http-nio-8080-exec-4] DEBUG c.p.ehr.mapper.UserMapper.doRetrieve - ==> Parameters: 10(Integer), 1(Integer), 10(Integer), 10(Integer), 1(Integer)
2026-08-10 09:22:22 [http-nio-8080-exec-4] DEBUG c.p.ehr.mapper.UserMapper.doRetrieve - <==      Total: 10
2026-08-10 09:22:22 [http-nio-8080-exec-4] DEBUG org.mybatis.spring.SqlSessionUtils - Closing non transactional SqlSession [org.apache.ibatis.session.defaults.DefaultSqlSession@7fcdb3f6]
2026-08-10 09:22:22 [http-nio-8080-exec-4] DEBUG c.p.e.service.impl.CustomUserDetails - ======================================
2026-08-10 09:22:22 [http-nio-8080-exec-4] DEBUG c.p.e.service.impl.CustomUserDetails - getUsername()
2026-08-10 09:22:22 [http-nio-8080-exec-4] DEBUG c.p.e.service.impl.CustomUserDetails - ======================================
2026-08-10 09:22:22 [http-nio-8080-exec-5] DEBUG c.p.e.service.impl.CustomUserDetails - ======================================
2026-08-10 09:22:22 [http-nio-8080-exec-5] DEBUG c.p.e.service.impl.CustomUserDetails - getUsername()
2026-08-10 09:22:22 [http-nio-8080-exec-5] DEBUG c.p.e.service.impl.CustomUserDetails - ======================================
2026-08-10 09:22:22 [http-nio-8080-exec-9] DEBUG c.p.e.service.impl.CustomUserDetails - ======================================
2026-08-10 09:22:22 [http-nio-8080-exec-9] DEBUG c.p.e.service.impl.CustomUserDetails - getUsername()
2026-08-10 09:22:22 [http-nio-8080-exec-9] DEBUG c.p.e.service.impl.CustomUserDetails - ======================================
2026-08-10 09:22:22 [http-nio-8080-exec-7] DEBUG c.p.e.service.impl.CustomUserDetails - ======================================
2026-08-10 09:22:22 [http-nio-8080-exec-7] DEBUG c.p.e.service.impl.CustomUserDetails - getUsername()
2026-08-10 09:22:22 [http-nio-8080-exec-7] DEBUG c.p.e.service.impl.CustomUserDetails - ======================================
2026-08-10 09:22:22 [http-nio-8080-exec-4] DEBUG c.p.e.service.impl.CustomUserDetails - ======================================
2026-08-10 09:22:22 [http-nio-8080-exec-4] DEBUG c.p.e.service.impl.CustomUserDetails - getUsername()
2026-08-10 09:22:22 [http-nio-8080-exec-4] DEBUG c.p.e.service.impl.CustomUserDetails - ======================================
2026-08-10 09:22:22 [http-nio-8080-exec-3] DEBUG c.p.e.service.impl.CustomUserDetails - ======================================
2026-08-10 09:22:22 [http-nio-8080-exec-3] DEBUG c.p.e.service.impl.CustomUserDetails - getUsername()
2026-08-10 09:22:22 [http-nio-8080-exec-3] DEBUG c.p.e.service.impl.CustomUserDetails - ======================================
2026-08-10 09:22:22 [http-nio-8080-exec-10] DEBUG c.p.e.service.impl.CustomUserDetails - ======================================
2026-08-10 09:22:22 [http-nio-8080-exec-10] DEBUG c.p.e.service.impl.CustomUserDetails - getUsername()
2026-08-10 09:22:22 [http-nio-8080-exec-10] DEBUG c.p.e.service.impl.CustomUserDetails - ======================================
2026-08-10 09:22:40 [http-nio-8080-exec-1] DEBUG c.pcwk.ehr.controller.UserController - ---------------------------
2026-08-10 09:22:40 [http-nio-8080-exec-1] DEBUG c.pcwk.ehr.controller.UserController - doRetrieve()*
2026-08-10 09:22:40 [http-nio-8080-exec-1] DEBUG c.pcwk.ehr.controller.UserController - ---------------------------
2026-08-10 09:22:40 [http-nio-8080-exec-1] DEBUG c.pcwk.ehr.controller.UserController - 1.searchDiv: 
2026-08-10 09:22:40 [http-nio-8080-exec-1] DEBUG c.pcwk.ehr.controller.UserController - 2.searchWord: 
2026-08-10 09:22:40 [http-nio-8080-exec-1] DEBUG c.pcwk.ehr.controller.UserController - 2.1 dto: DTO [pageNo=1, pageSize=10, no=0, totalCnt=0, searchDiv=, searchWord=, searchMap={}, startNo=0, endNo=0, pre=false, next=false]
2026-08-10 09:22:40 [http-nio-8080-exec-1] DEBUG c.p.ehr.service.impl.UserServiceImpl - ======================================
2026-08-10 09:22:40 [http-nio-8080-exec-1] DEBUG c.p.ehr.service.impl.UserServiceImpl - doRetrieve()
2026-08-10 09:22:40 [http-nio-8080-exec-1] DEBUG c.p.ehr.service.impl.UserServiceImpl - ======================================
2026-08-10 09:22:40 [http-nio-8080-exec-1] DEBUG org.mybatis.spring.SqlSessionUtils - Creating a new SqlSession
2026-08-10 09:22:40 [http-nio-8080-exec-1] DEBUG org.mybatis.spring.SqlSessionUtils - SqlSession [org.apache.ibatis.session.defaults.DefaultSqlSession@18aa9523] was not registered for synchronization because synchronization is not active
2026-08-10 09:22:40 [http-nio-8080-exec-1] DEBUG o.m.s.t.SpringManagedTransaction - JDBC Connection [HikariProxyConnection@213948384 wrapping oracle.jdbc.driver.T4CConnection@34b6691e] will not be managed by Spring
2026-08-10 09:22:40 [http-nio-8080-exec-1] DEBUG c.p.ehr.mapper.UserMapper.doRetrieve - ==>  Preparing: SELECT A.*,B.* FROM( SELECT tt1.rnum no, tt1.user_id, tt1.name, tt1.password, tt1.login, tt1.recommend, tt1.email, DECODE(tt1.grade,1,'BASIC',2,'SILVER',3,'GOLD') grade, TO_CHAR(tt1.reg_dt,'YYYY/MM/DD') reg_dt FROM( SELECT ROWNUM rnum, t1.* FROM ( SELECT * FROM member ORDER BY reg_dt DESC )t1 WHERE ROWNUM <= ( ? * (? -1 ) + ? ) )tt1 WHERE rnum >= ( ? * (? -1 ) + 1 ) ) A CROSS JOIN ( SELECT COUNT(*) total_cnt FROM member ) B
2026-08-10 09:22:40 [http-nio-8080-exec-1] DEBUG c.p.ehr.mapper.UserMapper.doRetrieve - ==> Parameters: 10(Integer), 1(Integer), 10(Integer), 10(Integer), 1(Integer)
2026-08-10 09:22:40 [http-nio-8080-exec-1] DEBUG c.p.ehr.mapper.UserMapper.doRetrieve - <==      Total: 10
2026-08-10 09:22:40 [http-nio-8080-exec-1] DEBUG org.mybatis.spring.SqlSessionUtils - Closing non transactional SqlSession [org.apache.ibatis.session.defaults.DefaultSqlSession@18aa9523]
2026-08-10 09:22:40 [http-nio-8080-exec-1] DEBUG c.p.e.service.impl.CustomUserDetails - ======================================
2026-08-10 09:22:40 [http-nio-8080-exec-1] DEBUG c.p.e.service.impl.CustomUserDetails - getUsername()
2026-08-10 09:22:40 [http-nio-8080-exec-1] DEBUG c.p.e.service.impl.CustomUserDetails - ======================================
2026-08-10 09:22:40 [http-nio-8080-exec-1] DEBUG c.p.e.service.impl.CustomUserDetails - ======================================
2026-08-10 09:22:40 [http-nio-8080-exec-1] DEBUG c.p.e.service.impl.CustomUserDetails - getUsername()
2026-08-10 09:22:40 [http-nio-8080-exec-1] DEBUG c.p.e.service.impl.CustomUserDetails - ======================================
2026-08-10 09:23:13 [http-nio-8080-exec-2] DEBUG c.pcwk.ehr.controller.UserController - ---------------------------
2026-08-10 09:23:13 [http-nio-8080-exec-2] DEBUG c.pcwk.ehr.controller.UserController - doRetrieve()*
2026-08-10 09:23:13 [http-nio-8080-exec-2] DEBUG c.pcwk.ehr.controller.UserController - ---------------------------
2026-08-10 09:23:13 [http-nio-8080-exec-2] DEBUG c.pcwk.ehr.controller.UserController - 1.searchDiv: 
2026-08-10 09:23:13 [http-nio-8080-exec-2] DEBUG c.pcwk.ehr.controller.UserController - 2.searchWord: 
2026-08-10 09:23:13 [http-nio-8080-exec-2] DEBUG c.pcwk.ehr.controller.UserController - 2.1 dto: DTO [pageNo=1, pageSize=10, no=0, totalCnt=0, searchDiv=, searchWord=, searchMap={}, startNo=0, endNo=0, pre=false, next=false]
2026-08-10 09:23:13 [http-nio-8080-exec-2] DEBUG c.p.ehr.service.impl.UserServiceImpl - ======================================
2026-08-10 09:23:13 [http-nio-8080-exec-2] DEBUG c.p.ehr.service.impl.UserServiceImpl - doRetrieve()
2026-08-10 09:23:13 [http-nio-8080-exec-2] DEBUG c.p.ehr.service.impl.UserServiceImpl - ======================================
2026-08-10 09:23:13 [http-nio-8080-exec-2] DEBUG org.mybatis.spring.SqlSessionUtils - Creating a new SqlSession
2026-08-10 09:23:13 [http-nio-8080-exec-2] DEBUG org.mybatis.spring.SqlSessionUtils - SqlSession [org.apache.ibatis.session.defaults.DefaultSqlSession@69a13149] was not registered for synchronization because synchronization is not active
2026-08-10 09:23:13 [http-nio-8080-exec-2] DEBUG o.m.s.t.SpringManagedTransaction - JDBC Connection [HikariProxyConnection@1198016056 wrapping oracle.jdbc.driver.T4CConnection@34b6691e] will not be managed by Spring
2026-08-10 09:23:13 [http-nio-8080-exec-2] DEBUG c.p.ehr.mapper.UserMapper.doRetrieve - ==>  Preparing: SELECT A.*,B.* FROM( SELECT tt1.rnum no, tt1.user_id, tt1.name, tt1.password, tt1.login, tt1.recommend, tt1.email, DECODE(tt1.grade,1,'BASIC',2,'SILVER',3,'GOLD') grade, TO_CHAR(tt1.reg_dt,'YYYY/MM/DD') reg_dt FROM( SELECT ROWNUM rnum, t1.* FROM ( SELECT * FROM member ORDER BY reg_dt DESC )t1 WHERE ROWNUM <= ( ? * (? -1 ) + ? ) )tt1 WHERE rnum >= ( ? * (? -1 ) + 1 ) ) A CROSS JOIN ( SELECT COUNT(*) total_cnt FROM member ) B
2026-08-10 09:23:13 [http-nio-8080-exec-2] DEBUG c.p.ehr.mapper.UserMapper.doRetrieve - ==> Parameters: 10(Integer), 1(Integer), 10(Integer), 10(Integer), 1(Integer)
2026-08-10 09:23:13 [http-nio-8080-exec-2] DEBUG c.p.ehr.mapper.UserMapper.doRetrieve - <==      Total: 10
2026-08-10 09:23:13 [http-nio-8080-exec-2] DEBUG org.mybatis.spring.SqlSessionUtils - Closing non transactional SqlSession [org.apache.ibatis.session.defaults.DefaultSqlSession@69a13149]
2026-08-10 09:23:13 [http-nio-8080-exec-2] DEBUG c.p.e.service.impl.CustomUserDetails - ======================================
2026-08-10 09:23:13 [http-nio-8080-exec-2] DEBUG c.p.e.service.impl.CustomUserDetails - getUsername()
2026-08-10 09:23:13 [http-nio-8080-exec-2] DEBUG c.p.e.service.impl.CustomUserDetails - ======================================
2026-08-10 09:23:13 [http-nio-8080-exec-2] DEBUG c.p.e.service.impl.CustomUserDetails - ======================================
2026-08-10 09:23:13 [http-nio-8080-exec-2] DEBUG c.p.e.service.impl.CustomUserDetails - getUsername()
2026-08-10 09:23:13 [http-nio-8080-exec-2] DEBUG c.p.e.service.impl.CustomUserDetails - ======================================
2026-08-10 09:23:13 [http-nio-8080-exec-5] DEBUG c.p.e.service.impl.CustomUserDetails - ======================================
2026-08-10 09:23:13 [http-nio-8080-exec-5] DEBUG c.p.e.service.impl.CustomUserDetails - getUsername()
2026-08-10 09:23:13 [http-nio-8080-exec-5] DEBUG c.p.e.service.impl.CustomUserDetails - ======================================
2026-08-10 09:23:13 [http-nio-8080-exec-8] DEBUG c.p.e.service.impl.CustomUserDetails - ======================================
2026-08-10 09:23:13 [http-nio-8080-exec-8] DEBUG c.p.e.service.impl.CustomUserDetails - getUsername()
2026-08-10 09:23:13 [http-nio-8080-exec-8] DEBUG c.p.e.service.impl.CustomUserDetails - ======================================
2026-08-10 09:23:13 [http-nio-8080-exec-9] DEBUG c.p.e.service.impl.CustomUserDetails - ======================================
2026-08-10 09:23:13 [http-nio-8080-exec-9] DEBUG c.p.e.service.impl.CustomUserDetails - getUsername()
2026-08-10 09:23:13 [http-nio-8080-exec-9] DEBUG c.p.e.service.impl.CustomUserDetails - ======================================
2026-08-10 09:23:13 [http-nio-8080-exec-6] DEBUG c.p.e.service.impl.CustomUserDetails - ======================================
2026-08-10 09:23:13 [http-nio-8080-exec-6] DEBUG c.p.e.service.impl.CustomUserDetails - getUsername()
2026-08-10 09:23:13 [http-nio-8080-exec-6] DEBUG c.p.e.service.impl.CustomUserDetails - ======================================
2026-08-10 09:23:13 [http-nio-8080-exec-7] DEBUG c.p.e.service.impl.CustomUserDetails - ======================================
2026-08-10 09:23:13 [http-nio-8080-exec-7] DEBUG c.p.e.service.impl.CustomUserDetails - getUsername()
2026-08-10 09:23:13 [http-nio-8080-exec-7] DEBUG c.p.e.service.impl.CustomUserDetails - ======================================
2026-08-10 09:23:15 [http-nio-8080-exec-4] DEBUG c.pcwk.ehr.controller.UserController - ---------------------------
2026-08-10 09:23:15 [http-nio-8080-exec-4] DEBUG c.pcwk.ehr.controller.UserController - doRetrieve()*
2026-08-10 09:23:15 [http-nio-8080-exec-4] DEBUG c.pcwk.ehr.controller.UserController - ---------------------------
2026-08-10 09:23:15 [http-nio-8080-exec-4] DEBUG c.pcwk.ehr.controller.UserController - 1.searchDiv: 
2026-08-10 09:23:15 [http-nio-8080-exec-4] DEBUG c.pcwk.ehr.controller.UserController - 2.searchWord: 
2026-08-10 09:23:15 [http-nio-8080-exec-4] DEBUG c.pcwk.ehr.controller.UserController - 2.1 dto: DTO [pageNo=1, pageSize=10, no=0, totalCnt=0, searchDiv=, searchWord=, searchMap={}, startNo=0, endNo=0, pre=false, next=false]
2026-08-10 09:23:15 [http-nio-8080-exec-4] DEBUG c.p.ehr.service.impl.UserServiceImpl - ======================================
2026-08-10 09:23:15 [http-nio-8080-exec-4] DEBUG c.p.ehr.service.impl.UserServiceImpl - doRetrieve()
2026-08-10 09:23:15 [http-nio-8080-exec-4] DEBUG c.p.ehr.service.impl.UserServiceImpl - ======================================
2026-08-10 09:23:15 [http-nio-8080-exec-4] DEBUG org.mybatis.spring.SqlSessionUtils - Creating a new SqlSession
2026-08-10 09:23:15 [http-nio-8080-exec-4] DEBUG org.mybatis.spring.SqlSessionUtils - SqlSession [org.apache.ibatis.session.defaults.DefaultSqlSession@5bbc366a] was not registered for synchronization because synchronization is not active
2026-08-10 09:23:15 [http-nio-8080-exec-4] DEBUG o.m.s.t.SpringManagedTransaction - JDBC Connection [HikariProxyConnection@1734300919 wrapping oracle.jdbc.driver.T4CConnection@34b6691e] will not be managed by Spring
2026-08-10 09:23:15 [http-nio-8080-exec-4] DEBUG c.p.ehr.mapper.UserMapper.doRetrieve - ==>  Preparing: SELECT A.*,B.* FROM( SELECT tt1.rnum no, tt1.user_id, tt1.name, tt1.password, tt1.login, tt1.recommend, tt1.email, DECODE(tt1.grade,1,'BASIC',2,'SILVER',3,'GOLD') grade, TO_CHAR(tt1.reg_dt,'YYYY/MM/DD') reg_dt FROM( SELECT ROWNUM rnum, t1.* FROM ( SELECT * FROM member ORDER BY reg_dt DESC )t1 WHERE ROWNUM <= ( ? * (? -1 ) + ? ) )tt1 WHERE rnum >= ( ? * (? -1 ) + 1 ) ) A CROSS JOIN ( SELECT COUNT(*) total_cnt FROM member ) B
2026-08-10 09:23:15 [http-nio-8080-exec-4] DEBUG c.p.ehr.mapper.UserMapper.doRetrieve - ==> Parameters: 10(Integer), 1(Integer), 10(Integer), 10(Integer), 1(Integer)
2026-08-10 09:23:15 [http-nio-8080-exec-4] DEBUG c.p.ehr.mapper.UserMapper.doRetrieve - <==      Total: 10
2026-08-10 09:23:15 [http-nio-8080-exec-4] DEBUG org.mybatis.spring.SqlSessionUtils - Closing non transactional SqlSession [org.apache.ibatis.session.defaults.DefaultSqlSession@5bbc366a]
2026-08-10 09:23:15 [http-nio-8080-exec-4] DEBUG c.p.e.service.impl.CustomUserDetails - ======================================
2026-08-10 09:23:15 [http-nio-8080-exec-4] DEBUG c.p.e.service.impl.CustomUserDetails - getUsername()
2026-08-10 09:23:15 [http-nio-8080-exec-4] DEBUG c.p.e.service.impl.CustomUserDetails - ======================================
2026-08-10 09:23:15 [http-nio-8080-exec-4] DEBUG c.p.e.service.impl.CustomUserDetails - ======================================
2026-08-10 09:23:15 [http-nio-8080-exec-4] DEBUG c.p.e.service.impl.CustomUserDetails - getUsername()
2026-08-10 09:23:15 [http-nio-8080-exec-4] DEBUG c.p.e.service.impl.CustomUserDetails - ======================================
2026-08-10 09:23:15 [http-nio-8080-exec-1] DEBUG c.p.e.service.impl.CustomUserDetails - ======================================
2026-08-10 09:23:15 [http-nio-8080-exec-1] DEBUG c.p.e.service.impl.CustomUserDetails - getUsername()
2026-08-10 09:23:15 [http-nio-8080-exec-1] DEBUG c.p.e.service.impl.CustomUserDetails - ======================================
2026-08-10 09:23:15 [http-nio-8080-exec-2] DEBUG c.p.e.service.impl.CustomUserDetails - ======================================
2026-08-10 09:23:15 [http-nio-8080-exec-2] DEBUG c.p.e.service.impl.CustomUserDetails - getUsername()
2026-08-10 09:23:15 [http-nio-8080-exec-2] DEBUG c.p.e.service.impl.CustomUserDetails - ======================================
2026-08-10 09:23:15 [http-nio-8080-exec-3] DEBUG c.p.e.service.impl.CustomUserDetails - ======================================
2026-08-10 09:23:15 [http-nio-8080-exec-3] DEBUG c.p.e.service.impl.CustomUserDetails - getUsername()
2026-08-10 09:23:15 [http-nio-8080-exec-3] DEBUG c.p.e.service.impl.CustomUserDetails - ======================================
2026-08-10 09:23:15 [http-nio-8080-exec-10] DEBUG c.p.e.service.impl.CustomUserDetails - ======================================
2026-08-10 09:23:15 [http-nio-8080-exec-10] DEBUG c.p.e.service.impl.CustomUserDetails - getUsername()
2026-08-10 09:23:15 [http-nio-8080-exec-10] DEBUG c.p.e.service.impl.CustomUserDetails - ======================================
2026-08-10 09:23:15 [http-nio-8080-exec-5] DEBUG c.p.e.service.impl.CustomUserDetails - ======================================
2026-08-10 09:23:15 [http-nio-8080-exec-5] DEBUG c.p.e.service.impl.CustomUserDetails - getUsername()
2026-08-10 09:23:15 [http-nio-8080-exec-5] DEBUG c.p.e.service.impl.CustomUserDetails - ======================================
2026-08-10 09:23:29 [http-nio-8080-exec-8] DEBUG c.p.e.service.impl.CustomUserDetails - ======================================
2026-08-10 09:23:29 [http-nio-8080-exec-8] DEBUG c.p.e.service.impl.CustomUserDetails - getUsername()
2026-08-10 09:23:29 [http-nio-8080-exec-8] DEBUG c.p.e.service.impl.CustomUserDetails - ======================================
2026-08-10 09:23:29 [http-nio-8080-exec-8] DEBUG c.p.e.service.impl.CustomUserDetails - ======================================
2026-08-10 09:23:29 [http-nio-8080-exec-8] DEBUG c.p.e.service.impl.CustomUserDetails - getUsername()
2026-08-10 09:23:29 [http-nio-8080-exec-8] DEBUG c.p.e.service.impl.CustomUserDetails - ======================================
2026-08-10 09:23:58 [http-nio-8080-exec-9] DEBUG c.pcwk.ehr.controller.UserController - ---------------------------
2026-08-10 09:23:58 [http-nio-8080-exec-9] DEBUG c.pcwk.ehr.controller.UserController - doRetrieve()*
2026-08-10 09:23:58 [http-nio-8080-exec-9] DEBUG c.pcwk.ehr.controller.UserController - ---------------------------
2026-08-10 09:23:58 [http-nio-8080-exec-9] DEBUG c.pcwk.ehr.controller.UserController - 1.searchDiv: 
2026-08-10 09:23:58 [http-nio-8080-exec-9] DEBUG c.pcwk.ehr.controller.UserController - 2.searchWord: 
2026-08-10 09:23:58 [http-nio-8080-exec-9] DEBUG c.pcwk.ehr.controller.UserController - 2.1 dto: DTO [pageNo=1, pageSize=10, no=0, totalCnt=0, searchDiv=, searchWord=, searchMap={}, startNo=0, endNo=0, pre=false, next=false]
2026-08-10 09:23:58 [http-nio-8080-exec-9] DEBUG c.p.ehr.service.impl.UserServiceImpl - ======================================
2026-08-10 09:23:58 [http-nio-8080-exec-9] DEBUG c.p.ehr.service.impl.UserServiceImpl - doRetrieve()
2026-08-10 09:23:58 [http-nio-8080-exec-9] DEBUG c.p.ehr.service.impl.UserServiceImpl - ======================================
2026-08-10 09:23:58 [http-nio-8080-exec-9] DEBUG org.mybatis.spring.SqlSessionUtils - Creating a new SqlSession
2026-08-10 09:23:58 [http-nio-8080-exec-9] DEBUG org.mybatis.spring.SqlSessionUtils - SqlSession [org.apache.ibatis.session.defaults.DefaultSqlSession@1a7b70a2] was not registered for synchronization because synchronization is not active
2026-08-10 09:23:58 [http-nio-8080-exec-9] DEBUG o.m.s.t.SpringManagedTransaction - JDBC Connection [HikariProxyConnection@1488974611 wrapping oracle.jdbc.driver.T4CConnection@34b6691e] will not be managed by Spring
2026-08-10 09:23:58 [http-nio-8080-exec-9] DEBUG c.p.ehr.mapper.UserMapper.doRetrieve - ==>  Preparing: SELECT A.*,B.* FROM( SELECT tt1.rnum no, tt1.user_id, tt1.name, tt1.password, tt1.login, tt1.recommend, tt1.email, DECODE(tt1.grade,1,'BASIC',2,'SILVER',3,'GOLD') grade, TO_CHAR(tt1.reg_dt,'YYYY/MM/DD') reg_dt FROM( SELECT ROWNUM rnum, t1.* FROM ( SELECT * FROM member ORDER BY reg_dt DESC )t1 WHERE ROWNUM <= ( ? * (? -1 ) + ? ) )tt1 WHERE rnum >= ( ? * (? -1 ) + 1 ) ) A CROSS JOIN ( SELECT COUNT(*) total_cnt FROM member ) B
2026-08-10 09:23:58 [http-nio-8080-exec-9] DEBUG c.p.ehr.mapper.UserMapper.doRetrieve - ==> Parameters: 10(Integer), 1(Integer), 10(Integer), 10(Integer), 1(Integer)
2026-08-10 09:23:58 [http-nio-8080-exec-9] DEBUG c.p.ehr.mapper.UserMapper.doRetrieve - <==      Total: 10
2026-08-10 09:23:58 [http-nio-8080-exec-9] DEBUG org.mybatis.spring.SqlSessionUtils - Closing non transactional SqlSession [org.apache.ibatis.session.defaults.DefaultSqlSession@1a7b70a2]
2026-08-10 09:23:58 [http-nio-8080-exec-9] DEBUG c.p.e.service.impl.CustomUserDetails - ======================================
2026-08-10 09:23:58 [http-nio-8080-exec-9] DEBUG c.p.e.service.impl.CustomUserDetails - getUsername()
2026-08-10 09:23:58 [http-nio-8080-exec-9] DEBUG c.p.e.service.impl.CustomUserDetails - ======================================
2026-08-10 09:23:58 [http-nio-8080-exec-9] DEBUG c.p.e.service.impl.CustomUserDetails - ======================================
2026-08-10 09:23:58 [http-nio-8080-exec-9] DEBUG c.p.e.service.impl.CustomUserDetails - getUsername()
2026-08-10 09:23:58 [http-nio-8080-exec-9] DEBUG c.p.e.service.impl.CustomUserDetails - ======================================
2026-08-10 09:23:58 [http-nio-8080-exec-7] DEBUG c.p.e.service.impl.CustomUserDetails - ======================================
2026-08-10 09:23:58 [http-nio-8080-exec-7] DEBUG c.p.e.service.impl.CustomUserDetails - getUsername()
2026-08-10 09:23:58 [http-nio-8080-exec-7] DEBUG c.p.e.service.impl.CustomUserDetails - ======================================
2026-08-10 09:23:58 [http-nio-8080-exec-4] DEBUG c.p.e.service.impl.CustomUserDetails - ======================================
2026-08-10 09:23:58 [http-nio-8080-exec-1] DEBUG c.p.e.service.impl.CustomUserDetails - ======================================
2026-08-10 09:23:58 [http-nio-8080-exec-1] DEBUG c.p.e.service.impl.CustomUserDetails - getUsername()
2026-08-10 09:23:58 [http-nio-8080-exec-1] DEBUG c.p.e.service.impl.CustomUserDetails - ======================================
2026-08-10 09:23:58 [http-nio-8080-exec-4] DEBUG c.p.e.service.impl.CustomUserDetails - getUsername()
2026-08-10 09:23:58 [http-nio-8080-exec-4] DEBUG c.p.e.service.impl.CustomUserDetails - ======================================
2026-08-10 09:23:58 [http-nio-8080-exec-6] DEBUG c.p.e.service.impl.CustomUserDetails - ======================================
2026-08-10 09:23:58 [http-nio-8080-exec-6] DEBUG c.p.e.service.impl.CustomUserDetails - getUsername()
2026-08-10 09:23:58 [http-nio-8080-exec-6] DEBUG c.p.e.service.impl.CustomUserDetails - ======================================
2026-08-10 09:23:58 [http-nio-8080-exec-2] DEBUG c.p.e.service.impl.CustomUserDetails - ======================================
2026-08-10 09:23:58 [http-nio-8080-exec-2] DEBUG c.p.e.service.impl.CustomUserDetails - getUsername()
2026-08-10 09:23:58 [http-nio-8080-exec-2] DEBUG c.p.e.service.impl.CustomUserDetails - ======================================
2026-08-10 09:24:00 [http-nio-8080-exec-3] DEBUG c.pcwk.ehr.controller.UserController - ---------------------------
2026-08-10 09:24:00 [http-nio-8080-exec-3] DEBUG c.pcwk.ehr.controller.UserController - doRetrieve()*
2026-08-10 09:24:00 [http-nio-8080-exec-3] DEBUG c.pcwk.ehr.controller.UserController - ---------------------------
2026-08-10 09:24:00 [http-nio-8080-exec-3] DEBUG c.pcwk.ehr.controller.UserController - 1.searchDiv: 
2026-08-10 09:24:00 [http-nio-8080-exec-3] DEBUG c.pcwk.ehr.controller.UserController - 2.searchWord: 
2026-08-10 09:24:00 [http-nio-8080-exec-3] DEBUG c.pcwk.ehr.controller.UserController - 2.1 dto: DTO [pageNo=1, pageSize=10, no=0, totalCnt=0, searchDiv=, searchWord=, searchMap={}, startNo=0, endNo=0, pre=false, next=false]
2026-08-10 09:24:00 [http-nio-8080-exec-3] DEBUG c.p.ehr.service.impl.UserServiceImpl - ======================================
2026-08-10 09:24:00 [http-nio-8080-exec-3] DEBUG c.p.ehr.service.impl.UserServiceImpl - doRetrieve()
2026-08-10 09:24:00 [http-nio-8080-exec-3] DEBUG c.p.ehr.service.impl.UserServiceImpl - ======================================
2026-08-10 09:24:00 [http-nio-8080-exec-3] DEBUG org.mybatis.spring.SqlSessionUtils - Creating a new SqlSession
2026-08-10 09:24:00 [http-nio-8080-exec-3] DEBUG org.mybatis.spring.SqlSessionUtils - SqlSession [org.apache.ibatis.session.defaults.DefaultSqlSession@34ee3eff] was not registered for synchronization because synchronization is not active
2026-08-10 09:24:00 [http-nio-8080-exec-3] DEBUG o.m.s.t.SpringManagedTransaction - JDBC Connection [HikariProxyConnection@1023450255 wrapping oracle.jdbc.driver.T4CConnection@34b6691e] will not be managed by Spring
2026-08-10 09:24:00 [http-nio-8080-exec-3] DEBUG c.p.ehr.mapper.UserMapper.doRetrieve - ==>  Preparing: SELECT A.*,B.* FROM( SELECT tt1.rnum no, tt1.user_id, tt1.name, tt1.password, tt1.login, tt1.recommend, tt1.email, DECODE(tt1.grade,1,'BASIC',2,'SILVER',3,'GOLD') grade, TO_CHAR(tt1.reg_dt,'YYYY/MM/DD') reg_dt FROM( SELECT ROWNUM rnum, t1.* FROM ( SELECT * FROM member ORDER BY reg_dt DESC )t1 WHERE ROWNUM <= ( ? * (? -1 ) + ? ) )tt1 WHERE rnum >= ( ? * (? -1 ) + 1 ) ) A CROSS JOIN ( SELECT COUNT(*) total_cnt FROM member ) B
2026-08-10 09:24:00 [http-nio-8080-exec-3] DEBUG c.p.ehr.mapper.UserMapper.doRetrieve - ==> Parameters: 10(Integer), 1(Integer), 10(Integer), 10(Integer), 1(Integer)
2026-08-10 09:24:00 [http-nio-8080-exec-3] DEBUG c.p.ehr.mapper.UserMapper.doRetrieve - <==      Total: 10
2026-08-10 09:24:00 [http-nio-8080-exec-3] DEBUG org.mybatis.spring.SqlSessionUtils - Closing non transactional SqlSession [org.apache.ibatis.session.defaults.DefaultSqlSession@34ee3eff]
2026-08-10 09:24:00 [http-nio-8080-exec-3] DEBUG c.p.e.service.impl.CustomUserDetails - ======================================
2026-08-10 09:24:00 [http-nio-8080-exec-3] DEBUG c.p.e.service.impl.CustomUserDetails - getUsername()
2026-08-10 09:24:00 [http-nio-8080-exec-3] DEBUG c.p.e.service.impl.CustomUserDetails - ======================================
2026-08-10 09:24:00 [http-nio-8080-exec-3] DEBUG c.p.e.service.impl.CustomUserDetails - ======================================
2026-08-10 09:24:00 [http-nio-8080-exec-3] DEBUG c.p.e.service.impl.CustomUserDetails - getUsername()
2026-08-10 09:24:00 [http-nio-8080-exec-3] DEBUG c.p.e.service.impl.CustomUserDetails - ======================================
2026-08-10 09:24:00 [http-nio-8080-exec-8] DEBUG c.p.e.service.impl.CustomUserDetails - ======================================
2026-08-10 09:24:00 [http-nio-8080-exec-8] DEBUG c.p.e.service.impl.CustomUserDetails - getUsername()
2026-08-10 09:24:00 [http-nio-8080-exec-8] DEBUG c.p.e.service.impl.CustomUserDetails - ======================================
2026-08-10 09:24:00 [http-nio-8080-exec-5] DEBUG c.p.e.service.impl.CustomUserDetails - ======================================
2026-08-10 09:24:00 [http-nio-8080-exec-5] DEBUG c.p.e.service.impl.CustomUserDetails - getUsername()
2026-08-10 09:24:00 [http-nio-8080-exec-5] DEBUG c.p.e.service.impl.CustomUserDetails - ======================================
2026-08-10 09:24:00 [http-nio-8080-exec-10] DEBUG c.p.e.service.impl.CustomUserDetails - ======================================
2026-08-10 09:24:00 [http-nio-8080-exec-10] DEBUG c.p.e.service.impl.CustomUserDetails - getUsername()
2026-08-10 09:24:00 [http-nio-8080-exec-10] DEBUG c.p.e.service.impl.CustomUserDetails - ======================================
2026-08-10 09:24:00 [http-nio-8080-exec-9] DEBUG c.p.e.service.impl.CustomUserDetails - ======================================
2026-08-10 09:24:00 [http-nio-8080-exec-9] DEBUG c.p.e.service.impl.CustomUserDetails - getUsername()
2026-08-10 09:24:00 [http-nio-8080-exec-9] DEBUG c.p.e.service.impl.CustomUserDetails - ======================================
2026-08-10 09:24:00 [http-nio-8080-exec-1] DEBUG c.p.e.service.impl.CustomUserDetails - ======================================
2026-08-10 09:24:00 [http-nio-8080-exec-1] DEBUG c.p.e.service.impl.CustomUserDetails - getUsername()
2026-08-10 09:24:00 [http-nio-8080-exec-1] DEBUG c.p.e.service.impl.CustomUserDetails - ======================================
2026-08-10 09:24:41 [http-nio-8080-exec-7] DEBUG c.pcwk.ehr.controller.UserController - ---------------------------
2026-08-10 09:24:41 [http-nio-8080-exec-7] DEBUG c.pcwk.ehr.controller.UserController - doRetrieve()*
2026-08-10 09:24:41 [http-nio-8080-exec-7] DEBUG c.pcwk.ehr.controller.UserController - ---------------------------
2026-08-10 09:24:41 [http-nio-8080-exec-7] DEBUG c.pcwk.ehr.controller.UserController - 1.searchDiv: 
2026-08-10 09:24:41 [http-nio-8080-exec-7] DEBUG c.pcwk.ehr.controller.UserController - 2.searchWord: 
2026-08-10 09:24:41 [http-nio-8080-exec-7] DEBUG c.pcwk.ehr.controller.UserController - 2.1 dto: DTO [pageNo=1, pageSize=10, no=0, totalCnt=0, searchDiv=, searchWord=, searchMap={}, startNo=0, endNo=0, pre=false, next=false]
2026-08-10 09:24:41 [http-nio-8080-exec-7] DEBUG c.p.ehr.service.impl.UserServiceImpl - ======================================
2026-08-10 09:24:41 [http-nio-8080-exec-7] DEBUG c.p.ehr.service.impl.UserServiceImpl - doRetrieve()
2026-08-10 09:24:41 [http-nio-8080-exec-7] DEBUG c.p.ehr.service.impl.UserServiceImpl - ======================================
2026-08-10 09:24:41 [http-nio-8080-exec-7] DEBUG org.mybatis.spring.SqlSessionUtils - Creating a new SqlSession
2026-08-10 09:24:41 [http-nio-8080-exec-7] DEBUG org.mybatis.spring.SqlSessionUtils - SqlSession [org.apache.ibatis.session.defaults.DefaultSqlSession@7dbdc630] was not registered for synchronization because synchronization is not active
2026-08-10 09:24:41 [http-nio-8080-exec-7] DEBUG o.m.s.t.SpringManagedTransaction - JDBC Connection [HikariProxyConnection@1339469620 wrapping oracle.jdbc.driver.T4CConnection@34b6691e] will not be managed by Spring
2026-08-10 09:24:41 [http-nio-8080-exec-7] DEBUG c.p.ehr.mapper.UserMapper.doRetrieve - ==>  Preparing: SELECT A.*,B.* FROM( SELECT tt1.rnum no, tt1.user_id, tt1.name, tt1.password, tt1.login, tt1.recommend, tt1.email, DECODE(tt1.grade,1,'BASIC',2,'SILVER',3,'GOLD') grade, TO_CHAR(tt1.reg_dt,'YYYY/MM/DD') reg_dt FROM( SELECT ROWNUM rnum, t1.* FROM ( SELECT * FROM member ORDER BY reg_dt DESC )t1 WHERE ROWNUM <= ( ? * (? -1 ) + ? ) )tt1 WHERE rnum >= ( ? * (? -1 ) + 1 ) ) A CROSS JOIN ( SELECT COUNT(*) total_cnt FROM member ) B
2026-08-10 09:24:41 [http-nio-8080-exec-7] DEBUG c.p.ehr.mapper.UserMapper.doRetrieve - ==> Parameters: 10(Integer), 1(Integer), 10(Integer), 10(Integer), 1(Integer)
2026-08-10 09:24:41 [http-nio-8080-exec-7] DEBUG c.p.ehr.mapper.UserMapper.doRetrieve - <==      Total: 10
2026-08-10 09:24:41 [http-nio-8080-exec-7] DEBUG org.mybatis.spring.SqlSessionUtils - Closing non transactional SqlSession [org.apache.ibatis.session.defaults.DefaultSqlSession@7dbdc630]
2026-08-10 09:24:41 [http-nio-8080-exec-7] DEBUG c.p.e.service.impl.CustomUserDetails - ======================================
2026-08-10 09:24:41 [http-nio-8080-exec-7] DEBUG c.p.e.service.impl.CustomUserDetails - getUsername()
2026-08-10 09:24:41 [http-nio-8080-exec-7] DEBUG c.p.e.service.impl.CustomUserDetails - ======================================
2026-08-10 09:24:41 [http-nio-8080-exec-7] ERROR org.thymeleaf.TemplateEngine - [THYMELEAF][http-nio-8080-exec-7] Exception processing template "user/user_list": An error happened during template parsing (template: "class path resource [templates/user/user_list.html]")
org.thymeleaf.exceptions.TemplateInputException: An error happened during template parsing (template: "class path resource [templates/user/user_list.html]")
	at org.thymeleaf.templateparser.markup.AbstractMarkupTemplateParser.parse(AbstractMarkupTemplateParser.java:241)
	at org.thymeleaf.templateparser.markup.AbstractMarkupTemplateParser.parseStandalone(AbstractMarkupTemplateParser.java:100)
	at org.thymeleaf.engine.TemplateManager.parseAndProcess(TemplateManager.java:666)
	at org.thymeleaf.TemplateEngine.process(TemplateEngine.java:1103)
	at org.thymeleaf.TemplateEngine.process(TemplateEngine.java:1077)
	at org.thymeleaf.spring6.view.ThymeleafView.renderFragment(ThymeleafView.java:374)
	at org.thymeleaf.spring6.view.ThymeleafView.render(ThymeleafView.java:193)
	at org.springframework.web.servlet.DispatcherServlet.render(DispatcherServlet.java:1438)
	at org.springframework.web.servlet.DispatcherServlet.processDispatchResult(DispatcherServlet.java:1168)
	at org.springframework.web.servlet.DispatcherServlet.doDispatch(DispatcherServlet.java:1106)
	at org.springframework.web.servlet.DispatcherServlet.doService(DispatcherServlet.java:979)
	at org.springframework.web.servlet.FrameworkServlet.processRequest(FrameworkServlet.java:1014)
	at org.springframework.web.servlet.FrameworkServlet.doGet(FrameworkServlet.java:903)
	at jakarta.servlet.http.HttpServlet.service(HttpServlet.java:564)
	at org.springframework.web.servlet.FrameworkServlet.service(FrameworkServlet.java:885)
	at jakarta.servlet.http.HttpServlet.service(HttpServlet.java:658)
	at org.apache.catalina.core.ApplicationFilterChain.internalDoFilter(ApplicationFilterChain.java:193)
	at org.apache.catalina.core.ApplicationFilterChain.doFilter(ApplicationFilterChain.java:138)
	at org.apache.tomcat.websocket.server.WsFilter.doFilter(WsFilter.java:51)
	at org.apache.catalina.core.ApplicationFilterChain.internalDoFilter(ApplicationFilterChain.java:162)
	at org.apache.catalina.core.ApplicationFilterChain.doFilter(ApplicationFilterChain.java:138)
	at org.springframework.web.filter.CompositeFilter$VirtualFilterChain.doFilter(CompositeFilter.java:108)
	at org.springframework.web.filter.CompositeFilter$VirtualFilterChain.doFilter(CompositeFilter.java:108)
	at org.springframework.security.web.FilterChainProxy.lambda$doFilterInternal$3(FilterChainProxy.java:231)
	at org.springframework.security.web.FilterChainProxy$VirtualFilterChain.doFilter(FilterChainProxy.java:370)
	at org.springframework.security.web.access.intercept.AuthorizationFilter.doFilter(AuthorizationFilter.java:101)
	at org.springframework.security.web.FilterChainProxy$VirtualFilterChain.doFilter(FilterChainProxy.java:379)
	at org.springframework.security.web.access.ExceptionTranslationFilter.doFilter(ExceptionTranslationFilter.java:125)
	at org.springframework.security.web.access.ExceptionTranslationFilter.doFilter(ExceptionTranslationFilter.java:119)
	at org.springframework.security.web.FilterChainProxy$VirtualFilterChain.doFilter(FilterChainProxy.java:379)
	at org.springframework.security.web.authentication.AnonymousAuthenticationFilter.doFilter(AnonymousAuthenticationFilter.java:100)
	at org.springframework.security.web.FilterChainProxy$VirtualFilterChain.doFilter(FilterChainProxy.java:379)
	at org.springframework.security.web.servletapi.SecurityContextHolderAwareRequestFilter.doFilter(SecurityContextHolderAwareRequestFilter.java:179)
	at org.springframework.security.web.FilterChainProxy$VirtualFilterChain.doFilter(FilterChainProxy.java:379)
	at org.springframework.security.web.savedrequest.RequestCacheAwareFilter.doFilter(RequestCacheAwareFilter.java:63)
	at org.springframework.security.web.FilterChainProxy$VirtualFilterChain.doFilter(FilterChainProxy.java:379)
	at org.springframework.security.web.authentication.AbstractAuthenticationProcessingFilter.doFilter(AbstractAuthenticationProcessingFilter.java:235)
	at org.springframework.security.web.authentication.AbstractAuthenticationProcessingFilter.doFilter(AbstractAuthenticationProcessingFilter.java:229)
	at org.springframework.security.web.FilterChainProxy$VirtualFilterChain.doFilter(FilterChainProxy.java:379)
	at org.springframework.security.web.authentication.logout.LogoutFilter.doFilter(LogoutFilter.java:107)
	at org.springframework.security.web.authentication.logout.LogoutFilter.doFilter(LogoutFilter.java:93)
	at org.springframework.security.web.FilterChainProxy$VirtualFilterChain.doFilter(FilterChainProxy.java:379)
	at org.springframework.security.web.csrf.CsrfFilter.doFilterInternal(CsrfFilter.java:117)
	at org.springframework.web.filter.OncePerRequestFilter.doFilter(OncePerRequestFilter.java:116)
	at org.springframework.security.web.FilterChainProxy$VirtualFilterChain.doFilter(FilterChainProxy.java:379)
	at org.springframework.security.web.header.HeaderWriterFilter.doHeadersAfter(HeaderWriterFilter.java:90)
	at org.springframework.security.web.header.HeaderWriterFilter.doFilterInternal(HeaderWriterFilter.java:75)
	at org.springframework.web.filter.OncePerRequestFilter.doFilter(OncePerRequestFilter.java:116)
	at org.springframework.security.web.FilterChainProxy$VirtualFilterChain.doFilter(FilterChainProxy.java:379)
	at org.springframework.security.web.context.SecurityContextHolderFilter.doFilter(SecurityContextHolderFilter.java:82)
	at org.springframework.security.web.context.SecurityContextHolderFilter.doFilter(SecurityContextHolderFilter.java:69)
	at org.springframework.security.web.FilterChainProxy$VirtualFilterChain.doFilter(FilterChainProxy.java:379)
	at org.springframework.security.web.context.request.async.WebAsyncManagerIntegrationFilter.doFilterInternal(WebAsyncManagerIntegrationFilter.java:62)
	at org.springframework.web.filter.OncePerRequestFilter.doFilter(OncePerRequestFilter.java:116)
	at org.springframework.security.web.FilterChainProxy$VirtualFilterChain.doFilter(FilterChainProxy.java:379)
	at org.springframework.security.web.session.DisableEncodeUrlFilter.doFilterInternal(DisableEncodeUrlFilter.java:42)
	at org.springframework.web.filter.OncePerRequestFilter.doFilter(OncePerRequestFilter.java:116)
	at org.springframework.security.web.FilterChainProxy$VirtualFilterChain.doFilter(FilterChainProxy.java:379)
	at org.springframework.security.web.FilterChainProxy.doFilterInternal(FilterChainProxy.java:233)
	at org.springframework.security.web.FilterChainProxy.doFilter(FilterChainProxy.java:191)
	at org.springframework.web.filter.CompositeFilter$VirtualFilterChain.doFilter(CompositeFilter.java:113)
	at org.springframework.web.filter.ServletRequestPathFilter.doFilter(ServletRequestPathFilter.java:52)
	at org.springframework.web.filter.CompositeFilter$VirtualFilterChain.doFilter(CompositeFilter.java:113)
	at org.springframework.web.filter.CompositeFilter.doFilter(CompositeFilter.java:74)
	at org.springframework.security.config.annotation.web.configuration.WebSecurityConfiguration$CompositeFilterChainProxy.doFilter(WebSecurityConfiguration.java:319)
	at org.springframework.web.filter.CompositeFilter$VirtualFilterChain.doFilter(CompositeFilter.java:113)
	at org.springframework.web.servlet.handler.HandlerMappingIntrospector.lambda$createCacheFilter$4(HandlerMappingIntrospector.java:267)
	at org.springframework.web.filter.CompositeFilter$VirtualFilterChain.doFilter(CompositeFilter.java:113)
	at org.springframework.web.filter.CompositeFilter.doFilter(CompositeFilter.java:74)
	at org.springframework.security.config.annotation.web.configuration.WebMvcSecurityConfiguration$CompositeFilterChainProxy.doFilter(WebMvcSecurityConfiguration.java:240)
	at org.springframework.web.filter.DelegatingFilterProxy.invokeDelegate(DelegatingFilterProxy.java:362)
	at org.springframework.web.filter.DelegatingFilterProxy.doFilter(DelegatingFilterProxy.java:278)
	at org.apache.catalina.core.ApplicationFilterChain.internalDoFilter(ApplicationFilterChain.java:162)
	at org.apache.catalina.core.ApplicationFilterChain.doFilter(ApplicationFilterChain.java:138)
	at org.springframework.web.filter.RequestContextFilter.doFilterInternal(RequestContextFilter.java:100)
	at org.springframework.web.filter.OncePerRequestFilter.doFilter(OncePerRequestFilter.java:116)
	at org.apache.catalina.core.ApplicationFilterChain.internalDoFilter(ApplicationFilterChain.java:162)
	at org.apache.catalina.core.ApplicationFilterChain.doFilter(ApplicationFilterChain.java:138)
	at org.springframework.web.filter.FormContentFilter.doFilterInternal(FormContentFilter.java:93)
	at org.springframework.web.filter.OncePerRequestFilter.doFilter(OncePerRequestFilter.java:116)
	at org.apache.catalina.core.ApplicationFilterChain.internalDoFilter(ApplicationFilterChain.java:162)
	at org.apache.catalina.core.ApplicationFilterChain.doFilter(ApplicationFilterChain.java:138)
	at org.springframework.web.filter.CharacterEncodingFilter.doFilterInternal(CharacterEncodingFilter.java:201)
	at org.springframework.web.filter.OncePerRequestFilter.doFilter(OncePerRequestFilter.java:116)
	at org.apache.catalina.core.ApplicationFilterChain.internalDoFilter(ApplicationFilterChain.java:162)
	at org.apache.catalina.core.ApplicationFilterChain.doFilter(ApplicationFilterChain.java:138)
	at org.apache.catalina.core.StandardWrapperValve.invoke(StandardWrapperValve.java:165)
	at org.apache.catalina.core.StandardContextValve.invoke(StandardContextValve.java:88)
	at org.apache.catalina.authenticator.AuthenticatorBase.invoke(AuthenticatorBase.java:492)
	at org.apache.catalina.core.StandardHostValve.invoke(StandardHostValve.java:113)
	at org.apache.catalina.valves.ErrorReportValve.invoke(ErrorReportValve.java:83)
	at org.apache.catalina.core.StandardEngineValve.invoke(StandardEngineValve.java:72)
	at org.apache.catalina.connector.CoyoteAdapter.service(CoyoteAdapter.java:342)
	at org.apache.coyote.http11.Http11Processor.service(Http11Processor.java:399)
	at org.apache.coyote.AbstractProcessorLight.process(AbstractProcessorLight.java:63)
	at org.apache.coyote.AbstractProtocol$ConnectionHandler.process(AbstractProtocol.java:1272)
	at org.apache.tomcat.util.net.NioEndpoint$SocketProcessor.doRun(NioEndpoint.java:1797)
	at org.apache.tomcat.util.net.SocketProcessorBase.run(SocketProcessorBase.java:52)
	at org.apache.tomcat.util.threads.ThreadPoolExecutor.runWorker(ThreadPoolExecutor.java:973)
	at org.apache.tomcat.util.threads.ThreadPoolExecutor$Worker.run(ThreadPoolExecutor.java:491)
	at org.apache.tomcat.util.threads.TaskThread$WrappingRunnable.run(TaskThread.java:63)
	at java.base/java.lang.Thread.run(Thread.java:1583)
Caused by: org.attoparser.ParseException: Could not parse as expression: "@{/user/doSelectOne(userId=[[${vo.userId}]])}" (template: "user/user_list" - line 75, col 28)
	at org.attoparser.MarkupParser.parseDocument(MarkupParser.java:393)
	at org.attoparser.MarkupParser.parse(MarkupParser.java:257)
	at org.thymeleaf.templateparser.markup.AbstractMarkupTemplateParser.parse(AbstractMarkupTemplateParser.java:230)
	... 101 common frames omitted
Caused by: org.thymeleaf.exceptions.TemplateProcessingException: Could not parse as expression: "@{/user/doSelectOne(userId=[[${vo.userId}]])}" (template: "user/user_list" - line 75, col 28)
	at org.thymeleaf.standard.expression.StandardExpressionParser.parseExpression(StandardExpressionParser.java:131)
	at org.thymeleaf.standard.expression.StandardExpressionParser.parseExpression(StandardExpressionParser.java:62)
	at org.thymeleaf.standard.expression.StandardExpressionParser.parseExpression(StandardExpressionParser.java:44)
	at org.thymeleaf.engine.EngineEventUtils.parseAttributeExpression(EngineEventUtils.java:220)
	at org.thymeleaf.engine.EngineEventUtils.computeAttributeExpression(EngineEventUtils.java:207)
	at org.thymeleaf.standard.processor.AbstractStandardExpressionAttributeTagProcessor.doProcess(AbstractStandardExpressionAttributeTagProcessor.java:125)
	at org.thymeleaf.processor.element.AbstractAttributeTagProcessor.doProcess(AbstractAttributeTagProcessor.java:74)
	at org.thymeleaf.processor.element.AbstractElementTagProcessor.process(AbstractElementTagProcessor.java:95)
	at org.thymeleaf.util.ProcessorConfigurationUtils$ElementTagProcessorWrapper.process(ProcessorConfigurationUtils.java:633)
	at org.thymeleaf.engine.ProcessorTemplateHandler.handleOpenElement(ProcessorTemplateHandler.java:1314)
	at org.thymeleaf.engine.OpenElementTag.beHandled(OpenElementTag.java:205)
	at org.thymeleaf.engine.Model.process(Model.java:282)
	at org.thymeleaf.engine.Model.process(Model.java:290)
	at org.thymeleaf.engine.IteratedGatheringModelProcessable.processIterationModel(IteratedGatheringModelProcessable.java:368)
	at org.thymeleaf.engine.IteratedGatheringModelProcessable.process(IteratedGatheringModelProcessable.java:222)
	at org.thymeleaf.engine.ProcessorTemplateHandler.handleCloseElement(ProcessorTemplateHandler.java:1640)
	at org.thymeleaf.engine.CloseElementTag.beHandled(CloseElementTag.java:139)
	at org.thymeleaf.engine.Model.process(Model.java:282)
	at org.thymeleaf.engine.ProcessorTemplateHandler.handleOpenElement(ProcessorTemplateHandler.java:1587)
	at org.thymeleaf.engine.OpenElementTag.beHandled(OpenElementTag.java:205)
	at org.thymeleaf.engine.Model.process(Model.java:282)
	at org.thymeleaf.engine.ProcessorTemplateHandler.handleOpenElement(ProcessorTemplateHandler.java:1587)
	at org.thymeleaf.engine.OpenElementTag.beHandled(OpenElementTag.java:205)
	at org.thymeleaf.engine.Model.process(Model.java:282)
	at org.thymeleaf.engine.Model.process(Model.java:290)
	at org.thymeleaf.engine.GatheringModelProcessable.process(GatheringModelProcessable.java:78)
	at org.thymeleaf.engine.ProcessorTemplateHandler.handleCloseElement(ProcessorTemplateHandler.java:1640)
	at org.thymeleaf.engine.TemplateHandlerAdapterMarkupHandler.handleCloseElementEnd(TemplateHandlerAdapterMarkupHandler.java:388)
	at org.thymeleaf.templateparser.markup.InlinedOutputExpressionMarkupHandler$InlineMarkupAdapterPreProcessorHandler.handleCloseElementEnd(InlinedOutputExpressionMarkupHandler.java:322)
	at org.thymeleaf.standard.inline.OutputExpressionInlinePreProcessorHandler.handleCloseElementEnd(OutputExpressionInlinePreProcessorHandler.java:220)
	at org.thymeleaf.templateparser.markup.InlinedOutputExpressionMarkupHandler.handleCloseElementEnd(InlinedOutputExpressionMarkupHandler.java:164)
	at org.attoparser.HtmlElement.handleCloseElementEnd(HtmlElement.java:169)
	at org.attoparser.HtmlMarkupHandler.handleCloseElementEnd(HtmlMarkupHandler.java:412)
	at org.attoparser.MarkupEventProcessorHandler.handleCloseElementEnd(MarkupEventProcessorHandler.java:473)
	at org.attoparser.ParsingElementMarkupUtil.parseCloseElement(ParsingElementMarkupUtil.java:201)
	at org.attoparser.MarkupParser.parseBuffer(MarkupParser.java:725)
	at org.attoparser.MarkupParser.parseDocument(MarkupParser.java:301)
	... 103 common frames omitted
2026-08-10 09:24:41 [http-nio-8080-exec-7] DEBUG c.p.e.service.impl.CustomUserDetails - ======================================
2026-08-10 09:24:41 [http-nio-8080-exec-7] DEBUG c.p.e.service.impl.CustomUserDetails - getUsername()
2026-08-10 09:24:41 [http-nio-8080-exec-7] DEBUG c.p.e.service.impl.CustomUserDetails - ======================================
2026-08-10 09:24:41 [http-nio-8080-exec-7] ERROR o.a.c.c.C.[.[.[.[dispatcherServlet] - Servlet.service() for servlet [dispatcherServlet] in context with path [] threw exception [Request processing failed: org.thymeleaf.exceptions.TemplateInputException: An error happened during template parsing (template: "class path resource [templates/user/user_list.html]")] with root cause
org.thymeleaf.exceptions.TemplateProcessingException: Could not parse as expression: "@{/user/doSelectOne(userId=[[${vo.userId}]])}" (template: "user/user_list" - line 75, col 28)
	at org.thymeleaf.standard.expression.StandardExpressionParser.parseExpression(StandardExpressionParser.java:131)
	at org.thymeleaf.standard.expression.StandardExpressionParser.parseExpression(StandardExpressionParser.java:62)
	at org.thymeleaf.standard.expression.StandardExpressionParser.parseExpression(StandardExpressionParser.java:44)
	at org.thymeleaf.engine.EngineEventUtils.parseAttributeExpression(EngineEventUtils.java:220)
	at org.thymeleaf.engine.EngineEventUtils.computeAttributeExpression(EngineEventUtils.java:207)
	at org.thymeleaf.standard.processor.AbstractStandardExpressionAttributeTagProcessor.doProcess(AbstractStandardExpressionAttributeTagProcessor.java:125)
	at org.thymeleaf.processor.element.AbstractAttributeTagProcessor.doProcess(AbstractAttributeTagProcessor.java:74)
	at org.thymeleaf.processor.element.AbstractElementTagProcessor.process(AbstractElementTagProcessor.java:95)
	at org.thymeleaf.util.ProcessorConfigurationUtils$ElementTagProcessorWrapper.process(ProcessorConfigurationUtils.java:633)
	at org.thymeleaf.engine.ProcessorTemplateHandler.handleOpenElement(ProcessorTemplateHandler.java:1314)
	at org.thymeleaf.engine.OpenElementTag.beHandled(OpenElementTag.java:205)
	at org.thymeleaf.engine.Model.process(Model.java:282)
	at org.thymeleaf.engine.Model.process(Model.java:290)
	at org.thymeleaf.engine.IteratedGatheringModelProcessable.processIterationModel(IteratedGatheringModelProcessable.java:368)
	at org.thymeleaf.engine.IteratedGatheringModelProcessable.process(IteratedGatheringModelProcessable.java:222)
	at org.thymeleaf.engine.ProcessorTemplateHandler.handleCloseElement(ProcessorTemplateHandler.java:1640)
	at org.thymeleaf.engine.CloseElementTag.beHandled(CloseElementTag.java:139)
	at org.thymeleaf.engine.Model.process(Model.java:282)
	at org.thymeleaf.engine.ProcessorTemplateHandler.handleOpenElement(ProcessorTemplateHandler.java:1587)
	at org.thymeleaf.engine.OpenElementTag.beHandled(OpenElementTag.java:205)
	at org.thymeleaf.engine.Model.process(Model.java:282)
	at org.thymeleaf.engine.ProcessorTemplateHandler.handleOpenElement(ProcessorTemplateHandler.java:1587)
	at org.thymeleaf.engine.OpenElementTag.beHandled(OpenElementTag.java:205)
	at org.thymeleaf.engine.Model.process(Model.java:282)
	at org.thymeleaf.engine.Model.process(Model.java:290)
	at org.thymeleaf.engine.GatheringModelProcessable.process(GatheringModelProcessable.java:78)
	at org.thymeleaf.engine.ProcessorTemplateHandler.handleCloseElement(ProcessorTemplateHandler.java:1640)
	at org.thymeleaf.engine.TemplateHandlerAdapterMarkupHandler.handleCloseElementEnd(TemplateHandlerAdapterMarkupHandler.java:388)
	at org.thymeleaf.templateparser.markup.InlinedOutputExpressionMarkupHandler$InlineMarkupAdapterPreProcessorHandler.handleCloseElementEnd(InlinedOutputExpressionMarkupHandler.java:322)
	at org.thymeleaf.standard.inline.OutputExpressionInlinePreProcessorHandler.handleCloseElementEnd(OutputExpressionInlinePreProcessorHandler.java:220)
	at org.thymeleaf.templateparser.markup.InlinedOutputExpressionMarkupHandler.handleCloseElementEnd(InlinedOutputExpressionMarkupHandler.java:164)
	at org.attoparser.HtmlElement.handleCloseElementEnd(HtmlElement.java:169)
	at org.attoparser.HtmlMarkupHandler.handleCloseElementEnd(HtmlMarkupHandler.java:412)
	at org.attoparser.MarkupEventProcessorHandler.handleCloseElementEnd(MarkupEventProcessorHandler.java:473)
	at org.attoparser.ParsingElementMarkupUtil.parseCloseElement(ParsingElementMarkupUtil.java:201)
	at org.attoparser.MarkupParser.parseBuffer(MarkupParser.java:725)
	at org.attoparser.MarkupParser.parseDocument(MarkupParser.java:301)
	at org.attoparser.MarkupParser.parse(MarkupParser.java:257)
	at org.thymeleaf.templateparser.markup.AbstractMarkupTemplateParser.parse(AbstractMarkupTemplateParser.java:230)
	at org.thymeleaf.templateparser.markup.AbstractMarkupTemplateParser.parseStandalone(AbstractMarkupTemplateParser.java:100)
	at org.thymeleaf.engine.TemplateManager.parseAndProcess(TemplateManager.java:666)
	at org.thymeleaf.TemplateEngine.process(TemplateEngine.java:1103)
	at org.thymeleaf.TemplateEngine.process(TemplateEngine.java:1077)
	at org.thymeleaf.spring6.view.ThymeleafView.renderFragment(ThymeleafView.java:374)
	at org.thymeleaf.spring6.view.ThymeleafView.render(ThymeleafView.java:193)
	at org.springframework.web.servlet.DispatcherServlet.render(DispatcherServlet.java:1438)
	at org.springframework.web.servlet.DispatcherServlet.processDispatchResult(DispatcherServlet.java:1168)
	at org.springframework.web.servlet.DispatcherServlet.doDispatch(DispatcherServlet.java:1106)
	at org.springframework.web.servlet.DispatcherServlet.doService(DispatcherServlet.java:979)
	at org.springframework.web.servlet.FrameworkServlet.processRequest(FrameworkServlet.java:1014)
	at org.springframework.web.servlet.FrameworkServlet.doGet(FrameworkServlet.java:903)
	at jakarta.servlet.http.HttpServlet.service(HttpServlet.java:564)
	at org.springframework.web.servlet.FrameworkServlet.service(FrameworkServlet.java:885)
	at jakarta.servlet.http.HttpServlet.service(HttpServlet.java:658)
	at org.apache.catalina.core.ApplicationFilterChain.internalDoFilter(ApplicationFilterChain.java:193)
	at org.apache.catalina.core.ApplicationFilterChain.doFilter(ApplicationFilterChain.java:138)
	at org.apache.tomcat.websocket.server.WsFilter.doFilter(WsFilter.java:51)
	at org.apache.catalina.core.ApplicationFilterChain.internalDoFilter(ApplicationFilterChain.java:162)
	at org.apache.catalina.core.ApplicationFilterChain.doFilter(ApplicationFilterChain.java:138)
	at org.springframework.web.filter.CompositeFilter$VirtualFilterChain.doFilter(CompositeFilter.java:108)
	at org.springframework.web.filter.CompositeFilter$VirtualFilterChain.doFilter(CompositeFilter.java:108)
	at org.springframework.security.web.FilterChainProxy.lambda$doFilterInternal$3(FilterChainProxy.java:231)
	at org.springframework.security.web.FilterChainProxy$VirtualFilterChain.doFilter(FilterChainProxy.java:370)
	at org.springframework.security.web.access.intercept.AuthorizationFilter.doFilter(AuthorizationFilter.java:101)
	at org.springframework.security.web.FilterChainProxy$VirtualFilterChain.doFilter(FilterChainProxy.java:379)
	at org.springframework.security.web.access.ExceptionTranslationFilter.doFilter(ExceptionTranslationFilter.java:125)
	at org.springframework.security.web.access.ExceptionTranslationFilter.doFilter(ExceptionTranslationFilter.java:119)
	at org.springframework.security.web.FilterChainProxy$VirtualFilterChain.doFilter(FilterChainProxy.java:379)
	at org.springframework.security.web.authentication.AnonymousAuthenticationFilter.doFilter(AnonymousAuthenticationFilter.java:100)
	at org.springframework.security.web.FilterChainProxy$VirtualFilterChain.doFilter(FilterChainProxy.java:379)
	at org.springframework.security.web.servletapi.SecurityContextHolderAwareRequestFilter.doFilter(SecurityContextHolderAwareRequestFilter.java:179)
	at org.springframework.security.web.FilterChainProxy$VirtualFilterChain.doFilter(FilterChainProxy.java:379)
	at org.springframework.security.web.savedrequest.RequestCacheAwareFilter.doFilter(RequestCacheAwareFilter.java:63)
	at org.springframework.security.web.FilterChainProxy$VirtualFilterChain.doFilter(FilterChainProxy.java:379)
	at org.springframework.security.web.authentication.AbstractAuthenticationProcessingFilter.doFilter(AbstractAuthenticationProcessingFilter.java:235)
	at org.springframework.security.web.authentication.AbstractAuthenticationProcessingFilter.doFilter(AbstractAuthenticationProcessingFilter.java:229)
	at org.springframework.security.web.FilterChainProxy$VirtualFilterChain.doFilter(FilterChainProxy.java:379)
	at org.springframework.security.web.authentication.logout.LogoutFilter.doFilter(LogoutFilter.java:107)
	at org.springframework.security.web.authentication.logout.LogoutFilter.doFilter(LogoutFilter.java:93)
	at org.springframework.security.web.FilterChainProxy$VirtualFilterChain.doFilter(FilterChainProxy.java:379)
	at org.springframework.security.web.csrf.CsrfFilter.doFilterInternal(CsrfFilter.java:117)
	at org.springframework.web.filter.OncePerRequestFilter.doFilter(OncePerRequestFilter.java:116)
	at org.springframework.security.web.FilterChainProxy$VirtualFilterChain.doFilter(FilterChainProxy.java:379)
	at org.springframework.security.web.header.HeaderWriterFilter.doHeadersAfter(HeaderWriterFilter.java:90)
	at org.springframework.security.web.header.HeaderWriterFilter.doFilterInternal(HeaderWriterFilter.java:75)
	at org.springframework.web.filter.OncePerRequestFilter.doFilter(OncePerRequestFilter.java:116)
	at org.springframework.security.web.FilterChainProxy$VirtualFilterChain.doFilter(FilterChainProxy.java:379)
	at org.springframework.security.web.context.SecurityContextHolderFilter.doFilter(SecurityContextHolderFilter.java:82)
	at org.springframework.security.web.context.SecurityContextHolderFilter.doFilter(SecurityContextHolderFilter.java:69)
	at org.springframework.security.web.FilterChainProxy$VirtualFilterChain.doFilter(FilterChainProxy.java:379)
	at org.springframework.security.web.context.request.async.WebAsyncManagerIntegrationFilter.doFilterInternal(WebAsyncManagerIntegrationFilter.java:62)
	at org.springframework.web.filter.OncePerRequestFilter.doFilter(OncePerRequestFilter.java:116)
	at org.springframework.security.web.FilterChainProxy$VirtualFilterChain.doFilter(FilterChainProxy.java:379)
	at org.springframework.security.web.session.DisableEncodeUrlFilter.doFilterInternal(DisableEncodeUrlFilter.java:42)
	at org.springframework.web.filter.OncePerRequestFilter.doFilter(OncePerRequestFilter.java:116)
	at org.springframework.security.web.FilterChainProxy$VirtualFilterChain.doFilter(FilterChainProxy.java:379)
	at org.springframework.security.web.FilterChainProxy.doFilterInternal(FilterChainProxy.java:233)
	at org.springframework.security.web.FilterChainProxy.doFilter(FilterChainProxy.java:191)
	at org.springframework.web.filter.CompositeFilter$VirtualFilterChain.doFilter(CompositeFilter.java:113)
	at org.springframework.web.filter.ServletRequestPathFilter.doFilter(ServletRequestPathFilter.java:52)
	at org.springframework.web.filter.CompositeFilter$VirtualFilterChain.doFilter(CompositeFilter.java:113)
	at org.springframework.web.filter.CompositeFilter.doFilter(CompositeFilter.java:74)
	at org.springframework.security.config.annotation.web.configuration.WebSecurityConfiguration$CompositeFilterChainProxy.doFilter(WebSecurityConfiguration.java:319)
	at org.springframework.web.filter.CompositeFilter$VirtualFilterChain.doFilter(CompositeFilter.java:113)
	at org.springframework.web.servlet.handler.HandlerMappingIntrospector.lambda$createCacheFilter$4(HandlerMappingIntrospector.java:267)
	at org.springframework.web.filter.CompositeFilter$VirtualFilterChain.doFilter(CompositeFilter.java:113)
	at org.springframework.web.filter.CompositeFilter.doFilter(CompositeFilter.java:74)
	at org.springframework.security.config.annotation.web.configuration.WebMvcSecurityConfiguration$CompositeFilterChainProxy.doFilter(WebMvcSecurityConfiguration.java:240)
	at org.springframework.web.filter.DelegatingFilterProxy.invokeDelegate(DelegatingFilterProxy.java:362)
	at org.springframework.web.filter.DelegatingFilterProxy.doFilter(DelegatingFilterProxy.java:278)
	at org.apache.catalina.core.ApplicationFilterChain.internalDoFilter(ApplicationFilterChain.java:162)
	at org.apache.catalina.core.ApplicationFilterChain.doFilter(ApplicationFilterChain.java:138)
	at org.springframework.web.filter.RequestContextFilter.doFilterInternal(RequestContextFilter.java:100)
	at org.springframework.web.filter.OncePerRequestFilter.doFilter(OncePerRequestFilter.java:116)
	at org.apache.catalina.core.ApplicationFilterChain.internalDoFilter(ApplicationFilterChain.java:162)
	at org.apache.catalina.core.ApplicationFilterChain.doFilter(ApplicationFilterChain.java:138)
	at org.springframework.web.filter.FormContentFilter.doFilterInternal(FormContentFilter.java:93)
	at org.springframework.web.filter.OncePerRequestFilter.doFilter(OncePerRequestFilter.java:116)
	at org.apache.catalina.core.ApplicationFilterChain.internalDoFilter(ApplicationFilterChain.java:162)
	at org.apache.catalina.core.ApplicationFilterChain.doFilter(ApplicationFilterChain.java:138)
	at org.springframework.web.filter.CharacterEncodingFilter.doFilterInternal(CharacterEncodingFilter.java:201)
	at org.springframework.web.filter.OncePerRequestFilter.doFilter(OncePerRequestFilter.java:116)
	at org.apache.catalina.core.ApplicationFilterChain.internalDoFilter(ApplicationFilterChain.java:162)
	at org.apache.catalina.core.ApplicationFilterChain.doFilter(ApplicationFilterChain.java:138)
	at org.apache.catalina.core.StandardWrapperValve.invoke(StandardWrapperValve.java:165)
	at org.apache.catalina.core.StandardContextValve.invoke(StandardContextValve.java:88)
	at org.apache.catalina.authenticator.AuthenticatorBase.invoke(AuthenticatorBase.java:492)
	at org.apache.catalina.core.StandardHostValve.invoke(StandardHostValve.java:113)
	at org.apache.catalina.valves.ErrorReportValve.invoke(ErrorReportValve.java:83)
	at org.apache.catalina.core.StandardEngineValve.invoke(StandardEngineValve.java:72)
	at org.apache.catalina.connector.CoyoteAdapter.service(CoyoteAdapter.java:342)
	at org.apache.coyote.http11.Http11Processor.service(Http11Processor.java:399)
	at org.apache.coyote.AbstractProcessorLight.process(AbstractProcessorLight.java:63)
	at org.apache.coyote.AbstractProtocol$ConnectionHandler.process(AbstractProtocol.java:1272)
	at org.apache.tomcat.util.net.NioEndpoint$SocketProcessor.doRun(NioEndpoint.java:1797)
	at org.apache.tomcat.util.net.SocketProcessorBase.run(SocketProcessorBase.java:52)
	at org.apache.tomcat.util.threads.ThreadPoolExecutor.runWorker(ThreadPoolExecutor.java:973)
	at org.apache.tomcat.util.threads.ThreadPoolExecutor$Worker.run(ThreadPoolExecutor.java:491)
	at org.apache.tomcat.util.threads.TaskThread$WrappingRunnable.run(TaskThread.java:63)
	at java.base/java.lang.Thread.run(Thread.java:1583)
2026-08-10 09:24:41 [http-nio-8080-exec-7] DEBUG c.p.e.service.impl.CustomUserDetails - ======================================
2026-08-10 09:24:41 [http-nio-8080-exec-7] DEBUG c.p.e.service.impl.CustomUserDetails - getUsername()
2026-08-10 09:24:41 [http-nio-8080-exec-7] DEBUG c.p.e.service.impl.CustomUserDetails - ======================================
2026-08-10 09:24:44 [http-nio-8080-exec-4] DEBUG c.pcwk.ehr.controller.MainController - ==============================
2026-08-10 09:24:44 [http-nio-8080-exec-4] DEBUG c.pcwk.ehr.controller.MainController - index()
2026-08-10 09:24:44 [http-nio-8080-exec-4] DEBUG c.pcwk.ehr.controller.MainController - ==============================
2026-08-10 09:24:44 [http-nio-8080-exec-4] DEBUG c.pcwk.ehr.controller.MainController - user:com.pcwk.ehr.service.impl.CustomUserDetails@33dceec1
2026-08-10 09:24:44 [http-nio-8080-exec-4] DEBUG c.p.e.service.impl.CustomUserDetails - ======================================
2026-08-10 09:24:44 [http-nio-8080-exec-4] DEBUG c.p.e.service.impl.CustomUserDetails - getUsername()
2026-08-10 09:24:44 [http-nio-8080-exec-4] DEBUG c.p.e.service.impl.CustomUserDetails - ======================================
2026-08-10 09:24:44 [http-nio-8080-exec-4] DEBUG c.pcwk.ehr.controller.MainController - user.getUsername():pcwk1
2026-08-10 09:24:44 [http-nio-8080-exec-4] DEBUG c.p.e.service.impl.CustomUserDetails - ======================================
2026-08-10 09:24:44 [http-nio-8080-exec-4] DEBUG c.p.e.service.impl.CustomUserDetails - getUsername()
2026-08-10 09:24:44 [http-nio-8080-exec-4] DEBUG c.p.e.service.impl.CustomUserDetails - ======================================
2026-08-10 09:24:44 [http-nio-8080-exec-4] DEBUG c.p.e.service.impl.CustomUserDetails - ======================================
2026-08-10 09:24:44 [http-nio-8080-exec-4] DEBUG c.p.e.service.impl.CustomUserDetails - getUsername()
2026-08-10 09:24:44 [http-nio-8080-exec-4] DEBUG c.p.e.service.impl.CustomUserDetails - ======================================
2026-08-10 09:24:44 [http-nio-8080-exec-2] DEBUG c.p.e.service.impl.CustomUserDetails - ======================================
2026-08-10 09:24:44 [http-nio-8080-exec-2] DEBUG c.p.e.service.impl.CustomUserDetails - getUsername()
2026-08-10 09:24:44 [http-nio-8080-exec-2] DEBUG c.p.e.service.impl.CustomUserDetails - ======================================
2026-08-10 09:24:44 [http-nio-8080-exec-3] DEBUG c.p.e.service.impl.CustomUserDetails - ======================================
2026-08-10 09:24:44 [http-nio-8080-exec-8] DEBUG c.p.e.service.impl.CustomUserDetails - ======================================
2026-08-10 09:24:44 [http-nio-8080-exec-3] DEBUG c.p.e.service.impl.CustomUserDetails - getUsername()
2026-08-10 09:24:44 [http-nio-8080-exec-8] DEBUG c.p.e.service.impl.CustomUserDetails - getUsername()
2026-08-10 09:24:44 [http-nio-8080-exec-8] DEBUG c.p.e.service.impl.CustomUserDetails - ======================================
2026-08-10 09:24:44 [http-nio-8080-exec-3] DEBUG c.p.e.service.impl.CustomUserDetails - ======================================
2026-08-10 09:24:44 [http-nio-8080-exec-6] DEBUG c.p.e.service.impl.CustomUserDetails - ======================================
2026-08-10 09:24:44 [http-nio-8080-exec-6] DEBUG c.p.e.service.impl.CustomUserDetails - getUsername()
2026-08-10 09:24:44 [http-nio-8080-exec-6] DEBUG c.p.e.service.impl.CustomUserDetails - ======================================
2026-08-10 09:24:46 [http-nio-8080-exec-5] DEBUG c.pcwk.ehr.controller.UserController - ---------------------------
2026-08-10 09:24:46 [http-nio-8080-exec-5] DEBUG c.pcwk.ehr.controller.UserController - doRetrieve()*
2026-08-10 09:24:46 [http-nio-8080-exec-5] DEBUG c.pcwk.ehr.controller.UserController - ---------------------------
2026-08-10 09:24:46 [http-nio-8080-exec-5] DEBUG c.pcwk.ehr.controller.UserController - 1.searchDiv: 
2026-08-10 09:24:46 [http-nio-8080-exec-5] DEBUG c.pcwk.ehr.controller.UserController - 2.searchWord: 
2026-08-10 09:24:46 [http-nio-8080-exec-5] DEBUG c.pcwk.ehr.controller.UserController - 2.1 dto: DTO [pageNo=1, pageSize=10, no=0, totalCnt=0, searchDiv=, searchWord=, searchMap={}, startNo=0, endNo=0, pre=false, next=false]
2026-08-10 09:24:46 [http-nio-8080-exec-5] DEBUG c.p.ehr.service.impl.UserServiceImpl - ======================================
2026-08-10 09:24:46 [http-nio-8080-exec-5] DEBUG c.p.ehr.service.impl.UserServiceImpl - doRetrieve()
2026-08-10 09:24:46 [http-nio-8080-exec-5] DEBUG c.p.ehr.service.impl.UserServiceImpl - ======================================
2026-08-10 09:24:46 [http-nio-8080-exec-5] DEBUG org.mybatis.spring.SqlSessionUtils - Creating a new SqlSession
2026-08-10 09:24:46 [http-nio-8080-exec-5] DEBUG org.mybatis.spring.SqlSessionUtils - SqlSession [org.apache.ibatis.session.defaults.DefaultSqlSession@630bfeb3] was not registered for synchronization because synchronization is not active
2026-08-10 09:24:46 [http-nio-8080-exec-5] DEBUG o.m.s.t.SpringManagedTransaction - JDBC Connection [HikariProxyConnection@1869600927 wrapping oracle.jdbc.driver.T4CConnection@34b6691e] will not be managed by Spring
2026-08-10 09:24:46 [http-nio-8080-exec-5] DEBUG c.p.ehr.mapper.UserMapper.doRetrieve - ==>  Preparing: SELECT A.*,B.* FROM( SELECT tt1.rnum no, tt1.user_id, tt1.name, tt1.password, tt1.login, tt1.recommend, tt1.email, DECODE(tt1.grade,1,'BASIC',2,'SILVER',3,'GOLD') grade, TO_CHAR(tt1.reg_dt,'YYYY/MM/DD') reg_dt FROM( SELECT ROWNUM rnum, t1.* FROM ( SELECT * FROM member ORDER BY reg_dt DESC )t1 WHERE ROWNUM <= ( ? * (? -1 ) + ? ) )tt1 WHERE rnum >= ( ? * (? -1 ) + 1 ) ) A CROSS JOIN ( SELECT COUNT(*) total_cnt FROM member ) B
2026-08-10 09:24:46 [http-nio-8080-exec-5] DEBUG c.p.ehr.mapper.UserMapper.doRetrieve - ==> Parameters: 10(Integer), 1(Integer), 10(Integer), 10(Integer), 1(Integer)
2026-08-10 09:24:46 [http-nio-8080-exec-5] DEBUG c.p.ehr.mapper.UserMapper.doRetrieve - <==      Total: 10
2026-08-10 09:24:46 [http-nio-8080-exec-5] DEBUG org.mybatis.spring.SqlSessionUtils - Closing non transactional SqlSession [org.apache.ibatis.session.defaults.DefaultSqlSession@630bfeb3]
2026-08-10 09:24:46 [http-nio-8080-exec-5] DEBUG c.p.e.service.impl.CustomUserDetails - ======================================
2026-08-10 09:24:46 [http-nio-8080-exec-5] DEBUG c.p.e.service.impl.CustomUserDetails - getUsername()
2026-08-10 09:24:46 [http-nio-8080-exec-5] DEBUG c.p.e.service.impl.CustomUserDetails - ======================================
2026-08-10 09:24:46 [http-nio-8080-exec-5] ERROR org.thymeleaf.TemplateEngine - [THYMELEAF][http-nio-8080-exec-5] Exception processing template "user/user_list": An error happened during template parsing (template: "class path resource [templates/user/user_list.html]")
org.thymeleaf.exceptions.TemplateInputException: An error happened during template parsing (template: "class path resource [templates/user/user_list.html]")
	at org.thymeleaf.templateparser.markup.AbstractMarkupTemplateParser.parse(AbstractMarkupTemplateParser.java:241)
	at org.thymeleaf.templateparser.markup.AbstractMarkupTemplateParser.parseStandalone(AbstractMarkupTemplateParser.java:100)
	at org.thymeleaf.engine.TemplateManager.parseAndProcess(TemplateManager.java:666)
	at org.thymeleaf.TemplateEngine.process(TemplateEngine.java:1103)
	at org.thymeleaf.TemplateEngine.process(TemplateEngine.java:1077)
	at org.thymeleaf.spring6.view.ThymeleafView.renderFragment(ThymeleafView.java:374)
	at org.thymeleaf.spring6.view.ThymeleafView.render(ThymeleafView.java:193)
	at org.springframework.web.servlet.DispatcherServlet.render(DispatcherServlet.java:1438)
	at org.springframework.web.servlet.DispatcherServlet.processDispatchResult(DispatcherServlet.java:1168)
	at org.springframework.web.servlet.DispatcherServlet.doDispatch(DispatcherServlet.java:1106)
	at org.springframework.web.servlet.DispatcherServlet.doService(DispatcherServlet.java:979)
	at org.springframework.web.servlet.FrameworkServlet.processRequest(FrameworkServlet.java:1014)
	at org.springframework.web.servlet.FrameworkServlet.doGet(FrameworkServlet.java:903)
	at jakarta.servlet.http.HttpServlet.service(HttpServlet.java:564)
	at org.springframework.web.servlet.FrameworkServlet.service(FrameworkServlet.java:885)
	at jakarta.servlet.http.HttpServlet.service(HttpServlet.java:658)
	at org.apache.catalina.core.ApplicationFilterChain.internalDoFilter(ApplicationFilterChain.java:193)
	at org.apache.catalina.core.ApplicationFilterChain.doFilter(ApplicationFilterChain.java:138)
	at org.apache.tomcat.websocket.server.WsFilter.doFilter(WsFilter.java:51)
	at org.apache.catalina.core.ApplicationFilterChain.internalDoFilter(ApplicationFilterChain.java:162)
	at org.apache.catalina.core.ApplicationFilterChain.doFilter(ApplicationFilterChain.java:138)
	at org.springframework.web.filter.CompositeFilter$VirtualFilterChain.doFilter(CompositeFilter.java:108)
	at org.springframework.web.filter.CompositeFilter$VirtualFilterChain.doFilter(CompositeFilter.java:108)
	at org.springframework.security.web.FilterChainProxy.lambda$doFilterInternal$3(FilterChainProxy.java:231)
	at org.springframework.security.web.FilterChainProxy$VirtualFilterChain.doFilter(FilterChainProxy.java:370)
	at org.springframework.security.web.access.intercept.AuthorizationFilter.doFilter(AuthorizationFilter.java:101)
	at org.springframework.security.web.FilterChainProxy$VirtualFilterChain.doFilter(FilterChainProxy.java:379)
	at org.springframework.security.web.access.ExceptionTranslationFilter.doFilter(ExceptionTranslationFilter.java:125)
	at org.springframework.security.web.access.ExceptionTranslationFilter.doFilter(ExceptionTranslationFilter.java:119)
	at org.springframework.security.web.FilterChainProxy$VirtualFilterChain.doFilter(FilterChainProxy.java:379)
	at org.springframework.security.web.authentication.AnonymousAuthenticationFilter.doFilter(AnonymousAuthenticationFilter.java:100)
	at org.springframework.security.web.FilterChainProxy$VirtualFilterChain.doFilter(FilterChainProxy.java:379)
	at org.springframework.security.web.servletapi.SecurityContextHolderAwareRequestFilter.doFilter(SecurityContextHolderAwareRequestFilter.java:179)
	at org.springframework.security.web.FilterChainProxy$VirtualFilterChain.doFilter(FilterChainProxy.java:379)
	at org.springframework.security.web.savedrequest.RequestCacheAwareFilter.doFilter(RequestCacheAwareFilter.java:63)
	at org.springframework.security.web.FilterChainProxy$VirtualFilterChain.doFilter(FilterChainProxy.java:379)
	at org.springframework.security.web.authentication.AbstractAuthenticationProcessingFilter.doFilter(AbstractAuthenticationProcessingFilter.java:235)
	at org.springframework.security.web.authentication.AbstractAuthenticationProcessingFilter.doFilter(AbstractAuthenticationProcessingFilter.java:229)
	at org.springframework.security.web.FilterChainProxy$VirtualFilterChain.doFilter(FilterChainProxy.java:379)
	at org.springframework.security.web.authentication.logout.LogoutFilter.doFilter(LogoutFilter.java:107)
	at org.springframework.security.web.authentication.logout.LogoutFilter.doFilter(LogoutFilter.java:93)
	at org.springframework.security.web.FilterChainProxy$VirtualFilterChain.doFilter(FilterChainProxy.java:379)
	at org.springframework.security.web.csrf.CsrfFilter.doFilterInternal(CsrfFilter.java:117)
	at org.springframework.web.filter.OncePerRequestFilter.doFilter(OncePerRequestFilter.java:116)
	at org.springframework.security.web.FilterChainProxy$VirtualFilterChain.doFilter(FilterChainProxy.java:379)
	at org.springframework.security.web.header.HeaderWriterFilter.doHeadersAfter(HeaderWriterFilter.java:90)
	at org.springframework.security.web.header.HeaderWriterFilter.doFilterInternal(HeaderWriterFilter.java:75)
	at org.springframework.web.filter.OncePerRequestFilter.doFilter(OncePerRequestFilter.java:116)
	at org.springframework.security.web.FilterChainProxy$VirtualFilterChain.doFilter(FilterChainProxy.java:379)
	at org.springframework.security.web.context.SecurityContextHolderFilter.doFilter(SecurityContextHolderFilter.java:82)
	at org.springframework.security.web.context.SecurityContextHolderFilter.doFilter(SecurityContextHolderFilter.java:69)
	at org.springframework.security.web.FilterChainProxy$VirtualFilterChain.doFilter(FilterChainProxy.java:379)
	at org.springframework.security.web.context.request.async.WebAsyncManagerIntegrationFilter.doFilterInternal(WebAsyncManagerIntegrationFilter.java:62)
	at org.springframework.web.filter.OncePerRequestFilter.doFilter(OncePerRequestFilter.java:116)
	at org.springframework.security.web.FilterChainProxy$VirtualFilterChain.doFilter(FilterChainProxy.java:379)
	at org.springframework.security.web.session.DisableEncodeUrlFilter.doFilterInternal(DisableEncodeUrlFilter.java:42)
	at org.springframework.web.filter.OncePerRequestFilter.doFilter(OncePerRequestFilter.java:116)
	at org.springframework.security.web.FilterChainProxy$VirtualFilterChain.doFilter(FilterChainProxy.java:379)
	at org.springframework.security.web.FilterChainProxy.doFilterInternal(FilterChainProxy.java:233)
	at org.springframework.security.web.FilterChainProxy.doFilter(FilterChainProxy.java:191)
	at org.springframework.web.filter.CompositeFilter$VirtualFilterChain.doFilter(CompositeFilter.java:113)
	at org.springframework.web.filter.ServletRequestPathFilter.doFilter(ServletRequestPathFilter.java:52)
	at org.springframework.web.filter.CompositeFilter$VirtualFilterChain.doFilter(CompositeFilter.java:113)
	at org.springframework.web.filter.CompositeFilter.doFilter(CompositeFilter.java:74)
	at org.springframework.security.config.annotation.web.configuration.WebSecurityConfiguration$CompositeFilterChainProxy.doFilter(WebSecurityConfiguration.java:319)
	at org.springframework.web.filter.CompositeFilter$VirtualFilterChain.doFilter(CompositeFilter.java:113)
	at org.springframework.web.servlet.handler.HandlerMappingIntrospector.lambda$createCacheFilter$4(HandlerMappingIntrospector.java:267)
	at org.springframework.web.filter.CompositeFilter$VirtualFilterChain.doFilter(CompositeFilter.java:113)
	at org.springframework.web.filter.CompositeFilter.doFilter(CompositeFilter.java:74)
	at org.springframework.security.config.annotation.web.configuration.WebMvcSecurityConfiguration$CompositeFilterChainProxy.doFilter(WebMvcSecurityConfiguration.java:240)
	at org.springframework.web.filter.DelegatingFilterProxy.invokeDelegate(DelegatingFilterProxy.java:362)
	at org.springframework.web.filter.DelegatingFilterProxy.doFilter(DelegatingFilterProxy.java:278)
	at org.apache.catalina.core.ApplicationFilterChain.internalDoFilter(ApplicationFilterChain.java:162)
	at org.apache.catalina.core.ApplicationFilterChain.doFilter(ApplicationFilterChain.java:138)
	at org.springframework.web.filter.RequestContextFilter.doFilterInternal(RequestContextFilter.java:100)
	at org.springframework.web.filter.OncePerRequestFilter.doFilter(OncePerRequestFilter.java:116)
	at org.apache.catalina.core.ApplicationFilterChain.internalDoFilter(ApplicationFilterChain.java:162)
	at org.apache.catalina.core.ApplicationFilterChain.doFilter(ApplicationFilterChain.java:138)
	at org.springframework.web.filter.FormContentFilter.doFilterInternal(FormContentFilter.java:93)
	at org.springframework.web.filter.OncePerRequestFilter.doFilter(OncePerRequestFilter.java:116)
	at org.apache.catalina.core.ApplicationFilterChain.internalDoFilter(ApplicationFilterChain.java:162)
	at org.apache.catalina.core.ApplicationFilterChain.doFilter(ApplicationFilterChain.java:138)
	at org.springframework.web.filter.CharacterEncodingFilter.doFilterInternal(CharacterEncodingFilter.java:201)
	at org.springframework.web.filter.OncePerRequestFilter.doFilter(OncePerRequestFilter.java:116)
	at org.apache.catalina.core.ApplicationFilterChain.internalDoFilter(ApplicationFilterChain.java:162)
	at org.apache.catalina.core.ApplicationFilterChain.doFilter(ApplicationFilterChain.java:138)
	at org.apache.catalina.core.StandardWrapperValve.invoke(StandardWrapperValve.java:165)
	at org.apache.catalina.core.StandardContextValve.invoke(StandardContextValve.java:88)
	at org.apache.catalina.authenticator.AuthenticatorBase.invoke(AuthenticatorBase.java:492)
	at org.apache.catalina.core.StandardHostValve.invoke(StandardHostValve.java:113)
	at org.apache.catalina.valves.ErrorReportValve.invoke(ErrorReportValve.java:83)
	at org.apache.catalina.core.StandardEngineValve.invoke(StandardEngineValve.java:72)
	at org.apache.catalina.connector.CoyoteAdapter.service(CoyoteAdapter.java:342)
	at org.apache.coyote.http11.Http11Processor.service(Http11Processor.java:399)
	at org.apache.coyote.AbstractProcessorLight.process(AbstractProcessorLight.java:63)
	at org.apache.coyote.AbstractProtocol$ConnectionHandler.process(AbstractProtocol.java:1272)
	at org.apache.tomcat.util.net.NioEndpoint$SocketProcessor.doRun(NioEndpoint.java:1797)
	at org.apache.tomcat.util.net.SocketProcessorBase.run(SocketProcessorBase.java:52)
	at org.apache.tomcat.util.threads.ThreadPoolExecutor.runWorker(ThreadPoolExecutor.java:973)
	at org.apache.tomcat.util.threads.ThreadPoolExecutor$Worker.run(ThreadPoolExecutor.java:491)
	at org.apache.tomcat.util.threads.TaskThread$WrappingRunnable.run(TaskThread.java:63)
	at java.base/java.lang.Thread.run(Thread.java:1583)
Caused by: org.attoparser.ParseException: Could not parse as expression: "@{/user/doSelectOne(userId=[[${vo.userId}]])}" (template: "user/user_list" - line 75, col 28)
	at org.attoparser.MarkupParser.parseDocument(MarkupParser.java:393)
	at org.attoparser.MarkupParser.parse(MarkupParser.java:257)
	at org.thymeleaf.templateparser.markup.AbstractMarkupTemplateParser.parse(AbstractMarkupTemplateParser.java:230)
	... 101 common frames omitted
Caused by: org.thymeleaf.exceptions.TemplateProcessingException: Could not parse as expression: "@{/user/doSelectOne(userId=[[${vo.userId}]])}" (template: "user/user_list" - line 75, col 28)
	at org.thymeleaf.standard.expression.StandardExpressionParser.parseExpression(StandardExpressionParser.java:131)
	at org.thymeleaf.standard.expression.StandardExpressionParser.parseExpression(StandardExpressionParser.java:62)
	at org.thymeleaf.standard.expression.StandardExpressionParser.parseExpression(StandardExpressionParser.java:44)
	at org.thymeleaf.engine.EngineEventUtils.parseAttributeExpression(EngineEventUtils.java:220)
	at org.thymeleaf.engine.EngineEventUtils.computeAttributeExpression(EngineEventUtils.java:207)
	at org.thymeleaf.standard.processor.AbstractStandardExpressionAttributeTagProcessor.doProcess(AbstractStandardExpressionAttributeTagProcessor.java:125)
	at org.thymeleaf.processor.element.AbstractAttributeTagProcessor.doProcess(AbstractAttributeTagProcessor.java:74)
	at org.thymeleaf.processor.element.AbstractElementTagProcessor.process(AbstractElementTagProcessor.java:95)
	at org.thymeleaf.util.ProcessorConfigurationUtils$ElementTagProcessorWrapper.process(ProcessorConfigurationUtils.java:633)
	at org.thymeleaf.engine.ProcessorTemplateHandler.handleOpenElement(ProcessorTemplateHandler.java:1314)
	at org.thymeleaf.engine.OpenElementTag.beHandled(OpenElementTag.java:205)
	at org.thymeleaf.engine.Model.process(Model.java:282)
	at org.thymeleaf.engine.Model.process(Model.java:290)
	at org.thymeleaf.engine.IteratedGatheringModelProcessable.processIterationModel(IteratedGatheringModelProcessable.java:368)
	at org.thymeleaf.engine.IteratedGatheringModelProcessable.process(IteratedGatheringModelProcessable.java:222)
	at org.thymeleaf.engine.ProcessorTemplateHandler.handleCloseElement(ProcessorTemplateHandler.java:1640)
	at org.thymeleaf.engine.CloseElementTag.beHandled(CloseElementTag.java:139)
	at org.thymeleaf.engine.Model.process(Model.java:282)
	at org.thymeleaf.engine.ProcessorTemplateHandler.handleOpenElement(ProcessorTemplateHandler.java:1587)
	at org.thymeleaf.engine.OpenElementTag.beHandled(OpenElementTag.java:205)
	at org.thymeleaf.engine.Model.process(Model.java:282)
	at org.thymeleaf.engine.ProcessorTemplateHandler.handleOpenElement(ProcessorTemplateHandler.java:1587)
	at org.thymeleaf.engine.OpenElementTag.beHandled(OpenElementTag.java:205)
	at org.thymeleaf.engine.Model.process(Model.java:282)
	at org.thymeleaf.engine.Model.process(Model.java:290)
	at org.thymeleaf.engine.GatheringModelProcessable.process(GatheringModelProcessable.java:78)
	at org.thymeleaf.engine.ProcessorTemplateHandler.handleCloseElement(ProcessorTemplateHandler.java:1640)
	at org.thymeleaf.engine.TemplateHandlerAdapterMarkupHandler.handleCloseElementEnd(TemplateHandlerAdapterMarkupHandler.java:388)
	at org.thymeleaf.templateparser.markup.InlinedOutputExpressionMarkupHandler$InlineMarkupAdapterPreProcessorHandler.handleCloseElementEnd(InlinedOutputExpressionMarkupHandler.java:322)
	at org.thymeleaf.standard.inline.OutputExpressionInlinePreProcessorHandler.handleCloseElementEnd(OutputExpressionInlinePreProcessorHandler.java:220)
	at org.thymeleaf.templateparser.markup.InlinedOutputExpressionMarkupHandler.handleCloseElementEnd(InlinedOutputExpressionMarkupHandler.java:164)
	at org.attoparser.HtmlElement.handleCloseElementEnd(HtmlElement.java:169)
	at org.attoparser.HtmlMarkupHandler.handleCloseElementEnd(HtmlMarkupHandler.java:412)
	at org.attoparser.MarkupEventProcessorHandler.handleCloseElementEnd(MarkupEventProcessorHandler.java:473)
	at org.attoparser.ParsingElementMarkupUtil.parseCloseElement(ParsingElementMarkupUtil.java:201)
	at org.attoparser.MarkupParser.parseBuffer(MarkupParser.java:725)
	at org.attoparser.MarkupParser.parseDocument(MarkupParser.java:301)
	... 103 common frames omitted
2026-08-10 09:24:46 [http-nio-8080-exec-5] DEBUG c.p.e.service.impl.CustomUserDetails - ======================================
2026-08-10 09:24:46 [http-nio-8080-exec-5] DEBUG c.p.e.service.impl.CustomUserDetails - getUsername()
2026-08-10 09:24:46 [http-nio-8080-exec-5] DEBUG c.p.e.service.impl.CustomUserDetails - ======================================
2026-08-10 09:24:46 [http-nio-8080-exec-5] ERROR o.a.c.c.C.[.[.[.[dispatcherServlet] - Servlet.service() for servlet [dispatcherServlet] in context with path [] threw exception [Request processing failed: org.thymeleaf.exceptions.TemplateInputException: An error happened during template parsing (template: "class path resource [templates/user/user_list.html]")] with root cause
org.thymeleaf.exceptions.TemplateProcessingException: Could not parse as expression: "@{/user/doSelectOne(userId=[[${vo.userId}]])}" (template: "user/user_list" - line 75, col 28)
	at org.thymeleaf.standard.expression.StandardExpressionParser.parseExpression(StandardExpressionParser.java:131)
	at org.thymeleaf.standard.expression.StandardExpressionParser.parseExpression(StandardExpressionParser.java:62)
	at org.thymeleaf.standard.expression.StandardExpressionParser.parseExpression(StandardExpressionParser.java:44)
	at org.thymeleaf.engine.EngineEventUtils.parseAttributeExpression(EngineEventUtils.java:220)
	at org.thymeleaf.engine.EngineEventUtils.computeAttributeExpression(EngineEventUtils.java:207)
	at org.thymeleaf.standard.processor.AbstractStandardExpressionAttributeTagProcessor.doProcess(AbstractStandardExpressionAttributeTagProcessor.java:125)
	at org.thymeleaf.processor.element.AbstractAttributeTagProcessor.doProcess(AbstractAttributeTagProcessor.java:74)
	at org.thymeleaf.processor.element.AbstractElementTagProcessor.process(AbstractElementTagProcessor.java:95)
	at org.thymeleaf.util.ProcessorConfigurationUtils$ElementTagProcessorWrapper.process(ProcessorConfigurationUtils.java:633)
	at org.thymeleaf.engine.ProcessorTemplateHandler.handleOpenElement(ProcessorTemplateHandler.java:1314)
	at org.thymeleaf.engine.OpenElementTag.beHandled(OpenElementTag.java:205)
	at org.thymeleaf.engine.Model.process(Model.java:282)
	at org.thymeleaf.engine.Model.process(Model.java:290)
	at org.thymeleaf.engine.IteratedGatheringModelProcessable.processIterationModel(IteratedGatheringModelProcessable.java:368)
	at org.thymeleaf.engine.IteratedGatheringModelProcessable.process(IteratedGatheringModelProcessable.java:222)
	at org.thymeleaf.engine.ProcessorTemplateHandler.handleCloseElement(ProcessorTemplateHandler.java:1640)
	at org.thymeleaf.engine.CloseElementTag.beHandled(CloseElementTag.java:139)
	at org.thymeleaf.engine.Model.process(Model.java:282)
	at org.thymeleaf.engine.ProcessorTemplateHandler.handleOpenElement(ProcessorTemplateHandler.java:1587)
	at org.thymeleaf.engine.OpenElementTag.beHandled(OpenElementTag.java:205)
	at org.thymeleaf.engine.Model.process(Model.java:282)
	at org.thymeleaf.engine.ProcessorTemplateHandler.handleOpenElement(ProcessorTemplateHandler.java:1587)
	at org.thymeleaf.engine.OpenElementTag.beHandled(OpenElementTag.java:205)
	at org.thymeleaf.engine.Model.process(Model.java:282)
	at org.thymeleaf.engine.Model.process(Model.java:290)
	at org.thymeleaf.engine.GatheringModelProcessable.process(GatheringModelProcessable.java:78)
	at org.thymeleaf.engine.ProcessorTemplateHandler.handleCloseElement(ProcessorTemplateHandler.java:1640)
	at org.thymeleaf.engine.TemplateHandlerAdapterMarkupHandler.handleCloseElementEnd(TemplateHandlerAdapterMarkupHandler.java:388)
	at org.thymeleaf.templateparser.markup.InlinedOutputExpressionMarkupHandler$InlineMarkupAdapterPreProcessorHandler.handleCloseElementEnd(InlinedOutputExpressionMarkupHandler.java:322)
	at org.thymeleaf.standard.inline.OutputExpressionInlinePreProcessorHandler.handleCloseElementEnd(OutputExpressionInlinePreProcessorHandler.java:220)
	at org.thymeleaf.templateparser.markup.InlinedOutputExpressionMarkupHandler.handleCloseElementEnd(InlinedOutputExpressionMarkupHandler.java:164)
	at org.attoparser.HtmlElement.handleCloseElementEnd(HtmlElement.java:169)
	at org.attoparser.HtmlMarkupHandler.handleCloseElementEnd(HtmlMarkupHandler.java:412)
	at org.attoparser.MarkupEventProcessorHandler.handleCloseElementEnd(MarkupEventProcessorHandler.java:473)
	at org.attoparser.ParsingElementMarkupUtil.parseCloseElement(ParsingElementMarkupUtil.java:201)
	at org.attoparser.MarkupParser.parseBuffer(MarkupParser.java:725)
	at org.attoparser.MarkupParser.parseDocument(MarkupParser.java:301)
	at org.attoparser.MarkupParser.parse(MarkupParser.java:257)
	at org.thymeleaf.templateparser.markup.AbstractMarkupTemplateParser.parse(AbstractMarkupTemplateParser.java:230)
	at org.thymeleaf.templateparser.markup.AbstractMarkupTemplateParser.parseStandalone(AbstractMarkupTemplateParser.java:100)
	at org.thymeleaf.engine.TemplateManager.parseAndProcess(TemplateManager.java:666)
	at org.thymeleaf.TemplateEngine.process(TemplateEngine.java:1103)
	at org.thymeleaf.TemplateEngine.process(TemplateEngine.java:1077)
	at org.thymeleaf.spring6.view.ThymeleafView.renderFragment(ThymeleafView.java:374)
	at org.thymeleaf.spring6.view.ThymeleafView.render(ThymeleafView.java:193)
	at org.springframework.web.servlet.DispatcherServlet.render(DispatcherServlet.java:1438)
	at org.springframework.web.servlet.DispatcherServlet.processDispatchResult(DispatcherServlet.java:1168)
	at org.springframework.web.servlet.DispatcherServlet.doDispatch(DispatcherServlet.java:1106)
	at org.springframework.web.servlet.DispatcherServlet.doService(DispatcherServlet.java:979)
	at org.springframework.web.servlet.FrameworkServlet.processRequest(FrameworkServlet.java:1014)
	at org.springframework.web.servlet.FrameworkServlet.doGet(FrameworkServlet.java:903)
	at jakarta.servlet.http.HttpServlet.service(HttpServlet.java:564)
	at org.springframework.web.servlet.FrameworkServlet.service(FrameworkServlet.java:885)
	at jakarta.servlet.http.HttpServlet.service(HttpServlet.java:658)
	at org.apache.catalina.core.ApplicationFilterChain.internalDoFilter(ApplicationFilterChain.java:193)
	at org.apache.catalina.core.ApplicationFilterChain.doFilter(ApplicationFilterChain.java:138)
	at org.apache.tomcat.websocket.server.WsFilter.doFilter(WsFilter.java:51)
	at org.apache.catalina.core.ApplicationFilterChain.internalDoFilter(ApplicationFilterChain.java:162)
	at org.apache.catalina.core.ApplicationFilterChain.doFilter(ApplicationFilterChain.java:138)
	at org.springframework.web.filter.CompositeFilter$VirtualFilterChain.doFilter(CompositeFilter.java:108)
	at org.springframework.web.filter.CompositeFilter$VirtualFilterChain.doFilter(CompositeFilter.java:108)
	at org.springframework.security.web.FilterChainProxy.lambda$doFilterInternal$3(FilterChainProxy.java:231)
	at org.springframework.security.web.FilterChainProxy$VirtualFilterChain.doFilter(FilterChainProxy.java:370)
	at org.springframework.security.web.access.intercept.AuthorizationFilter.doFilter(AuthorizationFilter.java:101)
	at org.springframework.security.web.FilterChainProxy$VirtualFilterChain.doFilter(FilterChainProxy.java:379)
	at org.springframework.security.web.access.ExceptionTranslationFilter.doFilter(ExceptionTranslationFilter.java:125)
	at org.springframework.security.web.access.ExceptionTranslationFilter.doFilter(ExceptionTranslationFilter.java:119)
	at org.springframework.security.web.FilterChainProxy$VirtualFilterChain.doFilter(FilterChainProxy.java:379)
	at org.springframework.security.web.authentication.AnonymousAuthenticationFilter.doFilter(AnonymousAuthenticationFilter.java:100)
	at org.springframework.security.web.FilterChainProxy$VirtualFilterChain.doFilter(FilterChainProxy.java:379)
	at org.springframework.security.web.servletapi.SecurityContextHolderAwareRequestFilter.doFilter(SecurityContextHolderAwareRequestFilter.java:179)
	at org.springframework.security.web.FilterChainProxy$VirtualFilterChain.doFilter(FilterChainProxy.java:379)
	at org.springframework.security.web.savedrequest.RequestCacheAwareFilter.doFilter(RequestCacheAwareFilter.java:63)
	at org.springframework.security.web.FilterChainProxy$VirtualFilterChain.doFilter(FilterChainProxy.java:379)
	at org.springframework.security.web.authentication.AbstractAuthenticationProcessingFilter.doFilter(AbstractAuthenticationProcessingFilter.java:235)
	at org.springframework.security.web.authentication.AbstractAuthenticationProcessingFilter.doFilter(AbstractAuthenticationProcessingFilter.java:229)
	at org.springframework.security.web.FilterChainProxy$VirtualFilterChain.doFilter(FilterChainProxy.java:379)
	at org.springframework.security.web.authentication.logout.LogoutFilter.doFilter(LogoutFilter.java:107)
	at org.springframework.security.web.authentication.logout.LogoutFilter.doFilter(LogoutFilter.java:93)
	at org.springframework.security.web.FilterChainProxy$VirtualFilterChain.doFilter(FilterChainProxy.java:379)
	at org.springframework.security.web.csrf.CsrfFilter.doFilterInternal(CsrfFilter.java:117)
	at org.springframework.web.filter.OncePerRequestFilter.doFilter(OncePerRequestFilter.java:116)
	at org.springframework.security.web.FilterChainProxy$VirtualFilterChain.doFilter(FilterChainProxy.java:379)
	at org.springframework.security.web.header.HeaderWriterFilter.doHeadersAfter(HeaderWriterFilter.java:90)
	at org.springframework.security.web.header.HeaderWriterFilter.doFilterInternal(HeaderWriterFilter.java:75)
	at org.springframework.web.filter.OncePerRequestFilter.doFilter(OncePerRequestFilter.java:116)
	at org.springframework.security.web.FilterChainProxy$VirtualFilterChain.doFilter(FilterChainProxy.java:379)
	at org.springframework.security.web.context.SecurityContextHolderFilter.doFilter(SecurityContextHolderFilter.java:82)
	at org.springframework.security.web.context.SecurityContextHolderFilter.doFilter(SecurityContextHolderFilter.java:69)
	at org.springframework.security.web.FilterChainProxy$VirtualFilterChain.doFilter(FilterChainProxy.java:379)
	at org.springframework.security.web.context.request.async.WebAsyncManagerIntegrationFilter.doFilterInternal(WebAsyncManagerIntegrationFilter.java:62)
	at org.springframework.web.filter.OncePerRequestFilter.doFilter(OncePerRequestFilter.java:116)
	at org.springframework.security.web.FilterChainProxy$VirtualFilterChain.doFilter(FilterChainProxy.java:379)
	at org.springframework.security.web.session.DisableEncodeUrlFilter.doFilterInternal(DisableEncodeUrlFilter.java:42)
	at org.springframework.web.filter.OncePerRequestFilter.doFilter(OncePerRequestFilter.java:116)
	at org.springframework.security.web.FilterChainProxy$VirtualFilterChain.doFilter(FilterChainProxy.java:379)
	at org.springframework.security.web.FilterChainProxy.doFilterInternal(FilterChainProxy.java:233)
	at org.springframework.security.web.FilterChainProxy.doFilter(FilterChainProxy.java:191)
	at org.springframework.web.filter.CompositeFilter$VirtualFilterChain.doFilter(CompositeFilter.java:113)
	at org.springframework.web.filter.ServletRequestPathFilter.doFilter(ServletRequestPathFilter.java:52)
	at org.springframework.web.filter.CompositeFilter$VirtualFilterChain.doFilter(CompositeFilter.java:113)
	at org.springframework.web.filter.CompositeFilter.doFilter(CompositeFilter.java:74)
	at org.springframework.security.config.annotation.web.configuration.WebSecurityConfiguration$CompositeFilterChainProxy.doFilter(WebSecurityConfiguration.java:319)
	at org.springframework.web.filter.CompositeFilter$VirtualFilterChain.doFilter(CompositeFilter.java:113)
	at org.springframework.web.servlet.handler.HandlerMappingIntrospector.lambda$createCacheFilter$4(HandlerMappingIntrospector.java:267)
	at org.springframework.web.filter.CompositeFilter$VirtualFilterChain.doFilter(CompositeFilter.java:113)
	at org.springframework.web.filter.CompositeFilter.doFilter(CompositeFilter.java:74)
	at org.springframework.security.config.annotation.web.configuration.WebMvcSecurityConfiguration$CompositeFilterChainProxy.doFilter(WebMvcSecurityConfiguration.java:240)
	at org.springframework.web.filter.DelegatingFilterProxy.invokeDelegate(DelegatingFilterProxy.java:362)
	at org.springframework.web.filter.DelegatingFilterProxy.doFilter(DelegatingFilterProxy.java:278)
	at org.apache.catalina.core.ApplicationFilterChain.internalDoFilter(ApplicationFilterChain.java:162)
	at org.apache.catalina.core.ApplicationFilterChain.doFilter(ApplicationFilterChain.java:138)
	at org.springframework.web.filter.RequestContextFilter.doFilterInternal(RequestContextFilter.java:100)
	at org.springframework.web.filter.OncePerRequestFilter.doFilter(OncePerRequestFilter.java:116)
	at org.apache.catalina.core.ApplicationFilterChain.internalDoFilter(ApplicationFilterChain.java:162)
	at org.apache.catalina.core.ApplicationFilterChain.doFilter(ApplicationFilterChain.java:138)
	at org.springframework.web.filter.FormContentFilter.doFilterInternal(FormContentFilter.java:93)
	at org.springframework.web.filter.OncePerRequestFilter.doFilter(OncePerRequestFilter.java:116)
	at org.apache.catalina.core.ApplicationFilterChain.internalDoFilter(ApplicationFilterChain.java:162)
	at org.apache.catalina.core.ApplicationFilterChain.doFilter(ApplicationFilterChain.java:138)
	at org.springframework.web.filter.CharacterEncodingFilter.doFilterInternal(CharacterEncodingFilter.java:201)
	at org.springframework.web.filter.OncePerRequestFilter.doFilter(OncePerRequestFilter.java:116)
	at org.apache.catalina.core.ApplicationFilterChain.internalDoFilter(ApplicationFilterChain.java:162)
	at org.apache.catalina.core.ApplicationFilterChain.doFilter(ApplicationFilterChain.java:138)
	at org.apache.catalina.core.StandardWrapperValve.invoke(StandardWrapperValve.java:165)
	at org.apache.catalina.core.StandardContextValve.invoke(StandardContextValve.java:88)
	at org.apache.catalina.authenticator.AuthenticatorBase.invoke(AuthenticatorBase.java:492)
	at org.apache.catalina.core.StandardHostValve.invoke(StandardHostValve.java:113)
	at org.apache.catalina.valves.ErrorReportValve.invoke(ErrorReportValve.java:83)
	at org.apache.catalina.core.StandardEngineValve.invoke(StandardEngineValve.java:72)
	at org.apache.catalina.connector.CoyoteAdapter.service(CoyoteAdapter.java:342)
	at org.apache.coyote.http11.Http11Processor.service(Http11Processor.java:399)
	at org.apache.coyote.AbstractProcessorLight.process(AbstractProcessorLight.java:63)
	at org.apache.coyote.AbstractProtocol$ConnectionHandler.process(AbstractProtocol.java:1272)
	at org.apache.tomcat.util.net.NioEndpoint$SocketProcessor.doRun(NioEndpoint.java:1797)
	at org.apache.tomcat.util.net.SocketProcessorBase.run(SocketProcessorBase.java:52)
	at org.apache.tomcat.util.threads.ThreadPoolExecutor.runWorker(ThreadPoolExecutor.java:973)
	at org.apache.tomcat.util.threads.ThreadPoolExecutor$Worker.run(ThreadPoolExecutor.java:491)
	at org.apache.tomcat.util.threads.TaskThread$WrappingRunnable.run(TaskThread.java:63)
	at java.base/java.lang.Thread.run(Thread.java:1583)
2026-08-10 09:24:46 [http-nio-8080-exec-5] DEBUG c.p.e.service.impl.CustomUserDetails - ======================================
2026-08-10 09:24:46 [http-nio-8080-exec-5] DEBUG c.p.e.service.impl.CustomUserDetails - getUsername()
2026-08-10 09:24:46 [http-nio-8080-exec-5] DEBUG c.p.e.service.impl.CustomUserDetails - ======================================
2026-08-10 09:29:02 [File Watcher] INFO  o.s.b.d.a.LocalDevToolsAutoConfiguration$RestartingClassPathChangeChangedEventListener - Restarting due to 2 class path changes (1 addition, 0 deletions, 1 modification)
2026-08-10 09:29:02 [Thread-5] INFO  o.s.b.w.e.tomcat.GracefulShutdown - Commencing graceful shutdown. Waiting for active requests to complete
2026-08-10 09:29:02 [tomcat-shutdown] INFO  o.s.b.w.e.tomcat.GracefulShutdown - Graceful shutdown complete
2026-08-10 09:29:02 [Thread-5] INFO  com.zaxxer.hikari.HikariDataSource - PCWK-HikariCP - Shutdown initiated...
2026-08-10 09:29:02 [Thread-5] INFO  com.zaxxer.hikari.HikariDataSource - PCWK-HikariCP - Shutdown completed.
2026-08-10 09:29:02 [restartedMain] INFO  com.pcwk.ehr.Sb04Application - Starting Sb04Application using Java 21.0.12 with PID 27336 (D:\CJFS_20260324\05_SPRING_BOOT\WORKSPACE\sb10\target\classes started by user in D:\CJFS_20260324\05_SPRING_BOOT\WORKSPACE\sb10)
2026-08-10 09:29:02 [restartedMain] DEBUG com.pcwk.ehr.Sb04Application - Running with Spring Boot v3.5.16, Spring v6.2.19
2026-08-10 09:29:02 [restartedMain] INFO  com.pcwk.ehr.Sb04Application - The following 1 profile is active: "app"
2026-08-10 09:29:03 [restartedMain] DEBUG o.m.s.b.a.MybatisAutoConfiguration - Searching for mappers annotated with @Mapper
2026-08-10 09:29:03 [restartedMain] DEBUG o.m.s.b.a.MybatisAutoConfiguration - Using auto-configuration base package 'com.pcwk.ehr'
2026-08-10 09:29:03 [restartedMain] DEBUG o.m.s.mapper.ClassPathMapperScanner - Identified candidate component class: file [D:\CJFS_20260324\05_SPRING_BOOT\WORKSPACE\sb10\target\classes\com\pcwk\ehr\mapper\TimeMapper.class]
2026-08-10 09:29:03 [restartedMain] DEBUG o.m.s.mapper.ClassPathMapperScanner - Identified candidate component class: file [D:\CJFS_20260324\05_SPRING_BOOT\WORKSPACE\sb10\target\classes\com\pcwk\ehr\mapper\UserMapper.class]
2026-08-10 09:29:03 [restartedMain] DEBUG o.m.s.mapper.ClassPathMapperScanner - Creating MapperFactoryBean with name 'timeMapper' and 'com.pcwk.ehr.mapper.TimeMapper' mapperInterface
2026-08-10 09:29:03 [restartedMain] DEBUG o.m.s.mapper.ClassPathMapperScanner - Creating MapperFactoryBean with name 'userMapper' and 'com.pcwk.ehr.mapper.UserMapper' mapperInterface
2026-08-10 09:29:03 [restartedMain] INFO  o.s.b.w.e.tomcat.TomcatWebServer - Tomcat initialized with port 8080 (http)
2026-08-10 09:29:03 [restartedMain] INFO  o.a.catalina.core.StandardService - Starting service [Tomcat]
2026-08-10 09:29:03 [restartedMain] INFO  o.a.catalina.core.StandardEngine - Starting Servlet engine: [Apache Tomcat/10.1.55]
2026-08-10 09:29:03 [restartedMain] INFO  o.a.c.c.C.[Tomcat].[localhost].[/] - Initializing Spring embedded WebApplicationContext
2026-08-10 09:29:03 [restartedMain] INFO  o.s.b.w.s.c.ServletWebServerApplicationContext - Root WebApplicationContext: initialization completed in 183 ms
2026-08-10 09:29:03 [restartedMain] WARN  o.a.c.c.C.[Tomcat].[localhost].[/] - Cannot deserialize session attribute [SPRING_SECURITY_CONTEXT] for session [A6A1EF6051EE5FEFCD5092A07A3D8102]
2026-08-10 09:29:03 [restartedMain] DEBUG com.pcwk.ehr.cmn.AESCryptoUtil - ==============================
2026-08-10 09:29:03 [restartedMain] DEBUG com.pcwk.ehr.cmn.AESCryptoUtil - AESCryptoUtil.AESCryptoUtil()
2026-08-10 09:29:03 [restartedMain] DEBUG com.pcwk.ehr.cmn.AESCryptoUtil - ==============================
2026-08-10 09:29:03 [restartedMain] DEBUG c.p.e.c.DataSourceConfig$$SpringCGLIB$$0 - DataSouceConfig dataSource: HikariDataSource (null)
2026-08-10 09:29:03 [restartedMain] DEBUG o.m.spring.SqlSessionFactoryBean - Parsed mapper file: 'file [D:\CJFS_20260324\05_SPRING_BOOT\WORKSPACE\sb10\target\classes\mapper\time\TimeMapper.xml]'
2026-08-10 09:29:03 [restartedMain] DEBUG o.m.spring.SqlSessionFactoryBean - Parsed mapper file: 'file [D:\CJFS_20260324\05_SPRING_BOOT\WORKSPACE\sb10\target\classes\mapper\user\UserMapper.xml]'
2026-08-10 09:29:03 [restartedMain] DEBUG c.p.e.s.i.CustomerUserDetailsService - ======================================
2026-08-10 09:29:03 [restartedMain] DEBUG c.p.e.s.i.CustomerUserDetailsService - CustomerUserDetailsService()
2026-08-10 09:29:03 [restartedMain] DEBUG c.p.e.s.i.CustomerUserDetailsService - ======================================
2026-08-10 09:29:03 [restartedMain] DEBUG c.p.e.s.i.CustomerAuthenticationFailureHandler - ======================================
2026-08-10 09:29:03 [restartedMain] DEBUG c.p.e.s.i.CustomerAuthenticationFailureHandler - CustomerAuthenticationFailureHandler()
2026-08-10 09:29:03 [restartedMain] DEBUG c.p.e.s.i.CustomerAuthenticationFailureHandler - ======================================
2026-08-10 09:29:03 [restartedMain] DEBUG c.p.e.c.SecurityConfig$$SpringCGLIB$$0 - ┌──────────────────────────┐
2026-08-10 09:29:03 [restartedMain] DEBUG c.p.e.c.SecurityConfig$$SpringCGLIB$$0 - │SecrurityConfig()         │
2026-08-10 09:29:03 [restartedMain] DEBUG c.p.e.c.SecurityConfig$$SpringCGLIB$$0 - └──────────────────────────┘
2026-08-10 09:29:03 [restartedMain] DEBUG c.p.e.c.SecurityConfig$$SpringCGLIB$$0 - userDetailsService:com.pcwk.ehr.service.impl.CustomerUserDetailsService@4f6e536a
2026-08-10 09:29:03 [restartedMain] DEBUG c.p.e.c.SecurityConfig$$SpringCGLIB$$0 - failureHandler:com.pcwk.ehr.service.impl.CustomerAuthenticationFailureHandler@4d4cdea3
2026-08-10 09:29:03 [restartedMain] DEBUG c.p.ehr.controller.BoardController - -----------------------
2026-08-10 09:29:03 [restartedMain] DEBUG c.p.ehr.controller.BoardController - -BoardController()-
2026-08-10 09:29:03 [restartedMain] DEBUG c.p.ehr.controller.BoardController - -----------------------
2026-08-10 09:29:03 [restartedMain] INFO  c.p.ehr.controller.HelloController - ===================
2026-08-10 09:29:03 [restartedMain] INFO  c.p.ehr.controller.HelloController - =HelloController1=
2026-08-10 09:29:03 [restartedMain] INFO  c.p.ehr.controller.HelloController - ===================
2026-08-10 09:29:03 [restartedMain] DEBUG c.p.ehr.controller.ThymeController - -----------------------
2026-08-10 09:29:03 [restartedMain] DEBUG c.p.ehr.controller.ThymeController - -ThymeController()-
2026-08-10 09:29:03 [restartedMain] DEBUG c.p.ehr.controller.ThymeController - -----------------------
2026-08-10 09:29:03 [restartedMain] DEBUG c.p.ehr.service.impl.UserServiceImpl - userMapper: org.apache.ibatis.binding.MapperProxy@38a150b1
2026-08-10 09:29:03 [restartedMain] DEBUG c.p.ehr.service.impl.UserServiceImpl - aesCryptoUtil: com.pcwk.ehr.cmn.AESCryptoUtil@3e72f437
2026-08-10 09:29:03 [restartedMain] DEBUG c.p.ehr.service.impl.UserServiceImpl - passwordEncoder: org.springframework.security.crypto.bcrypt.BCryptPasswordEncoder@487521a6
2026-08-10 09:29:03 [restartedMain] DEBUG c.p.ehr.service.impl.UserServiceImpl - mailSender: org.springframework.mail.javamail.JavaMailSenderImpl@7318616d
2026-08-10 09:29:03 [restartedMain] TRACE o.s.t.a.AnnotationTransactionAttributeSource - Adding transactional method 'com.pcwk.ehr.service.impl.UserServiceImpl.upgradeLevels' with attribute: PROPAGATION_REQUIRES_NEW,ISOLATION_SERIALIZABLE,-java.lang.Exception
2026-08-10 09:29:03 [restartedMain] TRACE o.s.t.a.AnnotationTransactionAttributeSource - Adding transactional method 'com.pcwk.ehr.service.impl.UserServiceImpl.doDelete' with attribute: PROPAGATION_REQUIRED,ISOLATION_DEFAULT,-java.lang.Exception
2026-08-10 09:29:03 [restartedMain] TRACE o.s.t.a.AnnotationTransactionAttributeSource - Adding transactional method 'com.pcwk.ehr.service.impl.UserServiceImpl.doSave' with attribute: PROPAGATION_REQUIRED,ISOLATION_DEFAULT,-java.lang.Exception
2026-08-10 09:29:03 [restartedMain] TRACE o.s.t.a.AnnotationTransactionAttributeSource - Adding transactional method 'com.pcwk.ehr.service.impl.UserServiceImpl.doUpdate' with attribute: PROPAGATION_REQUIRED,ISOLATION_DEFAULT,-java.lang.Exception
2026-08-10 09:29:03 [restartedMain] WARN  o.s.b.w.s.c.AnnotationConfigServletWebServerApplicationContext - Exception encountered during context initialization - cancelling refresh attempt: org.springframework.beans.factory.BeanCreationException: Error creating bean with name 'userController' defined in file [D:\CJFS_20260324\05_SPRING_BOOT\WORKSPACE\sb10\target\classes\com\pcwk\ehr\controller\UserController.class]: Failed to instantiate [com.pcwk.ehr.controller.UserController]: Constructor threw exception
2026-08-10 09:29:03 [restartedMain] INFO  o.a.catalina.core.StandardService - Stopping service [Tomcat]
2026-08-10 09:29:03 [restartedMain] INFO  o.s.b.a.l.ConditionEvaluationReportLogger - 

Error starting ApplicationContext. To display the condition evaluation report re-run your application with 'debug' enabled.
2026-08-10 09:29:03 [restartedMain] ERROR o.s.boot.SpringApplication - Application run failed
org.springframework.beans.factory.BeanCreationException: Error creating bean with name 'userController' defined in file [D:\CJFS_20260324\05_SPRING_BOOT\WORKSPACE\sb10\target\classes\com\pcwk\ehr\controller\UserController.class]: Failed to instantiate [com.pcwk.ehr.controller.UserController]: Constructor threw exception
	at org.springframework.beans.factory.support.ConstructorResolver.instantiate(ConstructorResolver.java:321) ~[spring-beans-6.2.19.jar:6.2.19]
	at org.springframework.beans.factory.support.ConstructorResolver.autowireConstructor(ConstructorResolver.java:309) ~[spring-beans-6.2.19.jar:6.2.19]
	at org.springframework.beans.factory.support.AbstractAutowireCapableBeanFactory.autowireConstructor(AbstractAutowireCapableBeanFactory.java:1393) ~[spring-beans-6.2.19.jar:6.2.19]
	at org.springframework.beans.factory.support.AbstractAutowireCapableBeanFactory.createBeanInstance(AbstractAutowireCapableBeanFactory.java:1230) ~[spring-beans-6.2.19.jar:6.2.19]
	at org.springframework.beans.factory.support.AbstractAutowireCapableBeanFactory.doCreateBean(AbstractAutowireCapableBeanFactory.java:569) ~[spring-beans-6.2.19.jar:6.2.19]
	at org.springframework.beans.factory.support.AbstractAutowireCapableBeanFactory.createBean(AbstractAutowireCapableBeanFactory.java:529) ~[spring-beans-6.2.19.jar:6.2.19]
	at org.springframework.beans.factory.support.AbstractBeanFactory.lambda$doGetBean$0(AbstractBeanFactory.java:339) ~[spring-beans-6.2.19.jar:6.2.19]
	at org.springframework.beans.factory.support.DefaultSingletonBeanRegistry.getSingleton(DefaultSingletonBeanRegistry.java:373) ~[spring-beans-6.2.19.jar:6.2.19]
	at org.springframework.beans.factory.support.AbstractBeanFactory.doGetBean(AbstractBeanFactory.java:337) ~[spring-beans-6.2.19.jar:6.2.19]
	at org.springframework.beans.factory.support.AbstractBeanFactory.getBean(AbstractBeanFactory.java:202) ~[spring-beans-6.2.19.jar:6.2.19]
	at org.springframework.beans.factory.support.DefaultListableBeanFactory.instantiateSingleton(DefaultListableBeanFactory.java:1235) ~[spring-beans-6.2.19.jar:6.2.19]
	at org.springframework.beans.factory.support.DefaultListableBeanFactory.preInstantiateSingleton(DefaultListableBeanFactory.java:1201) ~[spring-beans-6.2.19.jar:6.2.19]
	at org.springframework.beans.factory.support.DefaultListableBeanFactory.preInstantiateSingletons(DefaultListableBeanFactory.java:1130) ~[spring-beans-6.2.19.jar:6.2.19]
	at org.springframework.context.support.AbstractApplicationContext.finishBeanFactoryInitialization(AbstractApplicationContext.java:991) ~[spring-context-6.2.19.jar:6.2.19]
	at org.springframework.context.support.AbstractApplicationContext.refresh(AbstractApplicationContext.java:628) ~[spring-context-6.2.19.jar:6.2.19]
	at org.springframework.boot.web.servlet.context.ServletWebServerApplicationContext.refresh(ServletWebServerApplicationContext.java:146) ~[spring-boot-3.5.16.jar:3.5.16]
	at org.springframework.boot.SpringApplication.refresh(SpringApplication.java:752) ~[spring-boot-3.5.16.jar:3.5.16]
	at org.springframework.boot.SpringApplication.refreshContext(SpringApplication.java:439) ~[spring-boot-3.5.16.jar:3.5.16]
	at org.springframework.boot.SpringApplication.run(SpringApplication.java:318) ~[spring-boot-3.5.16.jar:3.5.16]
	at org.springframework.boot.SpringApplication.run(SpringApplication.java:1361) ~[spring-boot-3.5.16.jar:3.5.16]
	at org.springframework.boot.SpringApplication.run(SpringApplication.java:1350) ~[spring-boot-3.5.16.jar:3.5.16]
	at com.pcwk.ehr.Sb04Application.main(Sb04Application.java:12) ~[classes/:na]
	at java.base/jdk.internal.reflect.DirectMethodHandleAccessor.invoke(DirectMethodHandleAccessor.java:103) ~[na:na]
	at java.base/java.lang.reflect.Method.invoke(Method.java:580) ~[na:na]
	at org.springframework.boot.devtools.restart.RestartLauncher.run(RestartLauncher.java:50) ~[spring-boot-devtools-3.5.16.jar:3.5.16]
Caused by: org.springframework.beans.BeanInstantiationException: Failed to instantiate [com.pcwk.ehr.controller.UserController]: Constructor threw exception
	at org.springframework.beans.BeanUtils.instantiateClass(BeanUtils.java:223) ~[spring-beans-6.2.19.jar:6.2.19]
	at org.springframework.beans.factory.support.SimpleInstantiationStrategy.instantiate(SimpleInstantiationStrategy.java:146) ~[spring-beans-6.2.19.jar:6.2.19]
	at org.springframework.beans.factory.support.ConstructorResolver.instantiate(ConstructorResolver.java:318) ~[spring-beans-6.2.19.jar:6.2.19]
	... 24 common frames omitted
Caused by: java.lang.Error: Unresolved compilation problem: 
	Syntax error, insert ";" to complete MethodDeclaration

	at com.pcwk.ehr.controller.UserController.<init>(UserController.java:48) ~[classes/:na]
	at java.base/jdk.internal.reflect.DirectConstructorHandleAccessor.newInstance(DirectConstructorHandleAccessor.java:62) ~[na:na]
	at java.base/java.lang.reflect.Constructor.newInstanceWithCaller(Constructor.java:502) ~[na:na]
	at java.base/java.lang.reflect.Constructor.newInstance(Constructor.java:486) ~[na:na]
	at org.springframework.beans.BeanUtils.instantiateClass(BeanUtils.java:210) ~[spring-beans-6.2.19.jar:6.2.19]
	... 26 common frames omitted
2026-08-10 09:30:58 [restartedMain] INFO  com.pcwk.ehr.Sb04Application - Starting Sb04Application using Java 21.0.12 with PID 18980 (D:\CJFS_20260324\05_SPRING_BOOT\WORKSPACE\sb10\target\classes started by user in D:\CJFS_20260324\05_SPRING_BOOT\WORKSPACE\sb10)
2026-08-10 09:30:58 [restartedMain] DEBUG com.pcwk.ehr.Sb04Application - Running with Spring Boot v3.5.16, Spring v6.2.19
2026-08-10 09:30:58 [restartedMain] INFO  com.pcwk.ehr.Sb04Application - The following 1 profile is active: "app"
2026-08-10 09:30:58 [restartedMain] INFO  o.s.b.d.restart.ChangeableUrls - The Class-Path manifest attribute in C:\Users\user\.m2\repository\com\oracle\database\jdbc\ojdbc11\23.7.0.25.01\ojdbc11-23.7.0.25.01.jar referenced one or more files that do not exist: file:/C:/Users/user/.m2/repository/com/oracle/database/jdbc/ojdbc11/23.7.0.25.01/oraclepki.jar
2026-08-10 09:30:58 [restartedMain] INFO  o.s.b.d.e.DevToolsPropertyDefaultsPostProcessor - Devtools property defaults active! Set 'spring.devtools.add-properties' to 'false' to disable
2026-08-10 09:30:58 [restartedMain] INFO  o.s.b.d.e.DevToolsPropertyDefaultsPostProcessor - For additional web related logging consider setting the 'logging.level.web' property to 'DEBUG'
2026-08-10 09:30:58 [restartedMain] DEBUG o.m.s.b.a.MybatisAutoConfiguration - Searching for mappers annotated with @Mapper
2026-08-10 09:30:58 [restartedMain] DEBUG o.m.s.b.a.MybatisAutoConfiguration - Using auto-configuration base package 'com.pcwk.ehr'
2026-08-10 09:30:58 [restartedMain] DEBUG o.m.s.mapper.ClassPathMapperScanner - Identified candidate component class: file [D:\CJFS_20260324\05_SPRING_BOOT\WORKSPACE\sb10\target\classes\com\pcwk\ehr\mapper\TimeMapper.class]
2026-08-10 09:30:58 [restartedMain] DEBUG o.m.s.mapper.ClassPathMapperScanner - Identified candidate component class: file [D:\CJFS_20260324\05_SPRING_BOOT\WORKSPACE\sb10\target\classes\com\pcwk\ehr\mapper\UserMapper.class]
2026-08-10 09:30:58 [restartedMain] DEBUG o.m.s.mapper.ClassPathMapperScanner - Creating MapperFactoryBean with name 'timeMapper' and 'com.pcwk.ehr.mapper.TimeMapper' mapperInterface
2026-08-10 09:30:58 [restartedMain] DEBUG o.m.s.mapper.ClassPathMapperScanner - Creating MapperFactoryBean with name 'userMapper' and 'com.pcwk.ehr.mapper.UserMapper' mapperInterface
2026-08-10 09:30:58 [restartedMain] INFO  o.s.b.w.e.tomcat.TomcatWebServer - Tomcat initialized with port 8080 (http)
2026-08-10 09:30:58 [restartedMain] INFO  o.a.catalina.core.StandardService - Starting service [Tomcat]
2026-08-10 09:30:58 [restartedMain] INFO  o.a.catalina.core.StandardEngine - Starting Servlet engine: [Apache Tomcat/10.1.55]
2026-08-10 09:30:58 [restartedMain] INFO  o.a.c.c.C.[Tomcat].[localhost].[/] - Initializing Spring embedded WebApplicationContext
2026-08-10 09:30:58 [restartedMain] INFO  o.s.b.w.s.c.ServletWebServerApplicationContext - Root WebApplicationContext: initialization completed in 724 ms
2026-08-10 09:30:59 [restartedMain] DEBUG com.pcwk.ehr.cmn.AESCryptoUtil - ==============================
2026-08-10 09:30:59 [restartedMain] DEBUG com.pcwk.ehr.cmn.AESCryptoUtil - AESCryptoUtil.AESCryptoUtil()
2026-08-10 09:30:59 [restartedMain] DEBUG com.pcwk.ehr.cmn.AESCryptoUtil - ==============================
2026-08-10 09:30:59 [restartedMain] DEBUG c.p.e.c.DataSourceConfig$$SpringCGLIB$$0 - DataSouceConfig dataSource: HikariDataSource (null)
2026-08-10 09:30:59 [restartedMain] DEBUG o.m.spring.SqlSessionFactoryBean - Parsed mapper file: 'file [D:\CJFS_20260324\05_SPRING_BOOT\WORKSPACE\sb10\target\classes\mapper\time\TimeMapper.xml]'
2026-08-10 09:30:59 [restartedMain] DEBUG o.m.spring.SqlSessionFactoryBean - Parsed mapper file: 'file [D:\CJFS_20260324\05_SPRING_BOOT\WORKSPACE\sb10\target\classes\mapper\user\UserMapper.xml]'
2026-08-10 09:30:59 [restartedMain] DEBUG c.p.e.s.i.CustomerUserDetailsService - ======================================
2026-08-10 09:30:59 [restartedMain] DEBUG c.p.e.s.i.CustomerUserDetailsService - CustomerUserDetailsService()
2026-08-10 09:30:59 [restartedMain] DEBUG c.p.e.s.i.CustomerUserDetailsService - ======================================
2026-08-10 09:30:59 [restartedMain] DEBUG c.p.e.s.i.CustomerAuthenticationFailureHandler - ======================================
2026-08-10 09:30:59 [restartedMain] DEBUG c.p.e.s.i.CustomerAuthenticationFailureHandler - CustomerAuthenticationFailureHandler()
2026-08-10 09:30:59 [restartedMain] DEBUG c.p.e.s.i.CustomerAuthenticationFailureHandler - ======================================
2026-08-10 09:30:59 [restartedMain] DEBUG c.p.e.c.SecurityConfig$$SpringCGLIB$$0 - ┌──────────────────────────┐
2026-08-10 09:30:59 [restartedMain] DEBUG c.p.e.c.SecurityConfig$$SpringCGLIB$$0 - │SecrurityConfig()         │
2026-08-10 09:30:59 [restartedMain] DEBUG c.p.e.c.SecurityConfig$$SpringCGLIB$$0 - └──────────────────────────┘
2026-08-10 09:30:59 [restartedMain] DEBUG c.p.e.c.SecurityConfig$$SpringCGLIB$$0 - userDetailsService:com.pcwk.ehr.service.impl.CustomerUserDetailsService@3e878362
2026-08-10 09:30:59 [restartedMain] DEBUG c.p.e.c.SecurityConfig$$SpringCGLIB$$0 - failureHandler:com.pcwk.ehr.service.impl.CustomerAuthenticationFailureHandler@22d886eb
2026-08-10 09:30:59 [restartedMain] DEBUG c.p.ehr.controller.BoardController - -----------------------
2026-08-10 09:30:59 [restartedMain] DEBUG c.p.ehr.controller.BoardController - -BoardController()-
2026-08-10 09:30:59 [restartedMain] DEBUG c.p.ehr.controller.BoardController - -----------------------
2026-08-10 09:30:59 [restartedMain] INFO  c.p.ehr.controller.HelloController - ===================
2026-08-10 09:30:59 [restartedMain] INFO  c.p.ehr.controller.HelloController - =HelloController1=
2026-08-10 09:30:59 [restartedMain] INFO  c.p.ehr.controller.HelloController - ===================
2026-08-10 09:30:59 [restartedMain] DEBUG c.p.ehr.controller.ThymeController - -----------------------
2026-08-10 09:30:59 [restartedMain] DEBUG c.p.ehr.controller.ThymeController - -ThymeController()-
2026-08-10 09:30:59 [restartedMain] DEBUG c.p.ehr.controller.ThymeController - -----------------------
2026-08-10 09:30:59 [restartedMain] DEBUG c.p.ehr.service.impl.UserServiceImpl - userMapper: org.apache.ibatis.binding.MapperProxy@20a05a57
2026-08-10 09:30:59 [restartedMain] DEBUG c.p.ehr.service.impl.UserServiceImpl - aesCryptoUtil: com.pcwk.ehr.cmn.AESCryptoUtil@460f566e
2026-08-10 09:30:59 [restartedMain] DEBUG c.p.ehr.service.impl.UserServiceImpl - passwordEncoder: org.springframework.security.crypto.bcrypt.BCryptPasswordEncoder@4299bcdc
2026-08-10 09:30:59 [restartedMain] DEBUG c.p.ehr.service.impl.UserServiceImpl - mailSender: org.springframework.mail.javamail.JavaMailSenderImpl@516821b9
2026-08-10 09:30:59 [restartedMain] TRACE o.s.t.a.AnnotationTransactionAttributeSource - Adding transactional method 'com.pcwk.ehr.service.impl.UserServiceImpl.doDelete' with attribute: PROPAGATION_REQUIRED,ISOLATION_DEFAULT,-java.lang.Exception
2026-08-10 09:30:59 [restartedMain] TRACE o.s.t.a.AnnotationTransactionAttributeSource - Adding transactional method 'com.pcwk.ehr.service.impl.UserServiceImpl.upgradeLevels' with attribute: PROPAGATION_REQUIRES_NEW,ISOLATION_SERIALIZABLE,-java.lang.Exception
2026-08-10 09:30:59 [restartedMain] TRACE o.s.t.a.AnnotationTransactionAttributeSource - Adding transactional method 'com.pcwk.ehr.service.impl.UserServiceImpl.doUpdate' with attribute: PROPAGATION_REQUIRED,ISOLATION_DEFAULT,-java.lang.Exception
2026-08-10 09:30:59 [restartedMain] TRACE o.s.t.a.AnnotationTransactionAttributeSource - Adding transactional method 'com.pcwk.ehr.service.impl.UserServiceImpl.doSave' with attribute: PROPAGATION_REQUIRED,ISOLATION_DEFAULT,-java.lang.Exception
2026-08-10 09:30:59 [restartedMain] INFO  o.s.b.a.w.s.WelcomePageHandlerMapping - Adding welcome page template: index
2026-08-10 09:30:59 [restartedMain] INFO  o.s.s.c.a.a.c.InitializeUserDetailsBeanManagerConfigurer$InitializeUserDetailsManagerConfigurer - Global AuthenticationManager configured with UserDetailsService bean with name customerUserDetailsService
2026-08-10 09:30:59 [restartedMain] DEBUG c.p.e.c.SecurityConfig$$SpringCGLIB$$0 - ┌──────────────────────────┐
2026-08-10 09:30:59 [restartedMain] DEBUG c.p.e.c.SecurityConfig$$SpringCGLIB$$0 - │filterChain()             │
2026-08-10 09:30:59 [restartedMain] DEBUG c.p.e.c.SecurityConfig$$SpringCGLIB$$0 - └──────────────────────────┘
2026-08-10 09:30:59 [restartedMain] DEBUG c.p.e.c.SecurityConfig$$SpringCGLIB$$0 - http:org.springframework.security.config.annotation.web.builders.HttpSecurity@64fb0aa2
2026-08-10 09:30:59 [restartedMain] DEBUG o.m.s.b.a.MybatisAutoConfiguration - Not found configuration for registering mapper bean using @MapperScan, MapperFactoryBean and MapperScannerConfigurer.
2026-08-10 09:30:59 [restartedMain] INFO  o.s.b.d.a.OptionalLiveReloadServer - LiveReload server is running on port 35729
2026-08-10 09:30:59 [restartedMain] INFO  o.s.b.w.e.tomcat.TomcatWebServer - Tomcat started on port 8080 (http) with context path '/'
2026-08-10 09:30:59 [restartedMain] INFO  com.pcwk.ehr.Sb04Application - Started Sb04Application in 1.75 seconds (process running for 2.136)
2026-08-10 09:31:02 [http-nio-8080-exec-1] INFO  o.a.c.c.C.[Tomcat].[localhost].[/] - Initializing Spring DispatcherServlet 'dispatcherServlet'
2026-08-10 09:31:02 [http-nio-8080-exec-1] INFO  o.s.web.servlet.DispatcherServlet - Initializing Servlet 'dispatcherServlet'
2026-08-10 09:31:02 [http-nio-8080-exec-1] INFO  o.s.web.servlet.DispatcherServlet - Completed initialization in 0 ms
2026-08-10 09:31:02 [http-nio-8080-exec-2] DEBUG c.p.ehr.controller.LoginController - -----------------------
2026-08-10 09:31:02 [http-nio-8080-exec-2] DEBUG c.p.ehr.controller.LoginController - -login()-
2026-08-10 09:31:02 [http-nio-8080-exec-2] DEBUG c.p.ehr.controller.LoginController - -----------------------
2026-08-10 09:31:08 [http-nio-8080-exec-5] DEBUG c.p.e.s.i.CustomerUserDetailsService - ======================================
2026-08-10 09:31:08 [http-nio-8080-exec-5] DEBUG c.p.e.s.i.CustomerUserDetailsService - loadUserByUsername()
2026-08-10 09:31:08 [http-nio-8080-exec-5] DEBUG c.p.e.s.i.CustomerUserDetailsService - ======================================
2026-08-10 09:31:08 [http-nio-8080-exec-5] DEBUG c.p.e.s.i.CustomerUserDetailsService - 1.username: pcwk1
2026-08-10 09:31:08 [http-nio-8080-exec-5] DEBUG c.p.e.s.i.CustomerUserDetailsService - 2.param: UserVO [userId=pcwk1, name=null, password=null, login=0, recommend=0, email=null, grade=null, regDt=null, toString()=DTO [pageNo=0, pageSize=0, no=0, totalCnt=0, searchDiv=null, searchWord=null, searchMap={}, startNo=0, endNo=0, pre=false, next=false]]
2026-08-10 09:31:08 [http-nio-8080-exec-5] DEBUG org.mybatis.spring.SqlSessionUtils - Creating a new SqlSession
2026-08-10 09:31:08 [http-nio-8080-exec-5] DEBUG org.mybatis.spring.SqlSessionUtils - SqlSession [org.apache.ibatis.session.defaults.DefaultSqlSession@6850bfc9] was not registered for synchronization because synchronization is not active
2026-08-10 09:31:08 [http-nio-8080-exec-5] INFO  com.zaxxer.hikari.HikariDataSource - PCWK-HikariCP - Starting...
2026-08-10 09:31:08 [http-nio-8080-exec-5] WARN  c.z.hikari.util.DriverDataSource - Registered driver with driverClassName=oracle.jdbc.driver.OracleDriver was not found, trying direct instantiation.
2026-08-10 09:31:08 [http-nio-8080-exec-5] INFO  com.zaxxer.hikari.pool.HikariPool - PCWK-HikariCP - Added connection oracle.jdbc.driver.T4CConnection@36f44759
2026-08-10 09:31:08 [http-nio-8080-exec-5] INFO  com.zaxxer.hikari.HikariDataSource - PCWK-HikariCP - Start completed.
2026-08-10 09:31:08 [http-nio-8080-exec-5] DEBUG o.m.s.t.SpringManagedTransaction - JDBC Connection [HikariProxyConnection@1358239341 wrapping oracle.jdbc.driver.T4CConnection@36f44759] will not be managed by Spring
2026-08-10 09:31:08 [http-nio-8080-exec-5] DEBUG c.p.e.mapper.UserMapper.doSelectOne - ==>  Preparing: SELECT user_id, name, password, login, recommend, email, DECODE(grade,1,'BASIC' ,2,'SILVER' ,3,'GOLD' ) grade, TO_CHAR(reg_dt,'YYYY/MM/DD HH24:MI:SS') reg_dt FROM member WHERE user_id = ?
2026-08-10 09:31:08 [http-nio-8080-exec-5] DEBUG c.p.e.mapper.UserMapper.doSelectOne - ==> Parameters: pcwk1(String)
2026-08-10 09:31:08 [http-nio-8080-exec-5] DEBUG c.p.e.mapper.UserMapper.doSelectOne - <==      Total: 1
2026-08-10 09:31:08 [http-nio-8080-exec-5] DEBUG org.mybatis.spring.SqlSessionUtils - Closing non transactional SqlSession [org.apache.ibatis.session.defaults.DefaultSqlSession@6850bfc9]
2026-08-10 09:31:08 [http-nio-8080-exec-5] DEBUG c.p.e.s.i.CustomerUserDetailsService - 3.outVO: UserVO [userId=pcwk1, name=Q9/M7tWCdcex5ND3/bbM9w==, password=$2a$12$HBp2ySacblGeTBWYnXCyeu49zWneNkNwg1Nx4YiN0Mea5PoGt1wSi, login=1, recommend=1, email=jamesol1@naver.com, grade=SILVER, regDt=2026/08/10 08:53:41, toString()=DTO [pageNo=0, pageSize=0, no=0, totalCnt=0, searchDiv=null, searchWord=null, searchMap={}, startNo=0, endNo=0, pre=false, next=false]]
2026-08-10 09:31:08 [http-nio-8080-exec-5] DEBUG c.p.e.service.impl.CustomUserDetails - ======================================
2026-08-10 09:31:08 [http-nio-8080-exec-5] DEBUG c.p.e.service.impl.CustomUserDetails - CustomUserDetails()
2026-08-10 09:31:08 [http-nio-8080-exec-5] DEBUG c.p.e.service.impl.CustomUserDetails - ======================================
2026-08-10 09:31:09 [http-nio-8080-exec-5] DEBUG c.p.e.service.impl.CustomUserDetails - ======================================
2026-08-10 09:31:09 [http-nio-8080-exec-5] DEBUG c.p.e.service.impl.CustomUserDetails - getAuthorities()
2026-08-10 09:31:09 [http-nio-8080-exec-5] DEBUG c.p.e.service.impl.CustomUserDetails - ======================================
2026-08-10 09:31:09 [http-nio-8080-exec-8] DEBUG c.pcwk.ehr.controller.MainController - ==============================
2026-08-10 09:31:09 [http-nio-8080-exec-8] DEBUG c.pcwk.ehr.controller.MainController - index()
2026-08-10 09:31:09 [http-nio-8080-exec-8] DEBUG c.pcwk.ehr.controller.MainController - ==============================
2026-08-10 09:31:09 [http-nio-8080-exec-8] DEBUG c.pcwk.ehr.controller.MainController - user:com.pcwk.ehr.service.impl.CustomUserDetails@4c404976
2026-08-10 09:31:09 [http-nio-8080-exec-8] DEBUG c.p.e.service.impl.CustomUserDetails - ======================================
2026-08-10 09:31:09 [http-nio-8080-exec-8] DEBUG c.p.e.service.impl.CustomUserDetails - getUsername()
2026-08-10 09:31:09 [http-nio-8080-exec-8] DEBUG c.p.e.service.impl.CustomUserDetails - ======================================
2026-08-10 09:31:09 [http-nio-8080-exec-8] DEBUG c.pcwk.ehr.controller.MainController - user.getUsername():pcwk1
2026-08-10 09:31:09 [http-nio-8080-exec-8] DEBUG c.p.e.service.impl.CustomUserDetails - ======================================
2026-08-10 09:31:09 [http-nio-8080-exec-8] DEBUG c.p.e.service.impl.CustomUserDetails - getUsername()
2026-08-10 09:31:09 [http-nio-8080-exec-8] DEBUG c.p.e.service.impl.CustomUserDetails - ======================================
2026-08-10 09:31:09 [http-nio-8080-exec-8] DEBUG c.p.e.service.impl.CustomUserDetails - ======================================
2026-08-10 09:31:09 [http-nio-8080-exec-8] DEBUG c.p.e.service.impl.CustomUserDetails - getUsername()
2026-08-10 09:31:09 [http-nio-8080-exec-8] DEBUG c.p.e.service.impl.CustomUserDetails - ======================================
2026-08-10 09:31:09 [http-nio-8080-exec-9] DEBUG c.p.e.service.impl.CustomUserDetails - ======================================
2026-08-10 09:31:09 [http-nio-8080-exec-9] DEBUG c.p.e.service.impl.CustomUserDetails - getUsername()
2026-08-10 09:31:09 [http-nio-8080-exec-9] DEBUG c.p.e.service.impl.CustomUserDetails - ======================================
2026-08-10 09:31:09 [http-nio-8080-exec-10] DEBUG c.p.e.service.impl.CustomUserDetails - ======================================
2026-08-10 09:31:09 [http-nio-8080-exec-10] DEBUG c.p.e.service.impl.CustomUserDetails - getUsername()
2026-08-10 09:31:09 [http-nio-8080-exec-10] DEBUG c.p.e.service.impl.CustomUserDetails - ======================================
2026-08-10 09:31:09 [http-nio-8080-exec-1] DEBUG c.p.e.service.impl.CustomUserDetails - ======================================
2026-08-10 09:31:09 [http-nio-8080-exec-1] DEBUG c.p.e.service.impl.CustomUserDetails - getUsername()
2026-08-10 09:31:09 [http-nio-8080-exec-1] DEBUG c.p.e.service.impl.CustomUserDetails - ======================================
2026-08-10 09:31:09 [http-nio-8080-exec-2] DEBUG c.p.e.service.impl.CustomUserDetails - ======================================
2026-08-10 09:31:09 [http-nio-8080-exec-2] DEBUG c.p.e.service.impl.CustomUserDetails - getUsername()
2026-08-10 09:31:09 [http-nio-8080-exec-2] DEBUG c.p.e.service.impl.CustomUserDetails - ======================================
2026-08-10 09:31:10 [http-nio-8080-exec-4] DEBUG c.pcwk.ehr.controller.UserController - ---------------------------
2026-08-10 09:31:10 [http-nio-8080-exec-4] DEBUG c.pcwk.ehr.controller.UserController - doRetrieve()*
2026-08-10 09:31:10 [http-nio-8080-exec-4] DEBUG c.pcwk.ehr.controller.UserController - ---------------------------
2026-08-10 09:31:10 [http-nio-8080-exec-4] DEBUG c.pcwk.ehr.controller.UserController - 1.searchDiv: 
2026-08-10 09:31:10 [http-nio-8080-exec-4] DEBUG c.pcwk.ehr.controller.UserController - 2.searchWord: 
2026-08-10 09:31:10 [http-nio-8080-exec-4] DEBUG c.pcwk.ehr.controller.UserController - 2.1 dto: DTO [pageNo=1, pageSize=10, no=0, totalCnt=0, searchDiv=, searchWord=, searchMap={}, startNo=0, endNo=0, pre=false, next=false]
2026-08-10 09:31:10 [http-nio-8080-exec-4] DEBUG c.p.ehr.service.impl.UserServiceImpl - ======================================
2026-08-10 09:31:10 [http-nio-8080-exec-4] DEBUG c.p.ehr.service.impl.UserServiceImpl - doRetrieve()
2026-08-10 09:31:10 [http-nio-8080-exec-4] DEBUG c.p.ehr.service.impl.UserServiceImpl - ======================================
2026-08-10 09:31:10 [http-nio-8080-exec-4] DEBUG org.mybatis.spring.SqlSessionUtils - Creating a new SqlSession
2026-08-10 09:31:10 [http-nio-8080-exec-4] DEBUG org.mybatis.spring.SqlSessionUtils - SqlSession [org.apache.ibatis.session.defaults.DefaultSqlSession@2549d780] was not registered for synchronization because synchronization is not active
2026-08-10 09:31:10 [http-nio-8080-exec-4] DEBUG o.m.s.t.SpringManagedTransaction - JDBC Connection [HikariProxyConnection@1192351476 wrapping oracle.jdbc.driver.T4CConnection@36f44759] will not be managed by Spring
2026-08-10 09:31:10 [http-nio-8080-exec-4] DEBUG c.p.ehr.mapper.UserMapper.doRetrieve - ==>  Preparing: SELECT A.*,B.* FROM( SELECT tt1.rnum no, tt1.user_id, tt1.name, tt1.password, tt1.login, tt1.recommend, tt1.email, DECODE(tt1.grade,1,'BASIC',2,'SILVER',3,'GOLD') grade, TO_CHAR(tt1.reg_dt,'YYYY/MM/DD') reg_dt FROM( SELECT ROWNUM rnum, t1.* FROM ( SELECT * FROM member ORDER BY reg_dt DESC )t1 WHERE ROWNUM <= ( ? * (? -1 ) + ? ) )tt1 WHERE rnum >= ( ? * (? -1 ) + 1 ) ) A CROSS JOIN ( SELECT COUNT(*) total_cnt FROM member ) B
2026-08-10 09:31:10 [http-nio-8080-exec-4] DEBUG c.p.ehr.mapper.UserMapper.doRetrieve - ==> Parameters: 10(Integer), 1(Integer), 10(Integer), 10(Integer), 1(Integer)
2026-08-10 09:31:10 [http-nio-8080-exec-4] DEBUG c.p.ehr.mapper.UserMapper.doRetrieve - <==      Total: 10
2026-08-10 09:31:10 [http-nio-8080-exec-4] DEBUG org.mybatis.spring.SqlSessionUtils - Closing non transactional SqlSession [org.apache.ibatis.session.defaults.DefaultSqlSession@2549d780]
2026-08-10 09:31:10 [http-nio-8080-exec-4] DEBUG c.p.e.service.impl.CustomUserDetails - ======================================
2026-08-10 09:31:10 [http-nio-8080-exec-4] DEBUG c.p.e.service.impl.CustomUserDetails - getUsername()
2026-08-10 09:31:10 [http-nio-8080-exec-4] DEBUG c.p.e.service.impl.CustomUserDetails - ======================================
2026-08-10 09:31:10 [http-nio-8080-exec-3] DEBUG c.p.e.service.impl.CustomUserDetails - ======================================
2026-08-10 09:31:10 [http-nio-8080-exec-4] DEBUG c.p.e.service.impl.CustomUserDetails - ======================================
2026-08-10 09:31:10 [http-nio-8080-exec-4] DEBUG c.p.e.service.impl.CustomUserDetails - getUsername()
2026-08-10 09:31:10 [http-nio-8080-exec-4] DEBUG c.p.e.service.impl.CustomUserDetails - ======================================
2026-08-10 09:31:10 [http-nio-8080-exec-3] DEBUG c.p.e.service.impl.CustomUserDetails - getUsername()
2026-08-10 09:31:10 [http-nio-8080-exec-3] DEBUG c.p.e.service.impl.CustomUserDetails - ======================================
2026-08-10 09:31:10 [http-nio-8080-exec-6] DEBUG c.p.e.service.impl.CustomUserDetails - ======================================
2026-08-10 09:31:10 [http-nio-8080-exec-6] DEBUG c.p.e.service.impl.CustomUserDetails - getUsername()
2026-08-10 09:31:10 [http-nio-8080-exec-6] DEBUG c.p.e.service.impl.CustomUserDetails - ======================================
2026-08-10 09:31:10 [http-nio-8080-exec-7] DEBUG c.p.e.service.impl.CustomUserDetails - ======================================
2026-08-10 09:31:10 [http-nio-8080-exec-7] DEBUG c.p.e.service.impl.CustomUserDetails - getUsername()
2026-08-10 09:31:10 [http-nio-8080-exec-7] DEBUG c.p.e.service.impl.CustomUserDetails - ======================================
2026-08-10 09:31:10 [http-nio-8080-exec-5] DEBUG c.p.e.service.impl.CustomUserDetails - ======================================
2026-08-10 09:31:10 [http-nio-8080-exec-5] DEBUG c.p.e.service.impl.CustomUserDetails - getUsername()
2026-08-10 09:31:10 [http-nio-8080-exec-5] DEBUG c.p.e.service.impl.CustomUserDetails - ======================================
2026-08-10 09:31:10 [http-nio-8080-exec-8] DEBUG c.p.e.service.impl.CustomUserDetails - ======================================
2026-08-10 09:31:10 [http-nio-8080-exec-8] DEBUG c.p.e.service.impl.CustomUserDetails - getUsername()
2026-08-10 09:31:10 [http-nio-8080-exec-8] DEBUG c.p.e.service.impl.CustomUserDetails - ======================================
2026-08-10 09:31:11 [http-nio-8080-exec-1] DEBUG c.pcwk.ehr.controller.UserController - ---------------------------
2026-08-10 09:31:11 [http-nio-8080-exec-1] DEBUG c.pcwk.ehr.controller.UserController - doSelectOne()*
2026-08-10 09:31:11 [http-nio-8080-exec-1] DEBUG c.pcwk.ehr.controller.UserController - ---------------------------
2026-08-10 09:31:11 [http-nio-8080-exec-1] DEBUG c.pcwk.ehr.controller.UserController - 1.userId: pcwk1
2026-08-10 09:31:11 [http-nio-8080-exec-1] DEBUG c.pcwk.ehr.controller.UserController - 1.1 param: UserVO [userId=pcwk1, name=null, password=null, login=0, recommend=0, email=null, grade=null, regDt=null, toString()=DTO [pageNo=0, pageSize=0, no=0, totalCnt=0, searchDiv=null, searchWord=null, searchMap={}, startNo=0, endNo=0, pre=false, next=false]]
2026-08-10 09:31:11 [http-nio-8080-exec-1] DEBUG c.p.ehr.service.impl.UserServiceImpl - ======================================
2026-08-10 09:31:11 [http-nio-8080-exec-1] DEBUG c.p.ehr.service.impl.UserServiceImpl - doSelectOne()
2026-08-10 09:31:11 [http-nio-8080-exec-1] DEBUG c.p.ehr.service.impl.UserServiceImpl - ======================================
2026-08-10 09:31:11 [http-nio-8080-exec-1] DEBUG org.mybatis.spring.SqlSessionUtils - Creating a new SqlSession
2026-08-10 09:31:11 [http-nio-8080-exec-1] DEBUG org.mybatis.spring.SqlSessionUtils - SqlSession [org.apache.ibatis.session.defaults.DefaultSqlSession@27d1c101] was not registered for synchronization because synchronization is not active
2026-08-10 09:31:11 [http-nio-8080-exec-1] DEBUG o.m.s.t.SpringManagedTransaction - JDBC Connection [HikariProxyConnection@1644844606 wrapping oracle.jdbc.driver.T4CConnection@36f44759] will not be managed by Spring
2026-08-10 09:31:11 [http-nio-8080-exec-1] DEBUG c.p.e.mapper.UserMapper.doSelectOne - ==>  Preparing: SELECT user_id, name, password, login, recommend, email, DECODE(grade,1,'BASIC' ,2,'SILVER' ,3,'GOLD' ) grade, TO_CHAR(reg_dt,'YYYY/MM/DD HH24:MI:SS') reg_dt FROM member WHERE user_id = ?
2026-08-10 09:31:11 [http-nio-8080-exec-1] DEBUG c.p.e.mapper.UserMapper.doSelectOne - ==> Parameters: pcwk1(String)
2026-08-10 09:31:11 [http-nio-8080-exec-1] DEBUG c.p.e.mapper.UserMapper.doSelectOne - <==      Total: 1
2026-08-10 09:31:11 [http-nio-8080-exec-1] DEBUG org.mybatis.spring.SqlSessionUtils - Closing non transactional SqlSession [org.apache.ibatis.session.defaults.DefaultSqlSession@27d1c101]
2026-08-10 09:31:11 [http-nio-8080-exec-1] DEBUG c.pcwk.ehr.controller.UserController - 2. outVO: UserVO [userId=pcwk1, name=이상무01, password=$2a$12$HBp2ySacblGeTBWYnXCyeu49zWneNkNwg1Nx4YiN0Mea5PoGt1wSi, login=1, recommend=1, email=jamesol1@naver.com, grade=SILVER, regDt=2026/08/10 08:53:41, toString()=DTO [pageNo=0, pageSize=0, no=0, totalCnt=0, searchDiv=null, searchWord=null, searchMap={}, startNo=0, endNo=0, pre=false, next=false]]
2026-08-10 09:31:11 [http-nio-8080-exec-1] DEBUG c.p.e.service.impl.CustomUserDetails - ======================================
2026-08-10 09:31:11 [http-nio-8080-exec-1] DEBUG c.p.e.service.impl.CustomUserDetails - getUsername()
2026-08-10 09:31:11 [http-nio-8080-exec-1] DEBUG c.p.e.service.impl.CustomUserDetails - ======================================
2026-08-10 09:31:11 [http-nio-8080-exec-1] DEBUG c.p.e.service.impl.CustomUserDetails - ======================================
2026-08-10 09:31:11 [http-nio-8080-exec-1] DEBUG c.p.e.service.impl.CustomUserDetails - getUsername()
2026-08-10 09:31:11 [http-nio-8080-exec-1] DEBUG c.p.e.service.impl.CustomUserDetails - ======================================
2026-08-10 09:31:11 [http-nio-8080-exec-2] DEBUG c.p.e.service.impl.CustomUserDetails - ======================================
2026-08-10 09:31:11 [http-nio-8080-exec-2] DEBUG c.p.e.service.impl.CustomUserDetails - getUsername()
2026-08-10 09:31:11 [http-nio-8080-exec-2] DEBUG c.p.e.service.impl.CustomUserDetails - ======================================
2026-08-10 09:31:11 [http-nio-8080-exec-9] DEBUG c.p.e.service.impl.CustomUserDetails - ======================================
2026-08-10 09:31:11 [http-nio-8080-exec-9] DEBUG c.p.e.service.impl.CustomUserDetails - getUsername()
2026-08-10 09:31:11 [http-nio-8080-exec-9] DEBUG c.p.e.service.impl.CustomUserDetails - ======================================
2026-08-10 09:31:11 [http-nio-8080-exec-10] DEBUG c.p.e.service.impl.CustomUserDetails - ======================================
2026-08-10 09:31:11 [http-nio-8080-exec-10] DEBUG c.p.e.service.impl.CustomUserDetails - getUsername()
2026-08-10 09:31:11 [http-nio-8080-exec-10] DEBUG c.p.e.service.impl.CustomUserDetails - ======================================
2026-08-10 09:31:11 [http-nio-8080-exec-3] DEBUG c.p.e.service.impl.CustomUserDetails - ======================================
2026-08-10 09:31:11 [http-nio-8080-exec-3] DEBUG c.p.e.service.impl.CustomUserDetails - getUsername()
2026-08-10 09:31:11 [http-nio-8080-exec-3] DEBUG c.p.e.service.impl.CustomUserDetails - ======================================
2026-08-10 09:31:11 [http-nio-8080-exec-7] DEBUG c.p.e.service.impl.CustomUserDetails - ======================================
2026-08-10 09:31:11 [http-nio-8080-exec-7] DEBUG c.p.e.service.impl.CustomUserDetails - getUsername()
2026-08-10 09:31:11 [http-nio-8080-exec-7] DEBUG c.p.e.service.impl.CustomUserDetails - ======================================
2026-08-10 09:31:57 [http-nio-8080-exec-6] DEBUG c.pcwk.ehr.controller.UserController - ---------------------------
2026-08-10 09:31:57 [http-nio-8080-exec-6] DEBUG c.pcwk.ehr.controller.UserController - doSelectOne()*
2026-08-10 09:31:57 [http-nio-8080-exec-6] DEBUG c.pcwk.ehr.controller.UserController - ---------------------------
2026-08-10 09:31:57 [http-nio-8080-exec-6] DEBUG c.pcwk.ehr.controller.UserController - 1.userId: pcwk1
2026-08-10 09:31:57 [http-nio-8080-exec-6] DEBUG c.pcwk.ehr.controller.UserController - 1.1 param: UserVO [userId=pcwk1, name=null, password=null, login=0, recommend=0, email=null, grade=null, regDt=null, toString()=DTO [pageNo=0, pageSize=0, no=0, totalCnt=0, searchDiv=null, searchWord=null, searchMap={}, startNo=0, endNo=0, pre=false, next=false]]
2026-08-10 09:31:57 [http-nio-8080-exec-6] DEBUG c.p.ehr.service.impl.UserServiceImpl - ======================================
2026-08-10 09:31:57 [http-nio-8080-exec-6] DEBUG c.p.ehr.service.impl.UserServiceImpl - doSelectOne()
2026-08-10 09:31:57 [http-nio-8080-exec-6] DEBUG c.p.ehr.service.impl.UserServiceImpl - ======================================
2026-08-10 09:31:57 [http-nio-8080-exec-6] DEBUG org.mybatis.spring.SqlSessionUtils - Creating a new SqlSession
2026-08-10 09:31:57 [http-nio-8080-exec-6] DEBUG org.mybatis.spring.SqlSessionUtils - SqlSession [org.apache.ibatis.session.defaults.DefaultSqlSession@70a3b288] was not registered for synchronization because synchronization is not active
2026-08-10 09:31:57 [http-nio-8080-exec-6] DEBUG o.m.s.t.SpringManagedTransaction - JDBC Connection [HikariProxyConnection@907208292 wrapping oracle.jdbc.driver.T4CConnection@36f44759] will not be managed by Spring
2026-08-10 09:31:57 [http-nio-8080-exec-6] DEBUG c.p.e.mapper.UserMapper.doSelectOne - ==>  Preparing: SELECT user_id, name, password, login, recommend, email, DECODE(grade,1,'BASIC' ,2,'SILVER' ,3,'GOLD' ) grade, TO_CHAR(reg_dt,'YYYY/MM/DD HH24:MI:SS') reg_dt FROM member WHERE user_id = ?
2026-08-10 09:31:57 [http-nio-8080-exec-6] DEBUG c.p.e.mapper.UserMapper.doSelectOne - ==> Parameters: pcwk1(String)
2026-08-10 09:31:57 [http-nio-8080-exec-6] DEBUG c.p.e.mapper.UserMapper.doSelectOne - <==      Total: 1
2026-08-10 09:31:57 [http-nio-8080-exec-6] DEBUG org.mybatis.spring.SqlSessionUtils - Closing non transactional SqlSession [org.apache.ibatis.session.defaults.DefaultSqlSession@70a3b288]
2026-08-10 09:31:57 [http-nio-8080-exec-6] DEBUG c.pcwk.ehr.controller.UserController - 2. outVO: UserVO [userId=pcwk1, name=이상무01, password=$2a$12$HBp2ySacblGeTBWYnXCyeu49zWneNkNwg1Nx4YiN0Mea5PoGt1wSi, login=1, recommend=1, email=jamesol1@naver.com, grade=SILVER, regDt=2026/08/10 08:53:41, toString()=DTO [pageNo=0, pageSize=0, no=0, totalCnt=0, searchDiv=null, searchWord=null, searchMap={}, startNo=0, endNo=0, pre=false, next=false]]
2026-08-10 09:31:57 [http-nio-8080-exec-6] DEBUG c.p.e.service.impl.CustomUserDetails - ======================================
2026-08-10 09:31:57 [http-nio-8080-exec-6] DEBUG c.p.e.service.impl.CustomUserDetails - getUsername()
2026-08-10 09:31:57 [http-nio-8080-exec-6] DEBUG c.p.e.service.impl.CustomUserDetails - ======================================
2026-08-10 09:31:57 [http-nio-8080-exec-6] DEBUG c.p.e.service.impl.CustomUserDetails - ======================================
2026-08-10 09:31:57 [http-nio-8080-exec-6] DEBUG c.p.e.service.impl.CustomUserDetails - getUsername()
2026-08-10 09:31:57 [http-nio-8080-exec-6] DEBUG c.p.e.service.impl.CustomUserDetails - ======================================
2026-08-10 09:31:57 [http-nio-8080-exec-4] DEBUG c.p.e.service.impl.CustomUserDetails - ======================================
2026-08-10 09:31:57 [http-nio-8080-exec-4] DEBUG c.p.e.service.impl.CustomUserDetails - getUsername()
2026-08-10 09:31:57 [http-nio-8080-exec-4] DEBUG c.p.e.service.impl.CustomUserDetails - ======================================
2026-08-10 09:31:57 [http-nio-8080-exec-5] DEBUG c.p.e.service.impl.CustomUserDetails - ======================================
2026-08-10 09:31:57 [http-nio-8080-exec-5] DEBUG c.p.e.service.impl.CustomUserDetails - getUsername()
2026-08-10 09:31:57 [http-nio-8080-exec-5] DEBUG c.p.e.service.impl.CustomUserDetails - ======================================
2026-08-10 09:31:57 [http-nio-8080-exec-8] DEBUG c.p.e.service.impl.CustomUserDetails - ======================================
2026-08-10 09:31:57 [http-nio-8080-exec-8] DEBUG c.p.e.service.impl.CustomUserDetails - getUsername()
2026-08-10 09:31:57 [http-nio-8080-exec-8] DEBUG c.p.e.service.impl.CustomUserDetails - ======================================
2026-08-10 09:31:57 [http-nio-8080-exec-1] DEBUG c.p.e.service.impl.CustomUserDetails - ======================================
2026-08-10 09:31:57 [http-nio-8080-exec-1] DEBUG c.p.e.service.impl.CustomUserDetails - getUsername()
2026-08-10 09:31:57 [http-nio-8080-exec-1] DEBUG c.p.e.service.impl.CustomUserDetails - ======================================
2026-08-10 09:31:57 [http-nio-8080-exec-2] DEBUG c.p.e.service.impl.CustomUserDetails - ======================================
2026-08-10 09:31:57 [http-nio-8080-exec-2] DEBUG c.p.e.service.impl.CustomUserDetails - getUsername()
2026-08-10 09:31:57 [http-nio-8080-exec-2] DEBUG c.p.e.service.impl.CustomUserDetails - ======================================
2026-08-10 09:32:32 [http-nio-8080-exec-10] DEBUG c.pcwk.ehr.controller.UserController - ---------------------------
2026-08-10 09:32:32 [http-nio-8080-exec-10] DEBUG c.pcwk.ehr.controller.UserController - doSelectOne()*
2026-08-10 09:32:32 [http-nio-8080-exec-10] DEBUG c.pcwk.ehr.controller.UserController - ---------------------------
2026-08-10 09:32:32 [http-nio-8080-exec-10] DEBUG c.pcwk.ehr.controller.UserController - 1.userId: pcwk1
2026-08-10 09:32:32 [http-nio-8080-exec-10] DEBUG c.pcwk.ehr.controller.UserController - 1.1 param: UserVO [userId=pcwk1, name=null, password=null, login=0, recommend=0, email=null, grade=null, regDt=null, toString()=DTO [pageNo=0, pageSize=0, no=0, totalCnt=0, searchDiv=null, searchWord=null, searchMap={}, startNo=0, endNo=0, pre=false, next=false]]
2026-08-10 09:32:32 [http-nio-8080-exec-10] DEBUG c.p.ehr.service.impl.UserServiceImpl - ======================================
2026-08-10 09:32:32 [http-nio-8080-exec-10] DEBUG c.p.ehr.service.impl.UserServiceImpl - doSelectOne()
2026-08-10 09:32:32 [http-nio-8080-exec-10] DEBUG c.p.ehr.service.impl.UserServiceImpl - ======================================
2026-08-10 09:32:32 [http-nio-8080-exec-10] DEBUG org.mybatis.spring.SqlSessionUtils - Creating a new SqlSession
2026-08-10 09:32:32 [http-nio-8080-exec-10] DEBUG org.mybatis.spring.SqlSessionUtils - SqlSession [org.apache.ibatis.session.defaults.DefaultSqlSession@6d8aa060] was not registered for synchronization because synchronization is not active
2026-08-10 09:32:32 [http-nio-8080-exec-10] DEBUG o.m.s.t.SpringManagedTransaction - JDBC Connection [HikariProxyConnection@680010677 wrapping oracle.jdbc.driver.T4CConnection@36f44759] will not be managed by Spring
2026-08-10 09:32:32 [http-nio-8080-exec-10] DEBUG c.p.e.mapper.UserMapper.doSelectOne - ==>  Preparing: SELECT user_id, name, password, login, recommend, email, DECODE(grade,1,'BASIC' ,2,'SILVER' ,3,'GOLD' ) grade, TO_CHAR(reg_dt,'YYYY/MM/DD HH24:MI:SS') reg_dt FROM member WHERE user_id = ?
2026-08-10 09:32:32 [http-nio-8080-exec-10] DEBUG c.p.e.mapper.UserMapper.doSelectOne - ==> Parameters: pcwk1(String)
2026-08-10 09:32:32 [http-nio-8080-exec-10] DEBUG c.p.e.mapper.UserMapper.doSelectOne - <==      Total: 1
2026-08-10 09:32:32 [http-nio-8080-exec-10] DEBUG org.mybatis.spring.SqlSessionUtils - Closing non transactional SqlSession [org.apache.ibatis.session.defaults.DefaultSqlSession@6d8aa060]
2026-08-10 09:32:32 [http-nio-8080-exec-10] DEBUG c.pcwk.ehr.controller.UserController - 2. outVO: UserVO [userId=pcwk1, name=이상무01, password=$2a$12$HBp2ySacblGeTBWYnXCyeu49zWneNkNwg1Nx4YiN0Mea5PoGt1wSi, login=1, recommend=1, email=jamesol1@naver.com, grade=SILVER, regDt=2026/08/10 08:53:41, toString()=DTO [pageNo=0, pageSize=0, no=0, totalCnt=0, searchDiv=null, searchWord=null, searchMap={}, startNo=0, endNo=0, pre=false, next=false]]
2026-08-10 09:32:32 [http-nio-8080-exec-10] DEBUG c.p.e.service.impl.CustomUserDetails - ======================================
2026-08-10 09:32:32 [http-nio-8080-exec-10] DEBUG c.p.e.service.impl.CustomUserDetails - getUsername()
2026-08-10 09:32:32 [http-nio-8080-exec-10] DEBUG c.p.e.service.impl.CustomUserDetails - ======================================
2026-08-10 09:32:32 [http-nio-8080-exec-10] DEBUG c.p.e.service.impl.CustomUserDetails - ======================================
2026-08-10 09:32:32 [http-nio-8080-exec-10] DEBUG c.p.e.service.impl.CustomUserDetails - getUsername()
2026-08-10 09:32:32 [http-nio-8080-exec-10] DEBUG c.p.e.service.impl.CustomUserDetails - ======================================
2026-08-10 09:32:32 [http-nio-8080-exec-6] DEBUG c.p.e.service.impl.CustomUserDetails - ======================================
2026-08-10 09:32:32 [http-nio-8080-exec-6] DEBUG c.p.e.service.impl.CustomUserDetails - getUsername()
2026-08-10 09:32:32 [http-nio-8080-exec-6] DEBUG c.p.e.service.impl.CustomUserDetails - ======================================
2026-08-10 09:32:32 [http-nio-8080-exec-7] DEBUG c.p.e.service.impl.CustomUserDetails - ======================================
2026-08-10 09:32:32 [http-nio-8080-exec-7] DEBUG c.p.e.service.impl.CustomUserDetails - getUsername()
2026-08-10 09:32:32 [http-nio-8080-exec-7] DEBUG c.p.e.service.impl.CustomUserDetails - ======================================
2026-08-10 09:32:32 [http-nio-8080-exec-5] DEBUG c.p.e.service.impl.CustomUserDetails - ======================================
2026-08-10 09:32:32 [http-nio-8080-exec-3] DEBUG c.p.e.service.impl.CustomUserDetails - ======================================
2026-08-10 09:32:32 [http-nio-8080-exec-5] DEBUG c.p.e.service.impl.CustomUserDetails - getUsername()
2026-08-10 09:32:32 [http-nio-8080-exec-5] DEBUG c.p.e.service.impl.CustomUserDetails - ======================================
2026-08-10 09:32:32 [http-nio-8080-exec-3] DEBUG c.p.e.service.impl.CustomUserDetails - getUsername()
2026-08-10 09:32:32 [http-nio-8080-exec-3] DEBUG c.p.e.service.impl.CustomUserDetails - ======================================
2026-08-10 09:32:32 [http-nio-8080-exec-3] DEBUG c.p.e.service.impl.CustomUserDetails - ======================================
2026-08-10 09:32:32 [http-nio-8080-exec-3] DEBUG c.p.e.service.impl.CustomUserDetails - getUsername()
2026-08-10 09:32:32 [http-nio-8080-exec-3] DEBUG c.p.e.service.impl.CustomUserDetails - ======================================
2026-08-10 09:32:40 [http-nio-8080-exec-8] DEBUG c.pcwk.ehr.controller.UserController - ---------------------------
2026-08-10 09:32:40 [http-nio-8080-exec-8] DEBUG c.pcwk.ehr.controller.UserController - doSelectOne()*
2026-08-10 09:32:40 [http-nio-8080-exec-8] DEBUG c.pcwk.ehr.controller.UserController - ---------------------------
2026-08-10 09:32:40 [http-nio-8080-exec-8] DEBUG c.pcwk.ehr.controller.UserController - 1.userId: pcwk1
2026-08-10 09:32:40 [http-nio-8080-exec-8] DEBUG c.pcwk.ehr.controller.UserController - 1.1 param: UserVO [userId=pcwk1, name=null, password=null, login=0, recommend=0, email=null, grade=null, regDt=null, toString()=DTO [pageNo=0, pageSize=0, no=0, totalCnt=0, searchDiv=null, searchWord=null, searchMap={}, startNo=0, endNo=0, pre=false, next=false]]
2026-08-10 09:32:40 [http-nio-8080-exec-8] DEBUG c.p.ehr.service.impl.UserServiceImpl - ======================================
2026-08-10 09:32:40 [http-nio-8080-exec-8] DEBUG c.p.ehr.service.impl.UserServiceImpl - doSelectOne()
2026-08-10 09:32:40 [http-nio-8080-exec-8] DEBUG c.p.ehr.service.impl.UserServiceImpl - ======================================
2026-08-10 09:32:40 [http-nio-8080-exec-8] DEBUG org.mybatis.spring.SqlSessionUtils - Creating a new SqlSession
2026-08-10 09:32:40 [http-nio-8080-exec-8] DEBUG org.mybatis.spring.SqlSessionUtils - SqlSession [org.apache.ibatis.session.defaults.DefaultSqlSession@38810bc5] was not registered for synchronization because synchronization is not active
2026-08-10 09:32:40 [http-nio-8080-exec-8] DEBUG o.m.s.t.SpringManagedTransaction - JDBC Connection [HikariProxyConnection@659376488 wrapping oracle.jdbc.driver.T4CConnection@36f44759] will not be managed by Spring
2026-08-10 09:32:40 [http-nio-8080-exec-8] DEBUG c.p.e.mapper.UserMapper.doSelectOne - ==>  Preparing: SELECT user_id, name, password, login, recommend, email, DECODE(grade,1,'BASIC' ,2,'SILVER' ,3,'GOLD' ) grade, TO_CHAR(reg_dt,'YYYY/MM/DD HH24:MI:SS') reg_dt FROM member WHERE user_id = ?
2026-08-10 09:32:40 [http-nio-8080-exec-8] DEBUG c.p.e.mapper.UserMapper.doSelectOne - ==> Parameters: pcwk1(String)
2026-08-10 09:32:40 [http-nio-8080-exec-8] DEBUG c.p.e.mapper.UserMapper.doSelectOne - <==      Total: 1
2026-08-10 09:32:40 [http-nio-8080-exec-8] DEBUG org.mybatis.spring.SqlSessionUtils - Closing non transactional SqlSession [org.apache.ibatis.session.defaults.DefaultSqlSession@38810bc5]
2026-08-10 09:32:40 [http-nio-8080-exec-8] DEBUG c.pcwk.ehr.controller.UserController - 2. outVO: UserVO [userId=pcwk1, name=이상무01, password=$2a$12$HBp2ySacblGeTBWYnXCyeu49zWneNkNwg1Nx4YiN0Mea5PoGt1wSi, login=1, recommend=1, email=jamesol1@naver.com, grade=SILVER, regDt=2026/08/10 08:53:41, toString()=DTO [pageNo=0, pageSize=0, no=0, totalCnt=0, searchDiv=null, searchWord=null, searchMap={}, startNo=0, endNo=0, pre=false, next=false]]
2026-08-10 09:32:40 [http-nio-8080-exec-8] DEBUG c.p.e.service.impl.CustomUserDetails - ======================================
2026-08-10 09:32:40 [http-nio-8080-exec-8] DEBUG c.p.e.service.impl.CustomUserDetails - getUsername()
2026-08-10 09:32:40 [http-nio-8080-exec-8] DEBUG c.p.e.service.impl.CustomUserDetails - ======================================
2026-08-10 09:32:40 [http-nio-8080-exec-8] DEBUG c.p.e.service.impl.CustomUserDetails - ======================================
2026-08-10 09:32:40 [http-nio-8080-exec-8] DEBUG c.p.e.service.impl.CustomUserDetails - getUsername()
2026-08-10 09:32:40 [http-nio-8080-exec-8] DEBUG c.p.e.service.impl.CustomUserDetails - ======================================
2026-08-10 09:32:40 [http-nio-8080-exec-2] DEBUG c.p.e.service.impl.CustomUserDetails - ======================================
2026-08-10 09:32:40 [http-nio-8080-exec-2] DEBUG c.p.e.service.impl.CustomUserDetails - getUsername()
2026-08-10 09:32:40 [http-nio-8080-exec-2] DEBUG c.p.e.service.impl.CustomUserDetails - ======================================
2026-08-10 09:32:40 [http-nio-8080-exec-1] DEBUG c.p.e.service.impl.CustomUserDetails - ======================================
2026-08-10 09:32:40 [http-nio-8080-exec-1] DEBUG c.p.e.service.impl.CustomUserDetails - getUsername()
2026-08-10 09:32:40 [http-nio-8080-exec-4] DEBUG c.p.e.service.impl.CustomUserDetails - ======================================
2026-08-10 09:32:40 [http-nio-8080-exec-1] DEBUG c.p.e.service.impl.CustomUserDetails - ======================================
2026-08-10 09:32:40 [http-nio-8080-exec-4] DEBUG c.p.e.service.impl.CustomUserDetails - getUsername()
2026-08-10 09:32:40 [http-nio-8080-exec-4] DEBUG c.p.e.service.impl.CustomUserDetails - ======================================
2026-08-10 09:32:40 [http-nio-8080-exec-9] DEBUG c.p.e.service.impl.CustomUserDetails - ======================================
2026-08-10 09:32:40 [http-nio-8080-exec-9] DEBUG c.p.e.service.impl.CustomUserDetails - getUsername()
2026-08-10 09:32:40 [http-nio-8080-exec-9] DEBUG c.p.e.service.impl.CustomUserDetails - ======================================
2026-08-10 09:32:40 [http-nio-8080-exec-10] DEBUG c.p.e.service.impl.CustomUserDetails - ======================================
2026-08-10 09:32:40 [http-nio-8080-exec-10] DEBUG c.p.e.service.impl.CustomUserDetails - getUsername()
2026-08-10 09:32:40 [http-nio-8080-exec-10] DEBUG c.p.e.service.impl.CustomUserDetails - ======================================
2026-08-10 09:33:03 [http-nio-8080-exec-6] DEBUG c.pcwk.ehr.controller.UserController - ---------------------------
2026-08-10 09:33:03 [http-nio-8080-exec-6] DEBUG c.pcwk.ehr.controller.UserController - doSelectOne()*
2026-08-10 09:33:03 [http-nio-8080-exec-6] DEBUG c.pcwk.ehr.controller.UserController - ---------------------------
2026-08-10 09:33:03 [http-nio-8080-exec-6] DEBUG c.pcwk.ehr.controller.UserController - 1.userId: pcwk1
2026-08-10 09:33:03 [http-nio-8080-exec-6] DEBUG c.pcwk.ehr.controller.UserController - 1.1 param: UserVO [userId=pcwk1, name=null, password=null, login=0, recommend=0, email=null, grade=null, regDt=null, toString()=DTO [pageNo=0, pageSize=0, no=0, totalCnt=0, searchDiv=null, searchWord=null, searchMap={}, startNo=0, endNo=0, pre=false, next=false]]
2026-08-10 09:33:03 [http-nio-8080-exec-6] DEBUG c.p.ehr.service.impl.UserServiceImpl - ======================================
2026-08-10 09:33:03 [http-nio-8080-exec-6] DEBUG c.p.ehr.service.impl.UserServiceImpl - doSelectOne()
2026-08-10 09:33:03 [http-nio-8080-exec-6] DEBUG c.p.ehr.service.impl.UserServiceImpl - ======================================
2026-08-10 09:33:03 [http-nio-8080-exec-6] DEBUG org.mybatis.spring.SqlSessionUtils - Creating a new SqlSession
2026-08-10 09:33:03 [http-nio-8080-exec-6] DEBUG org.mybatis.spring.SqlSessionUtils - SqlSession [org.apache.ibatis.session.defaults.DefaultSqlSession@29afd1d2] was not registered for synchronization because synchronization is not active
2026-08-10 09:33:03 [http-nio-8080-exec-6] DEBUG o.m.s.t.SpringManagedTransaction - JDBC Connection [HikariProxyConnection@161030297 wrapping oracle.jdbc.driver.T4CConnection@36f44759] will not be managed by Spring
2026-08-10 09:33:03 [http-nio-8080-exec-6] DEBUG c.p.e.mapper.UserMapper.doSelectOne - ==>  Preparing: SELECT user_id, name, password, login, recommend, email, DECODE(grade,1,'BASIC' ,2,'SILVER' ,3,'GOLD' ) grade, TO_CHAR(reg_dt,'YYYY/MM/DD HH24:MI:SS') reg_dt FROM member WHERE user_id = ?
2026-08-10 09:33:03 [http-nio-8080-exec-6] DEBUG c.p.e.mapper.UserMapper.doSelectOne - ==> Parameters: pcwk1(String)
2026-08-10 09:33:03 [http-nio-8080-exec-6] DEBUG c.p.e.mapper.UserMapper.doSelectOne - <==      Total: 1
2026-08-10 09:33:03 [http-nio-8080-exec-6] DEBUG org.mybatis.spring.SqlSessionUtils - Closing non transactional SqlSession [org.apache.ibatis.session.defaults.DefaultSqlSession@29afd1d2]
2026-08-10 09:33:03 [http-nio-8080-exec-6] DEBUG c.pcwk.ehr.controller.UserController - 2. outVO: UserVO [userId=pcwk1, name=이상무01, password=$2a$12$HBp2ySacblGeTBWYnXCyeu49zWneNkNwg1Nx4YiN0Mea5PoGt1wSi, login=1, recommend=1, email=jamesol1@naver.com, grade=SILVER, regDt=2026/08/10 08:53:41, toString()=DTO [pageNo=0, pageSize=0, no=0, totalCnt=0, searchDiv=null, searchWord=null, searchMap={}, startNo=0, endNo=0, pre=false, next=false]]
2026-08-10 09:33:03 [http-nio-8080-exec-6] DEBUG c.p.e.service.impl.CustomUserDetails - ======================================
2026-08-10 09:33:03 [http-nio-8080-exec-6] DEBUG c.p.e.service.impl.CustomUserDetails - getUsername()
2026-08-10 09:33:03 [http-nio-8080-exec-6] DEBUG c.p.e.service.impl.CustomUserDetails - ======================================
2026-08-10 09:33:03 [http-nio-8080-exec-6] DEBUG c.p.e.service.impl.CustomUserDetails - ======================================
2026-08-10 09:33:03 [http-nio-8080-exec-6] DEBUG c.p.e.service.impl.CustomUserDetails - getUsername()
2026-08-10 09:33:03 [http-nio-8080-exec-6] DEBUG c.p.e.service.impl.CustomUserDetails - ======================================
2026-08-10 09:33:03 [http-nio-8080-exec-3] DEBUG c.p.e.service.impl.CustomUserDetails - ======================================
2026-08-10 09:33:03 [http-nio-8080-exec-5] DEBUG c.p.e.service.impl.CustomUserDetails - ======================================
2026-08-10 09:33:03 [http-nio-8080-exec-5] DEBUG c.p.e.service.impl.CustomUserDetails - getUsername()
2026-08-10 09:33:03 [http-nio-8080-exec-5] DEBUG c.p.e.service.impl.CustomUserDetails - ======================================
2026-08-10 09:33:03 [http-nio-8080-exec-3] DEBUG c.p.e.service.impl.CustomUserDetails - getUsername()
2026-08-10 09:33:03 [http-nio-8080-exec-3] DEBUG c.p.e.service.impl.CustomUserDetails - ======================================
2026-08-10 09:33:03 [http-nio-8080-exec-8] DEBUG c.p.e.service.impl.CustomUserDetails - ======================================
2026-08-10 09:33:03 [http-nio-8080-exec-8] DEBUG c.p.e.service.impl.CustomUserDetails - getUsername()
2026-08-10 09:33:03 [http-nio-8080-exec-8] DEBUG c.p.e.service.impl.CustomUserDetails - ======================================
2026-08-10 09:33:03 [http-nio-8080-exec-7] DEBUG c.p.e.service.impl.CustomUserDetails - ======================================
2026-08-10 09:33:03 [http-nio-8080-exec-7] DEBUG c.p.e.service.impl.CustomUserDetails - getUsername()
2026-08-10 09:33:03 [http-nio-8080-exec-7] DEBUG c.p.e.service.impl.CustomUserDetails - ======================================
2026-08-10 09:33:03 [http-nio-8080-exec-2] DEBUG c.p.e.service.impl.CustomUserDetails - ======================================
2026-08-10 09:33:03 [http-nio-8080-exec-2] DEBUG c.p.e.service.impl.CustomUserDetails - getUsername()
2026-08-10 09:33:03 [http-nio-8080-exec-2] DEBUG c.p.e.service.impl.CustomUserDetails - ======================================
2026-08-10 09:33:16 [http-nio-8080-exec-4] DEBUG c.pcwk.ehr.controller.UserController - ---------------------------
2026-08-10 09:33:16 [http-nio-8080-exec-4] DEBUG c.pcwk.ehr.controller.UserController - doSelectOne()*
2026-08-10 09:33:16 [http-nio-8080-exec-4] DEBUG c.pcwk.ehr.controller.UserController - ---------------------------
2026-08-10 09:33:16 [http-nio-8080-exec-4] DEBUG c.pcwk.ehr.controller.UserController - 1.userId: pcwk1
2026-08-10 09:33:16 [http-nio-8080-exec-4] DEBUG c.pcwk.ehr.controller.UserController - 1.1 param: UserVO [userId=pcwk1, name=null, password=null, login=0, recommend=0, email=null, grade=null, regDt=null, toString()=DTO [pageNo=0, pageSize=0, no=0, totalCnt=0, searchDiv=null, searchWord=null, searchMap={}, startNo=0, endNo=0, pre=false, next=false]]
2026-08-10 09:33:16 [http-nio-8080-exec-4] DEBUG c.p.ehr.service.impl.UserServiceImpl - ======================================
2026-08-10 09:33:16 [http-nio-8080-exec-4] DEBUG c.p.ehr.service.impl.UserServiceImpl - doSelectOne()
2026-08-10 09:33:16 [http-nio-8080-exec-4] DEBUG c.p.ehr.service.impl.UserServiceImpl - ======================================
2026-08-10 09:33:16 [http-nio-8080-exec-4] DEBUG org.mybatis.spring.SqlSessionUtils - Creating a new SqlSession
2026-08-10 09:33:16 [http-nio-8080-exec-4] DEBUG org.mybatis.spring.SqlSessionUtils - SqlSession [org.apache.ibatis.session.defaults.DefaultSqlSession@27745b93] was not registered for synchronization because synchronization is not active
2026-08-10 09:33:16 [http-nio-8080-exec-4] DEBUG o.m.s.t.SpringManagedTransaction - JDBC Connection [HikariProxyConnection@760404686 wrapping oracle.jdbc.driver.T4CConnection@36f44759] will not be managed by Spring
2026-08-10 09:33:16 [http-nio-8080-exec-4] DEBUG c.p.e.mapper.UserMapper.doSelectOne - ==>  Preparing: SELECT user_id, name, password, login, recommend, email, DECODE(grade,1,'BASIC' ,2,'SILVER' ,3,'GOLD' ) grade, TO_CHAR(reg_dt,'YYYY/MM/DD HH24:MI:SS') reg_dt FROM member WHERE user_id = ?
2026-08-10 09:33:16 [http-nio-8080-exec-4] DEBUG c.p.e.mapper.UserMapper.doSelectOne - ==> Parameters: pcwk1(String)
2026-08-10 09:33:16 [http-nio-8080-exec-4] DEBUG c.p.e.mapper.UserMapper.doSelectOne - <==      Total: 1
2026-08-10 09:33:16 [http-nio-8080-exec-4] DEBUG org.mybatis.spring.SqlSessionUtils - Closing non transactional SqlSession [org.apache.ibatis.session.defaults.DefaultSqlSession@27745b93]
2026-08-10 09:33:16 [http-nio-8080-exec-4] DEBUG c.pcwk.ehr.controller.UserController - 2. outVO: UserVO [userId=pcwk1, name=이상무01, password=$2a$12$HBp2ySacblGeTBWYnXCyeu49zWneNkNwg1Nx4YiN0Mea5PoGt1wSi, login=1, recommend=1, email=jamesol1@naver.com, grade=SILVER, regDt=2026/08/10 08:53:41, toString()=DTO [pageNo=0, pageSize=0, no=0, totalCnt=0, searchDiv=null, searchWord=null, searchMap={}, startNo=0, endNo=0, pre=false, next=false]]
2026-08-10 09:33:16 [http-nio-8080-exec-4] DEBUG c.p.e.service.impl.CustomUserDetails - ======================================
2026-08-10 09:33:16 [http-nio-8080-exec-4] DEBUG c.p.e.service.impl.CustomUserDetails - getUsername()
2026-08-10 09:33:16 [http-nio-8080-exec-4] DEBUG c.p.e.service.impl.CustomUserDetails - ======================================
2026-08-10 09:33:16 [http-nio-8080-exec-4] DEBUG c.p.e.service.impl.CustomUserDetails - ======================================
2026-08-10 09:33:16 [http-nio-8080-exec-4] DEBUG c.p.e.service.impl.CustomUserDetails - getUsername()
2026-08-10 09:33:16 [http-nio-8080-exec-4] DEBUG c.p.e.service.impl.CustomUserDetails - ======================================
2026-08-10 09:33:16 [http-nio-8080-exec-10] DEBUG c.p.e.service.impl.CustomUserDetails - ======================================
2026-08-10 09:33:16 [http-nio-8080-exec-10] DEBUG c.p.e.service.impl.CustomUserDetails - getUsername()
2026-08-10 09:33:16 [http-nio-8080-exec-10] DEBUG c.p.e.service.impl.CustomUserDetails - ======================================
2026-08-10 09:33:16 [http-nio-8080-exec-1] DEBUG c.p.e.service.impl.CustomUserDetails - ======================================
2026-08-10 09:33:16 [http-nio-8080-exec-1] DEBUG c.p.e.service.impl.CustomUserDetails - getUsername()
2026-08-10 09:33:16 [http-nio-8080-exec-1] DEBUG c.p.e.service.impl.CustomUserDetails - ======================================
2026-08-10 09:33:16 [http-nio-8080-exec-6] DEBUG c.p.e.service.impl.CustomUserDetails - ======================================
2026-08-10 09:33:16 [http-nio-8080-exec-6] DEBUG c.p.e.service.impl.CustomUserDetails - getUsername()
2026-08-10 09:33:16 [http-nio-8080-exec-6] DEBUG c.p.e.service.impl.CustomUserDetails - ======================================
2026-08-10 09:33:16 [http-nio-8080-exec-9] DEBUG c.p.e.service.impl.CustomUserDetails - ======================================
2026-08-10 09:33:16 [http-nio-8080-exec-9] DEBUG c.p.e.service.impl.CustomUserDetails - getUsername()
2026-08-10 09:33:16 [http-nio-8080-exec-9] DEBUG c.p.e.service.impl.CustomUserDetails - ======================================
2026-08-10 09:33:16 [http-nio-8080-exec-3] DEBUG c.p.e.service.impl.CustomUserDetails - ======================================
2026-08-10 09:33:16 [http-nio-8080-exec-3] DEBUG c.p.e.service.impl.CustomUserDetails - getUsername()
2026-08-10 09:33:16 [http-nio-8080-exec-3] DEBUG c.p.e.service.impl.CustomUserDetails - ======================================
2026-08-10 09:33:58 [http-nio-8080-exec-5] DEBUG c.p.e.service.impl.CustomUserDetails - ======================================
2026-08-10 09:33:58 [http-nio-8080-exec-5] DEBUG c.p.e.service.impl.CustomUserDetails - getUsername()
2026-08-10 09:33:58 [http-nio-8080-exec-5] DEBUG c.p.e.service.impl.CustomUserDetails - ======================================
2026-08-10 09:33:59 [http-nio-8080-exec-8] DEBUG c.p.e.service.impl.CustomUserDetails - ======================================
2026-08-10 09:33:59 [http-nio-8080-exec-8] DEBUG c.p.e.service.impl.CustomUserDetails - getUsername()
2026-08-10 09:33:59 [http-nio-8080-exec-8] DEBUG c.p.e.service.impl.CustomUserDetails - ======================================
2026-08-10 09:33:59 [http-nio-8080-exec-7] DEBUG c.p.e.service.impl.CustomUserDetails - ======================================
2026-08-10 09:33:59 [http-nio-8080-exec-7] DEBUG c.p.e.service.impl.CustomUserDetails - getUsername()
2026-08-10 09:33:59 [http-nio-8080-exec-7] DEBUG c.p.e.service.impl.CustomUserDetails - ======================================
2026-08-10 09:33:59 [http-nio-8080-exec-2] DEBUG c.p.e.service.impl.CustomUserDetails - ======================================
2026-08-10 09:33:59 [http-nio-8080-exec-2] DEBUG c.p.e.service.impl.CustomUserDetails - getUsername()
2026-08-10 09:33:59 [http-nio-8080-exec-2] DEBUG c.p.e.service.impl.CustomUserDetails - ======================================
2026-08-10 09:33:59 [http-nio-8080-exec-8] DEBUG c.p.e.service.impl.CustomUserDetails - ======================================
2026-08-10 09:33:59 [http-nio-8080-exec-2] DEBUG c.p.e.service.impl.CustomUserDetails - ======================================
2026-08-10 09:33:59 [http-nio-8080-exec-8] DEBUG c.p.e.service.impl.CustomUserDetails - getUsername()
2026-08-10 09:33:59 [http-nio-8080-exec-2] DEBUG c.p.e.service.impl.CustomUserDetails - getUsername()
2026-08-10 09:33:59 [http-nio-8080-exec-8] DEBUG c.p.e.service.impl.CustomUserDetails - ======================================
2026-08-10 09:33:59 [http-nio-8080-exec-2] DEBUG c.p.e.service.impl.CustomUserDetails - ======================================
2026-08-10 09:33:59 [http-nio-8080-exec-7] DEBUG c.p.e.service.impl.CustomUserDetails - ======================================
2026-08-10 09:33:59 [http-nio-8080-exec-7] DEBUG c.p.e.service.impl.CustomUserDetails - getUsername()
2026-08-10 09:33:59 [http-nio-8080-exec-7] DEBUG c.p.e.service.impl.CustomUserDetails - ======================================
2026-08-10 09:37:19 [http-nio-8080-exec-6] DEBUG c.pcwk.ehr.controller.UserController - ---------------------------
2026-08-10 09:37:19 [http-nio-8080-exec-6] DEBUG c.pcwk.ehr.controller.UserController - doSelectOne()*
2026-08-10 09:37:19 [http-nio-8080-exec-6] DEBUG c.pcwk.ehr.controller.UserController - ---------------------------
2026-08-10 09:37:19 [http-nio-8080-exec-6] DEBUG c.pcwk.ehr.controller.UserController - 1.userId: pcwk1
2026-08-10 09:37:19 [http-nio-8080-exec-6] DEBUG c.pcwk.ehr.controller.UserController - 1.1 param: UserVO [userId=pcwk1, name=null, password=null, login=0, recommend=0, email=null, grade=null, regDt=null, toString()=DTO [pageNo=0, pageSize=0, no=0, totalCnt=0, searchDiv=null, searchWord=null, searchMap={}, startNo=0, endNo=0, pre=false, next=false]]
2026-08-10 09:37:19 [http-nio-8080-exec-6] DEBUG c.p.ehr.service.impl.UserServiceImpl - ======================================
2026-08-10 09:37:19 [http-nio-8080-exec-6] DEBUG c.p.ehr.service.impl.UserServiceImpl - doSelectOne()
2026-08-10 09:37:19 [http-nio-8080-exec-6] DEBUG c.p.ehr.service.impl.UserServiceImpl - ======================================
2026-08-10 09:37:19 [http-nio-8080-exec-6] DEBUG org.mybatis.spring.SqlSessionUtils - Creating a new SqlSession
2026-08-10 09:37:19 [http-nio-8080-exec-6] DEBUG org.mybatis.spring.SqlSessionUtils - SqlSession [org.apache.ibatis.session.defaults.DefaultSqlSession@2a57213f] was not registered for synchronization because synchronization is not active
2026-08-10 09:37:19 [http-nio-8080-exec-6] DEBUG o.m.s.t.SpringManagedTransaction - JDBC Connection [HikariProxyConnection@676451334 wrapping oracle.jdbc.driver.T4CConnection@36f44759] will not be managed by Spring
2026-08-10 09:37:19 [http-nio-8080-exec-6] DEBUG c.p.e.mapper.UserMapper.doSelectOne - ==>  Preparing: SELECT user_id, name, password, login, recommend, email, DECODE(grade,1,'BASIC' ,2,'SILVER' ,3,'GOLD' ) grade, TO_CHAR(reg_dt,'YYYY/MM/DD HH24:MI:SS') reg_dt FROM member WHERE user_id = ?
2026-08-10 09:37:19 [http-nio-8080-exec-6] DEBUG c.p.e.mapper.UserMapper.doSelectOne - ==> Parameters: pcwk1(String)
2026-08-10 09:37:19 [http-nio-8080-exec-6] DEBUG c.p.e.mapper.UserMapper.doSelectOne - <==      Total: 1
2026-08-10 09:37:19 [http-nio-8080-exec-6] DEBUG org.mybatis.spring.SqlSessionUtils - Closing non transactional SqlSession [org.apache.ibatis.session.defaults.DefaultSqlSession@2a57213f]
2026-08-10 09:37:19 [http-nio-8080-exec-6] DEBUG c.pcwk.ehr.controller.UserController - 2. outVO: UserVO [userId=pcwk1, name=이상무01, password=$2a$12$HBp2ySacblGeTBWYnXCyeu49zWneNkNwg1Nx4YiN0Mea5PoGt1wSi, login=1, recommend=1, email=jamesol1@naver.com, grade=SILVER, regDt=2026/08/10 08:53:41, toString()=DTO [pageNo=0, pageSize=0, no=0, totalCnt=0, searchDiv=null, searchWord=null, searchMap={}, startNo=0, endNo=0, pre=false, next=false]]
2026-08-10 09:37:19 [http-nio-8080-exec-6] DEBUG c.p.e.service.impl.CustomUserDetails - ======================================
2026-08-10 09:37:19 [http-nio-8080-exec-6] DEBUG c.p.e.service.impl.CustomUserDetails - getUsername()
2026-08-10 09:37:19 [http-nio-8080-exec-6] DEBUG c.p.e.service.impl.CustomUserDetails - ======================================
2026-08-10 09:37:19 [http-nio-8080-exec-6] DEBUG c.p.e.service.impl.CustomUserDetails - ======================================
2026-08-10 09:37:19 [http-nio-8080-exec-6] DEBUG c.p.e.service.impl.CustomUserDetails - getUsername()
2026-08-10 09:37:19 [http-nio-8080-exec-6] DEBUG c.p.e.service.impl.CustomUserDetails - ======================================
2026-08-10 09:37:19 [http-nio-8080-exec-3] DEBUG c.p.e.service.impl.CustomUserDetails - ======================================
2026-08-10 09:37:19 [http-nio-8080-exec-3] DEBUG c.p.e.service.impl.CustomUserDetails - getUsername()
2026-08-10 09:37:19 [http-nio-8080-exec-3] DEBUG c.p.e.service.impl.CustomUserDetails - ======================================
2026-08-10 09:37:19 [http-nio-8080-exec-5] DEBUG c.p.e.service.impl.CustomUserDetails - ======================================
2026-08-10 09:37:19 [http-nio-8080-exec-5] DEBUG c.p.e.service.impl.CustomUserDetails - getUsername()
2026-08-10 09:37:19 [http-nio-8080-exec-5] DEBUG c.p.e.service.impl.CustomUserDetails - ======================================
2026-08-10 09:37:19 [http-nio-8080-exec-8] DEBUG c.p.e.service.impl.CustomUserDetails - ======================================
2026-08-10 09:37:19 [http-nio-8080-exec-8] DEBUG c.p.e.service.impl.CustomUserDetails - getUsername()
2026-08-10 09:37:19 [http-nio-8080-exec-8] DEBUG c.p.e.service.impl.CustomUserDetails - ======================================
2026-08-10 09:37:19 [http-nio-8080-exec-9] DEBUG c.p.e.service.impl.CustomUserDetails - ======================================
2026-08-10 09:37:19 [http-nio-8080-exec-9] DEBUG c.p.e.service.impl.CustomUserDetails - getUsername()
2026-08-10 09:37:19 [http-nio-8080-exec-9] DEBUG c.p.e.service.impl.CustomUserDetails - ======================================
2026-08-10 09:37:19 [http-nio-8080-exec-2] DEBUG c.p.e.service.impl.CustomUserDetails - ======================================
2026-08-10 09:37:19 [http-nio-8080-exec-2] DEBUG c.p.e.service.impl.CustomUserDetails - getUsername()
2026-08-10 09:37:19 [http-nio-8080-exec-2] DEBUG c.p.e.service.impl.CustomUserDetails - ======================================
2026-08-10 09:37:19 [http-nio-8080-exec-7] DEBUG c.p.e.service.impl.CustomUserDetails - ======================================
2026-08-10 09:37:19 [http-nio-8080-exec-7] DEBUG c.p.e.service.impl.CustomUserDetails - getUsername()
2026-08-10 09:37:19 [http-nio-8080-exec-7] DEBUG c.p.e.service.impl.CustomUserDetails - ======================================
2026-08-10 09:37:19 [http-nio-8080-exec-4] DEBUG c.p.e.service.impl.CustomUserDetails - ======================================
2026-08-10 09:37:19 [http-nio-8080-exec-4] DEBUG c.p.e.service.impl.CustomUserDetails - getUsername()
2026-08-10 09:37:19 [http-nio-8080-exec-4] DEBUG c.p.e.service.impl.CustomUserDetails - ======================================
2026-08-10 09:37:19 [http-nio-8080-exec-10] DEBUG c.p.e.service.impl.CustomUserDetails - ======================================
2026-08-10 09:37:19 [http-nio-8080-exec-10] DEBUG c.p.e.service.impl.CustomUserDetails - getUsername()
2026-08-10 09:37:19 [http-nio-8080-exec-10] DEBUG c.p.e.service.impl.CustomUserDetails - ======================================
2026-08-10 09:37:19 [http-nio-8080-exec-7] DEBUG c.p.e.service.impl.CustomUserDetails - ======================================
2026-08-10 09:37:19 [http-nio-8080-exec-7] DEBUG c.p.e.service.impl.CustomUserDetails - getUsername()
2026-08-10 09:37:19 [http-nio-8080-exec-7] DEBUG c.p.e.service.impl.CustomUserDetails - ======================================
2026-08-10 09:37:19 [http-nio-8080-exec-4] DEBUG c.p.e.service.impl.CustomUserDetails - ======================================
2026-08-10 09:37:19 [http-nio-8080-exec-4] DEBUG c.p.e.service.impl.CustomUserDetails - getUsername()
2026-08-10 09:37:19 [http-nio-8080-exec-4] DEBUG c.p.e.service.impl.CustomUserDetails - ======================================
2026-08-10 09:37:19 [http-nio-8080-exec-10] DEBUG c.p.e.service.impl.CustomUserDetails - ======================================
2026-08-10 09:37:19 [http-nio-8080-exec-10] DEBUG c.p.e.service.impl.CustomUserDetails - getUsername()
2026-08-10 09:37:19 [http-nio-8080-exec-10] DEBUG c.p.e.service.impl.CustomUserDetails - ======================================
2026-08-10 09:37:20 [http-nio-8080-exec-1] DEBUG c.pcwk.ehr.controller.UserController - ---------------------------
2026-08-10 09:37:20 [http-nio-8080-exec-1] DEBUG c.pcwk.ehr.controller.UserController - doSelectOne()*
2026-08-10 09:37:20 [http-nio-8080-exec-1] DEBUG c.pcwk.ehr.controller.UserController - ---------------------------
2026-08-10 09:37:20 [http-nio-8080-exec-1] DEBUG c.pcwk.ehr.controller.UserController - 1.userId: pcwk1
2026-08-10 09:37:20 [http-nio-8080-exec-1] DEBUG c.pcwk.ehr.controller.UserController - 1.1 param: UserVO [userId=pcwk1, name=null, password=null, login=0, recommend=0, email=null, grade=null, regDt=null, toString()=DTO [pageNo=0, pageSize=0, no=0, totalCnt=0, searchDiv=null, searchWord=null, searchMap={}, startNo=0, endNo=0, pre=false, next=false]]
2026-08-10 09:37:20 [http-nio-8080-exec-1] DEBUG c.p.ehr.service.impl.UserServiceImpl - ======================================
2026-08-10 09:37:20 [http-nio-8080-exec-1] DEBUG c.p.ehr.service.impl.UserServiceImpl - doSelectOne()
2026-08-10 09:37:20 [http-nio-8080-exec-1] DEBUG c.p.ehr.service.impl.UserServiceImpl - ======================================
2026-08-10 09:37:20 [http-nio-8080-exec-1] DEBUG org.mybatis.spring.SqlSessionUtils - Creating a new SqlSession
2026-08-10 09:37:20 [http-nio-8080-exec-1] DEBUG org.mybatis.spring.SqlSessionUtils - SqlSession [org.apache.ibatis.session.defaults.DefaultSqlSession@4beab5a7] was not registered for synchronization because synchronization is not active
2026-08-10 09:37:20 [http-nio-8080-exec-1] DEBUG o.m.s.t.SpringManagedTransaction - JDBC Connection [HikariProxyConnection@993213781 wrapping oracle.jdbc.driver.T4CConnection@36f44759] will not be managed by Spring
2026-08-10 09:37:20 [http-nio-8080-exec-1] DEBUG c.p.e.mapper.UserMapper.doSelectOne - ==>  Preparing: SELECT user_id, name, password, login, recommend, email, DECODE(grade,1,'BASIC' ,2,'SILVER' ,3,'GOLD' ) grade, TO_CHAR(reg_dt,'YYYY/MM/DD HH24:MI:SS') reg_dt FROM member WHERE user_id = ?
2026-08-10 09:37:20 [http-nio-8080-exec-1] DEBUG c.p.e.mapper.UserMapper.doSelectOne - ==> Parameters: pcwk1(String)
2026-08-10 09:37:20 [http-nio-8080-exec-1] DEBUG c.p.e.mapper.UserMapper.doSelectOne - <==      Total: 1
2026-08-10 09:37:20 [http-nio-8080-exec-1] DEBUG org.mybatis.spring.SqlSessionUtils - Closing non transactional SqlSession [org.apache.ibatis.session.defaults.DefaultSqlSession@4beab5a7]
2026-08-10 09:37:20 [http-nio-8080-exec-1] DEBUG c.pcwk.ehr.controller.UserController - 2. outVO: UserVO [userId=pcwk1, name=이상무01, password=$2a$12$HBp2ySacblGeTBWYnXCyeu49zWneNkNwg1Nx4YiN0Mea5PoGt1wSi, login=1, recommend=1, email=jamesol1@naver.com, grade=SILVER, regDt=2026/08/10 08:53:41, toString()=DTO [pageNo=0, pageSize=0, no=0, totalCnt=0, searchDiv=null, searchWord=null, searchMap={}, startNo=0, endNo=0, pre=false, next=false]]
2026-08-10 09:37:20 [http-nio-8080-exec-1] DEBUG c.p.e.service.impl.CustomUserDetails - ======================================
2026-08-10 09:37:20 [http-nio-8080-exec-1] DEBUG c.p.e.service.impl.CustomUserDetails - getUsername()
2026-08-10 09:37:20 [http-nio-8080-exec-1] DEBUG c.p.e.service.impl.CustomUserDetails - ======================================
2026-08-10 09:37:20 [http-nio-8080-exec-1] DEBUG c.p.e.service.impl.CustomUserDetails - ======================================
2026-08-10 09:37:20 [http-nio-8080-exec-1] DEBUG c.p.e.service.impl.CustomUserDetails - getUsername()
2026-08-10 09:37:20 [http-nio-8080-exec-1] DEBUG c.p.e.service.impl.CustomUserDetails - ======================================
2026-08-10 09:37:20 [http-nio-8080-exec-5] DEBUG c.p.e.service.impl.CustomUserDetails - ======================================
2026-08-10 09:37:20 [http-nio-8080-exec-5] DEBUG c.p.e.service.impl.CustomUserDetails - getUsername()
2026-08-10 09:37:20 [http-nio-8080-exec-5] DEBUG c.p.e.service.impl.CustomUserDetails - ======================================
2026-08-10 09:37:20 [http-nio-8080-exec-3] DEBUG c.p.e.service.impl.CustomUserDetails - ======================================
2026-08-10 09:37:20 [http-nio-8080-exec-3] DEBUG c.p.e.service.impl.CustomUserDetails - getUsername()
2026-08-10 09:37:20 [http-nio-8080-exec-3] DEBUG c.p.e.service.impl.CustomUserDetails - ======================================
2026-08-10 09:37:20 [http-nio-8080-exec-6] DEBUG c.p.e.service.impl.CustomUserDetails - ======================================
2026-08-10 09:37:20 [http-nio-8080-exec-6] DEBUG c.p.e.service.impl.CustomUserDetails - getUsername()
2026-08-10 09:37:20 [http-nio-8080-exec-6] DEBUG c.p.e.service.impl.CustomUserDetails - ======================================
2026-08-10 09:37:20 [http-nio-8080-exec-8] DEBUG c.p.e.service.impl.CustomUserDetails - ======================================
2026-08-10 09:37:20 [http-nio-8080-exec-8] DEBUG c.p.e.service.impl.CustomUserDetails - getUsername()
2026-08-10 09:37:20 [http-nio-8080-exec-8] DEBUG c.p.e.service.impl.CustomUserDetails - ======================================
2026-08-10 09:37:20 [http-nio-8080-exec-9] DEBUG c.p.e.service.impl.CustomUserDetails - ======================================
2026-08-10 09:37:20 [http-nio-8080-exec-9] DEBUG c.p.e.service.impl.CustomUserDetails - getUsername()
2026-08-10 09:37:20 [http-nio-8080-exec-9] DEBUG c.p.e.service.impl.CustomUserDetails - ======================================
2026-08-10 09:37:20 [http-nio-8080-exec-2] DEBUG c.p.e.service.impl.CustomUserDetails - ======================================
2026-08-10 09:37:20 [http-nio-8080-exec-2] DEBUG c.p.e.service.impl.CustomUserDetails - getUsername()
2026-08-10 09:37:20 [http-nio-8080-exec-2] DEBUG c.p.e.service.impl.CustomUserDetails - ======================================
2026-08-10 09:37:20 [http-nio-8080-exec-2] DEBUG c.p.e.service.impl.CustomUserDetails - ======================================
2026-08-10 09:37:20 [http-nio-8080-exec-2] DEBUG c.p.e.service.impl.CustomUserDetails - getUsername()
2026-08-10 09:37:20 [http-nio-8080-exec-2] DEBUG c.p.e.service.impl.CustomUserDetails - ======================================
2026-08-10 09:37:20 [http-nio-8080-exec-4] DEBUG c.p.e.service.impl.CustomUserDetails - ======================================
2026-08-10 09:37:20 [http-nio-8080-exec-4] DEBUG c.p.e.service.impl.CustomUserDetails - getUsername()
2026-08-10 09:37:20 [http-nio-8080-exec-4] DEBUG c.p.e.service.impl.CustomUserDetails - ======================================
2026-08-10 09:37:20 [http-nio-8080-exec-10] DEBUG c.p.e.service.impl.CustomUserDetails - ======================================
2026-08-10 09:37:20 [http-nio-8080-exec-10] DEBUG c.p.e.service.impl.CustomUserDetails - getUsername()
2026-08-10 09:37:20 [http-nio-8080-exec-10] DEBUG c.p.e.service.impl.CustomUserDetails - ======================================
2026-08-10 09:37:20 [http-nio-8080-exec-4] DEBUG c.p.e.service.impl.CustomUserDetails - ======================================
2026-08-10 09:37:20 [http-nio-8080-exec-4] DEBUG c.p.e.service.impl.CustomUserDetails - getUsername()
2026-08-10 09:37:20 [http-nio-8080-exec-4] DEBUG c.p.e.service.impl.CustomUserDetails - ======================================
2026-08-10 09:37:20 [http-nio-8080-exec-10] DEBUG c.p.e.service.impl.CustomUserDetails - ======================================
2026-08-10 09:37:20 [http-nio-8080-exec-10] DEBUG c.p.e.service.impl.CustomUserDetails - getUsername()
2026-08-10 09:37:20 [http-nio-8080-exec-10] DEBUG c.p.e.service.impl.CustomUserDetails - ======================================
2026-08-10 09:37:21 [http-nio-8080-exec-7] DEBUG c.pcwk.ehr.controller.UserController - ---------------------------
2026-08-10 09:37:21 [http-nio-8080-exec-7] DEBUG c.pcwk.ehr.controller.UserController - doSelectOne()*
2026-08-10 09:37:21 [http-nio-8080-exec-7] DEBUG c.pcwk.ehr.controller.UserController - ---------------------------
2026-08-10 09:37:21 [http-nio-8080-exec-7] DEBUG c.pcwk.ehr.controller.UserController - 1.userId: pcwk1
2026-08-10 09:37:21 [http-nio-8080-exec-7] DEBUG c.pcwk.ehr.controller.UserController - 1.1 param: UserVO [userId=pcwk1, name=null, password=null, login=0, recommend=0, email=null, grade=null, regDt=null, toString()=DTO [pageNo=0, pageSize=0, no=0, totalCnt=0, searchDiv=null, searchWord=null, searchMap={}, startNo=0, endNo=0, pre=false, next=false]]
2026-08-10 09:37:21 [http-nio-8080-exec-7] DEBUG c.p.ehr.service.impl.UserServiceImpl - ======================================
2026-08-10 09:37:21 [http-nio-8080-exec-7] DEBUG c.p.ehr.service.impl.UserServiceImpl - doSelectOne()
2026-08-10 09:37:21 [http-nio-8080-exec-7] DEBUG c.p.ehr.service.impl.UserServiceImpl - ======================================
2026-08-10 09:37:21 [http-nio-8080-exec-7] DEBUG org.mybatis.spring.SqlSessionUtils - Creating a new SqlSession
2026-08-10 09:37:21 [http-nio-8080-exec-7] DEBUG org.mybatis.spring.SqlSessionUtils - SqlSession [org.apache.ibatis.session.defaults.DefaultSqlSession@991b5c5] was not registered for synchronization because synchronization is not active
2026-08-10 09:37:21 [http-nio-8080-exec-7] DEBUG o.m.s.t.SpringManagedTransaction - JDBC Connection [HikariProxyConnection@475451909 wrapping oracle.jdbc.driver.T4CConnection@36f44759] will not be managed by Spring
2026-08-10 09:37:21 [http-nio-8080-exec-7] DEBUG c.p.e.mapper.UserMapper.doSelectOne - ==>  Preparing: SELECT user_id, name, password, login, recommend, email, DECODE(grade,1,'BASIC' ,2,'SILVER' ,3,'GOLD' ) grade, TO_CHAR(reg_dt,'YYYY/MM/DD HH24:MI:SS') reg_dt FROM member WHERE user_id = ?
2026-08-10 09:37:21 [http-nio-8080-exec-7] DEBUG c.p.e.mapper.UserMapper.doSelectOne - ==> Parameters: pcwk1(String)
2026-08-10 09:37:21 [http-nio-8080-exec-7] DEBUG c.p.e.mapper.UserMapper.doSelectOne - <==      Total: 1
2026-08-10 09:37:21 [http-nio-8080-exec-7] DEBUG org.mybatis.spring.SqlSessionUtils - Closing non transactional SqlSession [org.apache.ibatis.session.defaults.DefaultSqlSession@991b5c5]
2026-08-10 09:37:21 [http-nio-8080-exec-7] DEBUG c.pcwk.ehr.controller.UserController - 2. outVO: UserVO [userId=pcwk1, name=이상무01, password=$2a$12$HBp2ySacblGeTBWYnXCyeu49zWneNkNwg1Nx4YiN0Mea5PoGt1wSi, login=1, recommend=1, email=jamesol1@naver.com, grade=SILVER, regDt=2026/08/10 08:53:41, toString()=DTO [pageNo=0, pageSize=0, no=0, totalCnt=0, searchDiv=null, searchWord=null, searchMap={}, startNo=0, endNo=0, pre=false, next=false]]
2026-08-10 09:37:21 [http-nio-8080-exec-7] DEBUG c.p.e.service.impl.CustomUserDetails - ======================================
2026-08-10 09:37:21 [http-nio-8080-exec-7] DEBUG c.p.e.service.impl.CustomUserDetails - getUsername()
2026-08-10 09:37:21 [http-nio-8080-exec-7] DEBUG c.p.e.service.impl.CustomUserDetails - ======================================
2026-08-10 09:37:21 [http-nio-8080-exec-7] DEBUG c.p.e.service.impl.CustomUserDetails - ======================================
2026-08-10 09:37:21 [http-nio-8080-exec-7] DEBUG c.p.e.service.impl.CustomUserDetails - getUsername()
2026-08-10 09:37:21 [http-nio-8080-exec-7] DEBUG c.p.e.service.impl.CustomUserDetails - ======================================
2026-08-10 09:37:21 [http-nio-8080-exec-5] DEBUG c.p.e.service.impl.CustomUserDetails - ======================================
2026-08-10 09:37:21 [http-nio-8080-exec-5] DEBUG c.p.e.service.impl.CustomUserDetails - getUsername()
2026-08-10 09:37:21 [http-nio-8080-exec-5] DEBUG c.p.e.service.impl.CustomUserDetails - ======================================
2026-08-10 09:37:21 [http-nio-8080-exec-6] DEBUG c.p.e.service.impl.CustomUserDetails - ======================================
2026-08-10 09:37:21 [http-nio-8080-exec-6] DEBUG c.p.e.service.impl.CustomUserDetails - getUsername()
2026-08-10 09:37:21 [http-nio-8080-exec-6] DEBUG c.p.e.service.impl.CustomUserDetails - ======================================
2026-08-10 09:37:21 [http-nio-8080-exec-3] DEBUG c.p.e.service.impl.CustomUserDetails - ======================================
2026-08-10 09:37:21 [http-nio-8080-exec-3] DEBUG c.p.e.service.impl.CustomUserDetails - getUsername()
2026-08-10 09:37:21 [http-nio-8080-exec-3] DEBUG c.p.e.service.impl.CustomUserDetails - ======================================
2026-08-10 09:37:21 [http-nio-8080-exec-1] DEBUG c.p.e.service.impl.CustomUserDetails - ======================================
2026-08-10 09:37:21 [http-nio-8080-exec-1] DEBUG c.p.e.service.impl.CustomUserDetails - getUsername()
2026-08-10 09:37:21 [http-nio-8080-exec-1] DEBUG c.p.e.service.impl.CustomUserDetails - ======================================
2026-08-10 09:37:21 [http-nio-8080-exec-8] DEBUG c.p.e.service.impl.CustomUserDetails - ======================================
2026-08-10 09:37:21 [http-nio-8080-exec-8] DEBUG c.p.e.service.impl.CustomUserDetails - getUsername()
2026-08-10 09:37:21 [http-nio-8080-exec-8] DEBUG c.p.e.service.impl.CustomUserDetails - ======================================
2026-08-10 09:37:21 [http-nio-8080-exec-9] DEBUG c.p.e.service.impl.CustomUserDetails - ======================================
2026-08-10 09:37:21 [http-nio-8080-exec-9] DEBUG c.p.e.service.impl.CustomUserDetails - getUsername()
2026-08-10 09:37:21 [http-nio-8080-exec-9] DEBUG c.p.e.service.impl.CustomUserDetails - ======================================
2026-08-10 09:37:21 [http-nio-8080-exec-9] DEBUG c.p.e.service.impl.CustomUserDetails - ======================================
2026-08-10 09:37:21 [http-nio-8080-exec-9] DEBUG c.p.e.service.impl.CustomUserDetails - getUsername()
2026-08-10 09:37:21 [http-nio-8080-exec-9] DEBUG c.p.e.service.impl.CustomUserDetails - ======================================
2026-08-10 09:37:21 [http-nio-8080-exec-2] DEBUG c.p.e.service.impl.CustomUserDetails - ======================================
2026-08-10 09:37:21 [http-nio-8080-exec-2] DEBUG c.p.e.service.impl.CustomUserDetails - getUsername()
2026-08-10 09:37:21 [http-nio-8080-exec-2] DEBUG c.p.e.service.impl.CustomUserDetails - ======================================
2026-08-10 09:37:21 [http-nio-8080-exec-4] DEBUG c.p.e.service.impl.CustomUserDetails - ======================================
2026-08-10 09:37:21 [http-nio-8080-exec-4] DEBUG c.p.e.service.impl.CustomUserDetails - getUsername()
2026-08-10 09:37:21 [http-nio-8080-exec-4] DEBUG c.p.e.service.impl.CustomUserDetails - ======================================
2026-08-10 09:37:21 [http-nio-8080-exec-2] DEBUG c.p.e.service.impl.CustomUserDetails - ======================================
2026-08-10 09:37:21 [http-nio-8080-exec-2] DEBUG c.p.e.service.impl.CustomUserDetails - getUsername()
2026-08-10 09:37:21 [http-nio-8080-exec-2] DEBUG c.p.e.service.impl.CustomUserDetails - ======================================
2026-08-10 09:37:21 [http-nio-8080-exec-4] DEBUG c.p.e.service.impl.CustomUserDetails - ======================================
2026-08-10 09:37:21 [http-nio-8080-exec-4] DEBUG c.p.e.service.impl.CustomUserDetails - getUsername()
2026-08-10 09:37:21 [http-nio-8080-exec-4] DEBUG c.p.e.service.impl.CustomUserDetails - ======================================
2026-08-10 09:38:14 [http-nio-8080-exec-5] DEBUG c.pcwk.ehr.controller.UserController - ---------------------------
2026-08-10 09:38:14 [http-nio-8080-exec-5] DEBUG c.pcwk.ehr.controller.UserController - doSelectOne()*
2026-08-10 09:38:14 [http-nio-8080-exec-5] DEBUG c.pcwk.ehr.controller.UserController - ---------------------------
2026-08-10 09:38:14 [http-nio-8080-exec-5] DEBUG c.pcwk.ehr.controller.UserController - 1.userId: pcwk1
2026-08-10 09:38:14 [http-nio-8080-exec-5] DEBUG c.pcwk.ehr.controller.UserController - 1.1 param: UserVO [userId=pcwk1, name=null, password=null, login=0, recommend=0, email=null, grade=null, regDt=null, toString()=DTO [pageNo=0, pageSize=0, no=0, totalCnt=0, searchDiv=null, searchWord=null, searchMap={}, startNo=0, endNo=0, pre=false, next=false]]
2026-08-10 09:38:14 [http-nio-8080-exec-5] DEBUG c.p.ehr.service.impl.UserServiceImpl - ======================================
2026-08-10 09:38:14 [http-nio-8080-exec-5] DEBUG c.p.ehr.service.impl.UserServiceImpl - doSelectOne()
2026-08-10 09:38:14 [http-nio-8080-exec-5] DEBUG c.p.ehr.service.impl.UserServiceImpl - ======================================
2026-08-10 09:38:14 [http-nio-8080-exec-5] DEBUG org.mybatis.spring.SqlSessionUtils - Creating a new SqlSession
2026-08-10 09:38:14 [http-nio-8080-exec-5] DEBUG org.mybatis.spring.SqlSessionUtils - SqlSession [org.apache.ibatis.session.defaults.DefaultSqlSession@cda48e7] was not registered for synchronization because synchronization is not active
2026-08-10 09:38:14 [http-nio-8080-exec-5] DEBUG o.m.s.t.SpringManagedTransaction - JDBC Connection [HikariProxyConnection@642666314 wrapping oracle.jdbc.driver.T4CConnection@36f44759] will not be managed by Spring
2026-08-10 09:38:14 [http-nio-8080-exec-5] DEBUG c.p.e.mapper.UserMapper.doSelectOne - ==>  Preparing: SELECT user_id, name, password, login, recommend, email, DECODE(grade,1,'BASIC' ,2,'SILVER' ,3,'GOLD' ) grade, TO_CHAR(reg_dt,'YYYY/MM/DD HH24:MI:SS') reg_dt FROM member WHERE user_id = ?
2026-08-10 09:38:14 [http-nio-8080-exec-5] DEBUG c.p.e.mapper.UserMapper.doSelectOne - ==> Parameters: pcwk1(String)
2026-08-10 09:38:14 [http-nio-8080-exec-5] DEBUG c.p.e.mapper.UserMapper.doSelectOne - <==      Total: 1
2026-08-10 09:38:14 [http-nio-8080-exec-5] DEBUG org.mybatis.spring.SqlSessionUtils - Closing non transactional SqlSession [org.apache.ibatis.session.defaults.DefaultSqlSession@cda48e7]
2026-08-10 09:38:14 [http-nio-8080-exec-5] DEBUG c.pcwk.ehr.controller.UserController - 2. outVO: UserVO [userId=pcwk1, name=이상무01, password=$2a$12$HBp2ySacblGeTBWYnXCyeu49zWneNkNwg1Nx4YiN0Mea5PoGt1wSi, login=1, recommend=1, email=jamesol1@naver.com, grade=SILVER, regDt=2026/08/10 08:53:41, toString()=DTO [pageNo=0, pageSize=0, no=0, totalCnt=0, searchDiv=null, searchWord=null, searchMap={}, startNo=0, endNo=0, pre=false, next=false]]
2026-08-10 09:38:14 [http-nio-8080-exec-5] DEBUG c.p.e.service.impl.CustomUserDetails - ======================================
2026-08-10 09:38:14 [http-nio-8080-exec-5] DEBUG c.p.e.service.impl.CustomUserDetails - getUsername()
2026-08-10 09:38:14 [http-nio-8080-exec-5] DEBUG c.p.e.service.impl.CustomUserDetails - ======================================
2026-08-10 09:38:14 [http-nio-8080-exec-5] DEBUG c.p.e.service.impl.CustomUserDetails - ======================================
2026-08-10 09:38:14 [http-nio-8080-exec-5] DEBUG c.p.e.service.impl.CustomUserDetails - getUsername()
2026-08-10 09:38:14 [http-nio-8080-exec-5] DEBUG c.p.e.service.impl.CustomUserDetails - ======================================
2026-08-10 09:38:14 [http-nio-8080-exec-3] DEBUG c.p.e.service.impl.CustomUserDetails - ======================================
2026-08-10 09:38:14 [http-nio-8080-exec-3] DEBUG c.p.e.service.impl.CustomUserDetails - getUsername()
2026-08-10 09:38:14 [http-nio-8080-exec-3] DEBUG c.p.e.service.impl.CustomUserDetails - ======================================
2026-08-10 09:38:14 [http-nio-8080-exec-6] DEBUG c.p.e.service.impl.CustomUserDetails - ======================================
2026-08-10 09:38:15 [http-nio-8080-exec-8] DEBUG c.p.e.service.impl.CustomUserDetails - ======================================
2026-08-10 09:38:15 [http-nio-8080-exec-8] DEBUG c.p.e.service.impl.CustomUserDetails - getUsername()
2026-08-10 09:38:15 [http-nio-8080-exec-6] DEBUG c.p.e.service.impl.CustomUserDetails - getUsername()
2026-08-10 09:38:15 [http-nio-8080-exec-6] DEBUG c.p.e.service.impl.CustomUserDetails - ======================================
2026-08-10 09:38:15 [http-nio-8080-exec-8] DEBUG c.p.e.service.impl.CustomUserDetails - ======================================
2026-08-10 09:38:15 [http-nio-8080-exec-1] DEBUG c.p.e.service.impl.CustomUserDetails - ======================================
2026-08-10 09:38:15 [http-nio-8080-exec-1] DEBUG c.p.e.service.impl.CustomUserDetails - getUsername()
2026-08-10 09:38:15 [http-nio-8080-exec-1] DEBUG c.p.e.service.impl.CustomUserDetails - ======================================
2026-08-10 09:38:15 [http-nio-8080-exec-9] DEBUG c.p.e.service.impl.CustomUserDetails - ======================================
2026-08-10 09:38:15 [http-nio-8080-exec-9] DEBUG c.p.e.service.impl.CustomUserDetails - getUsername()
2026-08-10 09:38:15 [http-nio-8080-exec-9] DEBUG c.p.e.service.impl.CustomUserDetails - ======================================
2026-08-10 09:38:15 [http-nio-8080-exec-2] DEBUG c.p.e.service.impl.CustomUserDetails - ======================================
2026-08-10 09:38:15 [http-nio-8080-exec-2] DEBUG c.p.e.service.impl.CustomUserDetails - getUsername()
2026-08-10 09:38:15 [http-nio-8080-exec-2] DEBUG c.p.e.service.impl.CustomUserDetails - ======================================
2026-08-10 09:38:15 [http-nio-8080-exec-2] DEBUG c.p.e.service.impl.CustomUserDetails - ======================================
2026-08-10 09:38:15 [http-nio-8080-exec-2] DEBUG c.p.e.service.impl.CustomUserDetails - getUsername()
2026-08-10 09:38:15 [http-nio-8080-exec-2] DEBUG c.p.e.service.impl.CustomUserDetails - ======================================
2026-08-10 09:38:15 [http-nio-8080-exec-4] DEBUG c.p.e.service.impl.CustomUserDetails - ======================================
2026-08-10 09:38:15 [http-nio-8080-exec-4] DEBUG c.p.e.service.impl.CustomUserDetails - getUsername()
2026-08-10 09:38:15 [http-nio-8080-exec-4] DEBUG c.p.e.service.impl.CustomUserDetails - ======================================
2026-08-10 09:38:15 [http-nio-8080-exec-10] DEBUG c.p.e.service.impl.CustomUserDetails - ======================================
2026-08-10 09:38:15 [http-nio-8080-exec-10] DEBUG c.p.e.service.impl.CustomUserDetails - getUsername()
2026-08-10 09:38:15 [http-nio-8080-exec-10] DEBUG c.p.e.service.impl.CustomUserDetails - ======================================
2026-08-10 09:38:15 [http-nio-8080-exec-4] DEBUG c.p.e.service.impl.CustomUserDetails - ======================================
2026-08-10 09:38:15 [http-nio-8080-exec-4] DEBUG c.p.e.service.impl.CustomUserDetails - getUsername()
2026-08-10 09:38:15 [http-nio-8080-exec-4] DEBUG c.p.e.service.impl.CustomUserDetails - ======================================
2026-08-10 09:38:15 [http-nio-8080-exec-10] DEBUG c.p.e.service.impl.CustomUserDetails - ======================================
2026-08-10 09:38:15 [http-nio-8080-exec-10] DEBUG c.p.e.service.impl.CustomUserDetails - getUsername()
2026-08-10 09:38:15 [http-nio-8080-exec-10] DEBUG c.p.e.service.impl.CustomUserDetails - ======================================
2026-08-10 09:38:33 [http-nio-8080-exec-7] DEBUG c.pcwk.ehr.controller.UserController - ---------------------------
2026-08-10 09:38:33 [http-nio-8080-exec-7] DEBUG c.pcwk.ehr.controller.UserController - doSelectOne()*
2026-08-10 09:38:33 [http-nio-8080-exec-7] DEBUG c.pcwk.ehr.controller.UserController - ---------------------------
2026-08-10 09:38:33 [http-nio-8080-exec-7] DEBUG c.pcwk.ehr.controller.UserController - 1.userId: pcwk1
2026-08-10 09:38:33 [http-nio-8080-exec-7] DEBUG c.pcwk.ehr.controller.UserController - 1.1 param: UserVO [userId=pcwk1, name=null, password=null, login=0, recommend=0, email=null, grade=null, regDt=null, toString()=DTO [pageNo=0, pageSize=0, no=0, totalCnt=0, searchDiv=null, searchWord=null, searchMap={}, startNo=0, endNo=0, pre=false, next=false]]
2026-08-10 09:38:33 [http-nio-8080-exec-7] DEBUG c.p.ehr.service.impl.UserServiceImpl - ======================================
2026-08-10 09:38:33 [http-nio-8080-exec-7] DEBUG c.p.ehr.service.impl.UserServiceImpl - doSelectOne()
2026-08-10 09:38:33 [http-nio-8080-exec-7] DEBUG c.p.ehr.service.impl.UserServiceImpl - ======================================
2026-08-10 09:38:33 [http-nio-8080-exec-7] DEBUG org.mybatis.spring.SqlSessionUtils - Creating a new SqlSession
2026-08-10 09:38:33 [http-nio-8080-exec-7] DEBUG org.mybatis.spring.SqlSessionUtils - SqlSession [org.apache.ibatis.session.defaults.DefaultSqlSession@4dee993f] was not registered for synchronization because synchronization is not active
2026-08-10 09:38:33 [http-nio-8080-exec-7] DEBUG o.m.s.t.SpringManagedTransaction - JDBC Connection [HikariProxyConnection@1112093159 wrapping oracle.jdbc.driver.T4CConnection@36f44759] will not be managed by Spring
2026-08-10 09:38:33 [http-nio-8080-exec-7] DEBUG c.p.e.mapper.UserMapper.doSelectOne - ==>  Preparing: SELECT user_id, name, password, login, recommend, email, DECODE(grade,1,'BASIC' ,2,'SILVER' ,3,'GOLD' ) grade, TO_CHAR(reg_dt,'YYYY/MM/DD HH24:MI:SS') reg_dt FROM member WHERE user_id = ?
2026-08-10 09:38:33 [http-nio-8080-exec-7] DEBUG c.p.e.mapper.UserMapper.doSelectOne - ==> Parameters: pcwk1(String)
2026-08-10 09:38:33 [http-nio-8080-exec-7] DEBUG c.p.e.mapper.UserMapper.doSelectOne - <==      Total: 1
2026-08-10 09:38:33 [http-nio-8080-exec-7] DEBUG org.mybatis.spring.SqlSessionUtils - Closing non transactional SqlSession [org.apache.ibatis.session.defaults.DefaultSqlSession@4dee993f]
2026-08-10 09:38:33 [http-nio-8080-exec-7] DEBUG c.pcwk.ehr.controller.UserController - 2. outVO: UserVO [userId=pcwk1, name=이상무01, password=$2a$12$HBp2ySacblGeTBWYnXCyeu49zWneNkNwg1Nx4YiN0Mea5PoGt1wSi, login=1, recommend=1, email=jamesol1@naver.com, grade=SILVER, regDt=2026/08/10 08:53:41, toString()=DTO [pageNo=0, pageSize=0, no=0, totalCnt=0, searchDiv=null, searchWord=null, searchMap={}, startNo=0, endNo=0, pre=false, next=false]]
2026-08-10 09:38:33 [http-nio-8080-exec-7] DEBUG c.p.e.service.impl.CustomUserDetails - ======================================
2026-08-10 09:38:33 [http-nio-8080-exec-7] DEBUG c.p.e.service.impl.CustomUserDetails - getUsername()
2026-08-10 09:38:33 [http-nio-8080-exec-7] DEBUG c.p.e.service.impl.CustomUserDetails - ======================================
2026-08-10 09:38:33 [http-nio-8080-exec-7] DEBUG c.p.e.service.impl.CustomUserDetails - ======================================
2026-08-10 09:38:33 [http-nio-8080-exec-7] DEBUG c.p.e.service.impl.CustomUserDetails - getUsername()
2026-08-10 09:38:33 [http-nio-8080-exec-7] DEBUG c.p.e.service.impl.CustomUserDetails - ======================================
2026-08-10 09:38:33 [http-nio-8080-exec-5] DEBUG c.p.e.service.impl.CustomUserDetails - ======================================
2026-08-10 09:38:33 [http-nio-8080-exec-5] DEBUG c.p.e.service.impl.CustomUserDetails - getUsername()
2026-08-10 09:38:33 [http-nio-8080-exec-5] DEBUG c.p.e.service.impl.CustomUserDetails - ======================================
2026-08-10 09:38:33 [http-nio-8080-exec-3] DEBUG c.p.e.service.impl.CustomUserDetails - ======================================
2026-08-10 09:38:33 [http-nio-8080-exec-3] DEBUG c.p.e.service.impl.CustomUserDetails - getUsername()
2026-08-10 09:38:33 [http-nio-8080-exec-3] DEBUG c.p.e.service.impl.CustomUserDetails - ======================================
2026-08-10 09:38:33 [http-nio-8080-exec-6] DEBUG c.p.e.service.impl.CustomUserDetails - ======================================
2026-08-10 09:38:33 [http-nio-8080-exec-6] DEBUG c.p.e.service.impl.CustomUserDetails - getUsername()
2026-08-10 09:38:33 [http-nio-8080-exec-6] DEBUG c.p.e.service.impl.CustomUserDetails - ======================================
2026-08-10 09:38:33 [http-nio-8080-exec-8] DEBUG c.p.e.service.impl.CustomUserDetails - ======================================
2026-08-10 09:38:33 [http-nio-8080-exec-8] DEBUG c.p.e.service.impl.CustomUserDetails - getUsername()
2026-08-10 09:38:33 [http-nio-8080-exec-8] DEBUG c.p.e.service.impl.CustomUserDetails - ======================================
2026-08-10 09:38:33 [http-nio-8080-exec-1] DEBUG c.p.e.service.impl.CustomUserDetails - ======================================
2026-08-10 09:38:33 [http-nio-8080-exec-1] DEBUG c.p.e.service.impl.CustomUserDetails - getUsername()
2026-08-10 09:38:33 [http-nio-8080-exec-1] DEBUG c.p.e.service.impl.CustomUserDetails - ======================================
2026-08-10 09:38:33 [http-nio-8080-exec-9] DEBUG c.p.e.service.impl.CustomUserDetails - ======================================
2026-08-10 09:38:33 [http-nio-8080-exec-9] DEBUG c.p.e.service.impl.CustomUserDetails - getUsername()
2026-08-10 09:38:33 [http-nio-8080-exec-9] DEBUG c.p.e.service.impl.CustomUserDetails - ======================================
2026-08-10 09:38:33 [http-nio-8080-exec-9] DEBUG c.p.e.service.impl.CustomUserDetails - ======================================
2026-08-10 09:38:33 [http-nio-8080-exec-9] DEBUG c.p.e.service.impl.CustomUserDetails - getUsername()
2026-08-10 09:38:33 [http-nio-8080-exec-9] DEBUG c.p.e.service.impl.CustomUserDetails - ======================================
2026-08-10 09:38:33 [http-nio-8080-exec-2] DEBUG c.p.e.service.impl.CustomUserDetails - ======================================
2026-08-10 09:38:33 [http-nio-8080-exec-2] DEBUG c.p.e.service.impl.CustomUserDetails - getUsername()
2026-08-10 09:38:33 [http-nio-8080-exec-2] DEBUG c.p.e.service.impl.CustomUserDetails - ======================================
2026-08-10 09:38:33 [http-nio-8080-exec-2] DEBUG c.p.e.service.impl.CustomUserDetails - ======================================
2026-08-10 09:38:33 [http-nio-8080-exec-2] DEBUG c.p.e.service.impl.CustomUserDetails - getUsername()
2026-08-10 09:38:33 [http-nio-8080-exec-2] DEBUG c.p.e.service.impl.CustomUserDetails - ======================================
2026-08-10 09:38:33 [http-nio-8080-exec-10] DEBUG c.p.e.service.impl.CustomUserDetails - ======================================
2026-08-10 09:38:33 [http-nio-8080-exec-10] DEBUG c.p.e.service.impl.CustomUserDetails - getUsername()
2026-08-10 09:38:33 [http-nio-8080-exec-10] DEBUG c.p.e.service.impl.CustomUserDetails - ======================================
2026-08-10 09:38:33 [http-nio-8080-exec-10] DEBUG c.p.e.service.impl.CustomUserDetails - ======================================
2026-08-10 09:38:33 [http-nio-8080-exec-10] DEBUG c.p.e.service.impl.CustomUserDetails - getUsername()
2026-08-10 09:38:33 [http-nio-8080-exec-10] DEBUG c.p.e.service.impl.CustomUserDetails - ======================================
2026-08-10 09:38:58 [http-nio-8080-exec-4] DEBUG c.pcwk.ehr.controller.UserController - ---------------------------
2026-08-10 09:38:58 [http-nio-8080-exec-4] DEBUG c.pcwk.ehr.controller.UserController - doSelectOne()*
2026-08-10 09:38:58 [http-nio-8080-exec-4] DEBUG c.pcwk.ehr.controller.UserController - ---------------------------
2026-08-10 09:38:58 [http-nio-8080-exec-4] DEBUG c.pcwk.ehr.controller.UserController - 1.userId: pcwk1
2026-08-10 09:38:58 [http-nio-8080-exec-4] DEBUG c.pcwk.ehr.controller.UserController - 1.1 param: UserVO [userId=pcwk1, name=null, password=null, login=0, recommend=0, email=null, grade=null, regDt=null, toString()=DTO [pageNo=0, pageSize=0, no=0, totalCnt=0, searchDiv=null, searchWord=null, searchMap={}, startNo=0, endNo=0, pre=false, next=false]]
2026-08-10 09:38:58 [http-nio-8080-exec-4] DEBUG c.p.ehr.service.impl.UserServiceImpl - ======================================
2026-08-10 09:38:58 [http-nio-8080-exec-4] DEBUG c.p.ehr.service.impl.UserServiceImpl - doSelectOne()
2026-08-10 09:38:58 [http-nio-8080-exec-4] DEBUG c.p.ehr.service.impl.UserServiceImpl - ======================================
2026-08-10 09:38:58 [http-nio-8080-exec-4] DEBUG org.mybatis.spring.SqlSessionUtils - Creating a new SqlSession
2026-08-10 09:38:58 [http-nio-8080-exec-4] DEBUG org.mybatis.spring.SqlSessionUtils - SqlSession [org.apache.ibatis.session.defaults.DefaultSqlSession@2d90fe5a] was not registered for synchronization because synchronization is not active
2026-08-10 09:38:58 [http-nio-8080-exec-4] DEBUG o.m.s.t.SpringManagedTransaction - JDBC Connection [HikariProxyConnection@297592169 wrapping oracle.jdbc.driver.T4CConnection@36f44759] will not be managed by Spring
2026-08-10 09:38:58 [http-nio-8080-exec-4] DEBUG c.p.e.mapper.UserMapper.doSelectOne - ==>  Preparing: SELECT user_id, name, password, login, recommend, email, DECODE(grade,1,'BASIC' ,2,'SILVER' ,3,'GOLD' ) grade, TO_CHAR(reg_dt,'YYYY/MM/DD HH24:MI:SS') reg_dt FROM member WHERE user_id = ?
2026-08-10 09:38:58 [http-nio-8080-exec-4] DEBUG c.p.e.mapper.UserMapper.doSelectOne - ==> Parameters: pcwk1(String)
2026-08-10 09:38:58 [http-nio-8080-exec-4] DEBUG c.p.e.mapper.UserMapper.doSelectOne - <==      Total: 1
2026-08-10 09:38:58 [http-nio-8080-exec-4] DEBUG org.mybatis.spring.SqlSessionUtils - Closing non transactional SqlSession [org.apache.ibatis.session.defaults.DefaultSqlSession@2d90fe5a]
2026-08-10 09:38:58 [http-nio-8080-exec-4] DEBUG c.pcwk.ehr.controller.UserController - 2. outVO: UserVO [userId=pcwk1, name=이상무01, password=$2a$12$HBp2ySacblGeTBWYnXCyeu49zWneNkNwg1Nx4YiN0Mea5PoGt1wSi, login=1, recommend=1, email=jamesol1@naver.com, grade=SILVER, regDt=2026/08/10 08:53:41, toString()=DTO [pageNo=0, pageSize=0, no=0, totalCnt=0, searchDiv=null, searchWord=null, searchMap={}, startNo=0, endNo=0, pre=false, next=false]]
2026-08-10 09:38:58 [http-nio-8080-exec-4] DEBUG c.p.e.service.impl.CustomUserDetails - ======================================
2026-08-10 09:38:58 [http-nio-8080-exec-4] DEBUG c.p.e.service.impl.CustomUserDetails - getUsername()
2026-08-10 09:38:58 [http-nio-8080-exec-4] DEBUG c.p.e.service.impl.CustomUserDetails - ======================================
2026-08-10 09:38:58 [http-nio-8080-exec-4] DEBUG c.p.e.service.impl.CustomUserDetails - ======================================
2026-08-10 09:38:58 [http-nio-8080-exec-4] DEBUG c.p.e.service.impl.CustomUserDetails - getUsername()
2026-08-10 09:38:58 [http-nio-8080-exec-4] DEBUG c.p.e.service.impl.CustomUserDetails - ======================================
2026-08-10 09:38:58 [http-nio-8080-exec-5] DEBUG c.p.e.service.impl.CustomUserDetails - ======================================
2026-08-10 09:38:58 [http-nio-8080-exec-5] DEBUG c.p.e.service.impl.CustomUserDetails - getUsername()
2026-08-10 09:38:58 [http-nio-8080-exec-5] DEBUG c.p.e.service.impl.CustomUserDetails - ======================================
2026-08-10 09:38:58 [http-nio-8080-exec-6] DEBUG c.p.e.service.impl.CustomUserDetails - ======================================
2026-08-10 09:38:58 [http-nio-8080-exec-6] DEBUG c.p.e.service.impl.CustomUserDetails - getUsername()
2026-08-10 09:38:58 [http-nio-8080-exec-7] DEBUG c.p.e.service.impl.CustomUserDetails - ======================================
2026-08-10 09:38:58 [http-nio-8080-exec-7] DEBUG c.p.e.service.impl.CustomUserDetails - getUsername()
2026-08-10 09:38:58 [http-nio-8080-exec-7] DEBUG c.p.e.service.impl.CustomUserDetails - ======================================
2026-08-10 09:38:58 [http-nio-8080-exec-3] DEBUG c.p.e.service.impl.CustomUserDetails - ======================================
2026-08-10 09:38:58 [http-nio-8080-exec-6] DEBUG c.p.e.service.impl.CustomUserDetails - ======================================
2026-08-10 09:38:58 [http-nio-8080-exec-3] DEBUG c.p.e.service.impl.CustomUserDetails - getUsername()
2026-08-10 09:38:58 [http-nio-8080-exec-3] DEBUG c.p.e.service.impl.CustomUserDetails - ======================================
2026-08-10 09:38:58 [http-nio-8080-exec-8] DEBUG c.p.e.service.impl.CustomUserDetails - ======================================
2026-08-10 09:38:58 [http-nio-8080-exec-8] DEBUG c.p.e.service.impl.CustomUserDetails - getUsername()
2026-08-10 09:38:58 [http-nio-8080-exec-8] DEBUG c.p.e.service.impl.CustomUserDetails - ======================================
2026-08-10 09:38:58 [http-nio-8080-exec-1] DEBUG c.p.e.service.impl.CustomUserDetails - ======================================
2026-08-10 09:38:58 [http-nio-8080-exec-1] DEBUG c.p.e.service.impl.CustomUserDetails - getUsername()
2026-08-10 09:38:58 [http-nio-8080-exec-1] DEBUG c.p.e.service.impl.CustomUserDetails - ======================================
2026-08-10 09:38:58 [http-nio-8080-exec-2] DEBUG c.p.e.service.impl.CustomUserDetails - ======================================
2026-08-10 09:38:58 [http-nio-8080-exec-2] DEBUG c.p.e.service.impl.CustomUserDetails - getUsername()
2026-08-10 09:38:58 [http-nio-8080-exec-2] DEBUG c.p.e.service.impl.CustomUserDetails - ======================================
2026-08-10 09:38:58 [http-nio-8080-exec-9] DEBUG c.p.e.service.impl.CustomUserDetails - ======================================
2026-08-10 09:38:58 [http-nio-8080-exec-9] DEBUG c.p.e.service.impl.CustomUserDetails - getUsername()
2026-08-10 09:38:58 [http-nio-8080-exec-9] DEBUG c.p.e.service.impl.CustomUserDetails - ======================================
2026-08-10 09:38:58 [http-nio-8080-exec-1] DEBUG c.p.e.service.impl.CustomUserDetails - ======================================
2026-08-10 09:38:58 [http-nio-8080-exec-1] DEBUG c.p.e.service.impl.CustomUserDetails - getUsername()
2026-08-10 09:38:58 [http-nio-8080-exec-1] DEBUG c.p.e.service.impl.CustomUserDetails - ======================================
2026-08-10 09:38:58 [http-nio-8080-exec-9] DEBUG c.p.e.service.impl.CustomUserDetails - ======================================
2026-08-10 09:38:58 [http-nio-8080-exec-9] DEBUG c.p.e.service.impl.CustomUserDetails - getUsername()
2026-08-10 09:38:58 [http-nio-8080-exec-9] DEBUG c.p.e.service.impl.CustomUserDetails - ======================================
2026-08-10 09:38:58 [http-nio-8080-exec-2] DEBUG c.p.e.service.impl.CustomUserDetails - ======================================
2026-08-10 09:38:58 [http-nio-8080-exec-2] DEBUG c.p.e.service.impl.CustomUserDetails - getUsername()
2026-08-10 09:38:58 [http-nio-8080-exec-2] DEBUG c.p.e.service.impl.CustomUserDetails - ======================================
2026-08-10 09:40:02 [http-nio-8080-exec-4] DEBUG c.pcwk.ehr.controller.UserController - ---------------------------
2026-08-10 09:40:02 [http-nio-8080-exec-4] DEBUG c.pcwk.ehr.controller.UserController - doSelectOne()*
2026-08-10 09:40:02 [http-nio-8080-exec-4] DEBUG c.pcwk.ehr.controller.UserController - ---------------------------
2026-08-10 09:40:02 [http-nio-8080-exec-4] DEBUG c.pcwk.ehr.controller.UserController - 1.userId: pcwk1
2026-08-10 09:40:02 [http-nio-8080-exec-4] DEBUG c.pcwk.ehr.controller.UserController - 1.1 param: UserVO [userId=pcwk1, name=null, password=null, login=0, recommend=0, email=null, grade=null, regDt=null, toString()=DTO [pageNo=0, pageSize=0, no=0, totalCnt=0, searchDiv=null, searchWord=null, searchMap={}, startNo=0, endNo=0, pre=false, next=false]]
2026-08-10 09:40:02 [http-nio-8080-exec-4] DEBUG c.p.ehr.service.impl.UserServiceImpl - ======================================
2026-08-10 09:40:02 [http-nio-8080-exec-4] DEBUG c.p.ehr.service.impl.UserServiceImpl - doSelectOne()
2026-08-10 09:40:02 [http-nio-8080-exec-4] DEBUG c.p.ehr.service.impl.UserServiceImpl - ======================================
2026-08-10 09:40:02 [http-nio-8080-exec-4] DEBUG org.mybatis.spring.SqlSessionUtils - Creating a new SqlSession
2026-08-10 09:40:02 [http-nio-8080-exec-4] DEBUG org.mybatis.spring.SqlSessionUtils - SqlSession [org.apache.ibatis.session.defaults.DefaultSqlSession@2b8d9ae3] was not registered for synchronization because synchronization is not active
2026-08-10 09:40:02 [http-nio-8080-exec-4] DEBUG o.m.s.t.SpringManagedTransaction - JDBC Connection [HikariProxyConnection@1761416050 wrapping oracle.jdbc.driver.T4CConnection@36f44759] will not be managed by Spring
2026-08-10 09:40:02 [http-nio-8080-exec-4] DEBUG c.p.e.mapper.UserMapper.doSelectOne - ==>  Preparing: SELECT user_id, name, password, login, recommend, email, DECODE(grade,1,'BASIC' ,2,'SILVER' ,3,'GOLD' ) grade, TO_CHAR(reg_dt,'YYYY/MM/DD HH24:MI:SS') reg_dt FROM member WHERE user_id = ?
2026-08-10 09:40:02 [http-nio-8080-exec-4] DEBUG c.p.e.mapper.UserMapper.doSelectOne - ==> Parameters: pcwk1(String)
2026-08-10 09:40:02 [http-nio-8080-exec-4] DEBUG c.p.e.mapper.UserMapper.doSelectOne - <==      Total: 1
2026-08-10 09:40:02 [http-nio-8080-exec-4] DEBUG org.mybatis.spring.SqlSessionUtils - Closing non transactional SqlSession [org.apache.ibatis.session.defaults.DefaultSqlSession@2b8d9ae3]
2026-08-10 09:40:02 [http-nio-8080-exec-4] DEBUG c.pcwk.ehr.controller.UserController - 2. outVO: UserVO [userId=pcwk1, name=이상무01, password=$2a$12$HBp2ySacblGeTBWYnXCyeu49zWneNkNwg1Nx4YiN0Mea5PoGt1wSi, login=1, recommend=1, email=jamesol1@naver.com, grade=SILVER, regDt=2026/08/10 08:53:41, toString()=DTO [pageNo=0, pageSize=0, no=0, totalCnt=0, searchDiv=null, searchWord=null, searchMap={}, startNo=0, endNo=0, pre=false, next=false]]
2026-08-10 09:40:02 [http-nio-8080-exec-4] DEBUG c.p.e.service.impl.CustomUserDetails - ======================================
2026-08-10 09:40:02 [http-nio-8080-exec-4] DEBUG c.p.e.service.impl.CustomUserDetails - getUsername()
2026-08-10 09:40:02 [http-nio-8080-exec-4] DEBUG c.p.e.service.impl.CustomUserDetails - ======================================
2026-08-10 09:40:02 [http-nio-8080-exec-4] DEBUG c.p.e.service.impl.CustomUserDetails - ======================================
2026-08-10 09:40:02 [http-nio-8080-exec-4] DEBUG c.p.e.service.impl.CustomUserDetails - getUsername()
2026-08-10 09:40:02 [http-nio-8080-exec-4] DEBUG c.p.e.service.impl.CustomUserDetails - ======================================
2026-08-10 09:40:02 [http-nio-8080-exec-6] DEBUG c.p.e.service.impl.CustomUserDetails - ======================================
2026-08-10 09:40:02 [http-nio-8080-exec-6] DEBUG c.p.e.service.impl.CustomUserDetails - getUsername()
2026-08-10 09:40:02 [http-nio-8080-exec-6] DEBUG c.p.e.service.impl.CustomUserDetails - ======================================
2026-08-10 09:40:02 [http-nio-8080-exec-7] DEBUG c.p.e.service.impl.CustomUserDetails - ======================================
2026-08-10 09:40:02 [http-nio-8080-exec-7] DEBUG c.p.e.service.impl.CustomUserDetails - getUsername()
2026-08-10 09:40:02 [http-nio-8080-exec-7] DEBUG c.p.e.service.impl.CustomUserDetails - ======================================
2026-08-10 09:40:02 [http-nio-8080-exec-5] DEBUG c.p.e.service.impl.CustomUserDetails - ======================================
2026-08-10 09:40:02 [http-nio-8080-exec-5] DEBUG c.p.e.service.impl.CustomUserDetails - getUsername()
2026-08-10 09:40:02 [http-nio-8080-exec-5] DEBUG c.p.e.service.impl.CustomUserDetails - ======================================
2026-08-10 09:40:02 [http-nio-8080-exec-3] DEBUG c.p.e.service.impl.CustomUserDetails - ======================================
2026-08-10 09:40:02 [http-nio-8080-exec-3] DEBUG c.p.e.service.impl.CustomUserDetails - getUsername()
2026-08-10 09:40:02 [http-nio-8080-exec-3] DEBUG c.p.e.service.impl.CustomUserDetails - ======================================
2026-08-10 09:40:02 [http-nio-8080-exec-8] DEBUG c.p.e.service.impl.CustomUserDetails - ======================================
2026-08-10 09:40:02 [http-nio-8080-exec-8] DEBUG c.p.e.service.impl.CustomUserDetails - getUsername()
2026-08-10 09:40:02 [http-nio-8080-exec-8] DEBUG c.p.e.service.impl.CustomUserDetails - ======================================
2026-08-10 09:40:02 [http-nio-8080-exec-1] DEBUG c.p.e.service.impl.CustomUserDetails - ======================================
2026-08-10 09:40:02 [http-nio-8080-exec-1] DEBUG c.p.e.service.impl.CustomUserDetails - getUsername()
2026-08-10 09:40:02 [http-nio-8080-exec-1] DEBUG c.p.e.service.impl.CustomUserDetails - ======================================
2026-08-10 09:40:02 [http-nio-8080-exec-1] DEBUG c.p.e.service.impl.CustomUserDetails - ======================================
2026-08-10 09:40:02 [http-nio-8080-exec-1] DEBUG c.p.e.service.impl.CustomUserDetails - getUsername()
2026-08-10 09:40:02 [http-nio-8080-exec-1] DEBUG c.p.e.service.impl.CustomUserDetails - ======================================
2026-08-10 09:40:02 [http-nio-8080-exec-9] DEBUG c.p.e.service.impl.CustomUserDetails - ======================================
2026-08-10 09:40:02 [http-nio-8080-exec-9] DEBUG c.p.e.service.impl.CustomUserDetails - getUsername()
2026-08-10 09:40:02 [http-nio-8080-exec-9] DEBUG c.p.e.service.impl.CustomUserDetails - ======================================
2026-08-10 09:40:02 [http-nio-8080-exec-9] DEBUG c.p.e.service.impl.CustomUserDetails - ======================================
2026-08-10 09:40:02 [http-nio-8080-exec-9] DEBUG c.p.e.service.impl.CustomUserDetails - getUsername()
2026-08-10 09:40:02 [http-nio-8080-exec-9] DEBUG c.p.e.service.impl.CustomUserDetails - ======================================
2026-08-10 09:40:02 [http-nio-8080-exec-2] DEBUG c.p.e.service.impl.CustomUserDetails - ======================================
2026-08-10 09:40:02 [http-nio-8080-exec-2] DEBUG c.p.e.service.impl.CustomUserDetails - getUsername()
2026-08-10 09:40:02 [http-nio-8080-exec-2] DEBUG c.p.e.service.impl.CustomUserDetails - ======================================
2026-08-10 09:40:02 [http-nio-8080-exec-2] DEBUG c.p.e.service.impl.CustomUserDetails - ======================================
2026-08-10 09:40:02 [http-nio-8080-exec-2] DEBUG c.p.e.service.impl.CustomUserDetails - getUsername()
2026-08-10 09:40:02 [http-nio-8080-exec-2] DEBUG c.p.e.service.impl.CustomUserDetails - ======================================
2026-08-10 09:41:49 [http-nio-8080-exec-7] DEBUG c.pcwk.ehr.controller.UserController - ---------------------------
2026-08-10 09:41:49 [http-nio-8080-exec-7] DEBUG c.pcwk.ehr.controller.UserController - doSelectOne()*
2026-08-10 09:41:49 [http-nio-8080-exec-7] DEBUG c.pcwk.ehr.controller.UserController - ---------------------------
2026-08-10 09:41:49 [http-nio-8080-exec-7] DEBUG c.pcwk.ehr.controller.UserController - 1.userId: pcwk1
2026-08-10 09:41:49 [http-nio-8080-exec-7] DEBUG c.pcwk.ehr.controller.UserController - 1.1 param: UserVO [userId=pcwk1, name=null, password=null, login=0, recommend=0, email=null, grade=null, regDt=null, toString()=DTO [pageNo=0, pageSize=0, no=0, totalCnt=0, searchDiv=null, searchWord=null, searchMap={}, startNo=0, endNo=0, pre=false, next=false]]
2026-08-10 09:41:49 [http-nio-8080-exec-7] DEBUG c.p.ehr.service.impl.UserServiceImpl - ======================================
2026-08-10 09:41:49 [http-nio-8080-exec-7] DEBUG c.p.ehr.service.impl.UserServiceImpl - doSelectOne()
2026-08-10 09:41:49 [http-nio-8080-exec-7] DEBUG c.p.ehr.service.impl.UserServiceImpl - ======================================
2026-08-10 09:41:49 [http-nio-8080-exec-7] DEBUG org.mybatis.spring.SqlSessionUtils - Creating a new SqlSession
2026-08-10 09:41:49 [http-nio-8080-exec-7] DEBUG org.mybatis.spring.SqlSessionUtils - SqlSession [org.apache.ibatis.session.defaults.DefaultSqlSession@26b44f7c] was not registered for synchronization because synchronization is not active
2026-08-10 09:41:49 [http-nio-8080-exec-7] DEBUG o.m.s.t.SpringManagedTransaction - JDBC Connection [HikariProxyConnection@215502277 wrapping oracle.jdbc.driver.T4CConnection@36f44759] will not be managed by Spring
2026-08-10 09:41:49 [http-nio-8080-exec-7] DEBUG c.p.e.mapper.UserMapper.doSelectOne - ==>  Preparing: SELECT user_id, name, password, login, recommend, email, DECODE(grade,1,'BASIC' ,2,'SILVER' ,3,'GOLD' ) grade, TO_CHAR(reg_dt,'YYYY/MM/DD HH24:MI:SS') reg_dt FROM member WHERE user_id = ?
2026-08-10 09:41:49 [http-nio-8080-exec-7] DEBUG c.p.e.mapper.UserMapper.doSelectOne - ==> Parameters: pcwk1(String)
2026-08-10 09:41:49 [http-nio-8080-exec-7] DEBUG c.p.e.mapper.UserMapper.doSelectOne - <==      Total: 1
2026-08-10 09:41:49 [http-nio-8080-exec-7] DEBUG org.mybatis.spring.SqlSessionUtils - Closing non transactional SqlSession [org.apache.ibatis.session.defaults.DefaultSqlSession@26b44f7c]
2026-08-10 09:41:49 [http-nio-8080-exec-7] DEBUG c.pcwk.ehr.controller.UserController - 2. outVO: UserVO [userId=pcwk1, name=이상무01, password=$2a$12$HBp2ySacblGeTBWYnXCyeu49zWneNkNwg1Nx4YiN0Mea5PoGt1wSi, login=1, recommend=1, email=jamesol1@naver.com, grade=SILVER, regDt=2026/08/10 08:53:41, toString()=DTO [pageNo=0, pageSize=0, no=0, totalCnt=0, searchDiv=null, searchWord=null, searchMap={}, startNo=0, endNo=0, pre=false, next=false]]
2026-08-10 09:41:49 [http-nio-8080-exec-7] DEBUG c.p.e.service.impl.CustomUserDetails - ======================================
2026-08-10 09:41:49 [http-nio-8080-exec-7] DEBUG c.p.e.service.impl.CustomUserDetails - getUsername()
2026-08-10 09:41:49 [http-nio-8080-exec-7] DEBUG c.p.e.service.impl.CustomUserDetails - ======================================
2026-08-10 09:41:49 [http-nio-8080-exec-7] DEBUG c.p.e.service.impl.CustomUserDetails - ======================================
2026-08-10 09:41:49 [http-nio-8080-exec-7] DEBUG c.p.e.service.impl.CustomUserDetails - getUsername()
2026-08-10 09:41:49 [http-nio-8080-exec-7] DEBUG c.p.e.service.impl.CustomUserDetails - ======================================
2026-08-10 09:41:49 [http-nio-8080-exec-8] DEBUG c.p.e.service.impl.CustomUserDetails - ======================================
2026-08-10 09:41:49 [http-nio-8080-exec-8] DEBUG c.p.e.service.impl.CustomUserDetails - getUsername()
2026-08-10 09:41:49 [http-nio-8080-exec-8] DEBUG c.p.e.service.impl.CustomUserDetails - ======================================
2026-08-10 09:41:49 [http-nio-8080-exec-5] DEBUG c.p.e.service.impl.CustomUserDetails - ======================================
2026-08-10 09:41:49 [http-nio-8080-exec-5] DEBUG c.p.e.service.impl.CustomUserDetails - getUsername()
2026-08-10 09:41:49 [http-nio-8080-exec-5] DEBUG c.p.e.service.impl.CustomUserDetails - ======================================
2026-08-10 09:41:49 [http-nio-8080-exec-3] DEBUG c.p.e.service.impl.CustomUserDetails - ======================================
2026-08-10 09:41:49 [http-nio-8080-exec-3] DEBUG c.p.e.service.impl.CustomUserDetails - getUsername()
2026-08-10 09:41:49 [http-nio-8080-exec-3] DEBUG c.p.e.service.impl.CustomUserDetails - ======================================
2026-08-10 09:41:49 [http-nio-8080-exec-1] DEBUG c.p.e.service.impl.CustomUserDetails - ======================================
2026-08-10 09:41:49 [http-nio-8080-exec-1] DEBUG c.p.e.service.impl.CustomUserDetails - getUsername()
2026-08-10 09:41:49 [http-nio-8080-exec-1] DEBUG c.p.e.service.impl.CustomUserDetails - ======================================
2026-08-10 09:41:49 [http-nio-8080-exec-9] DEBUG c.p.e.service.impl.CustomUserDetails - ======================================
2026-08-10 09:41:49 [http-nio-8080-exec-9] DEBUG c.p.e.service.impl.CustomUserDetails - getUsername()
2026-08-10 09:41:49 [http-nio-8080-exec-9] DEBUG c.p.e.service.impl.CustomUserDetails - ======================================
2026-08-10 09:41:49 [http-nio-8080-exec-2] DEBUG c.p.e.service.impl.CustomUserDetails - ======================================
2026-08-10 09:41:49 [http-nio-8080-exec-2] DEBUG c.p.e.service.impl.CustomUserDetails - getUsername()
2026-08-10 09:41:49 [http-nio-8080-exec-2] DEBUG c.p.e.service.impl.CustomUserDetails - ======================================
2026-08-10 09:41:49 [http-nio-8080-exec-2] DEBUG c.p.e.service.impl.CustomUserDetails - ======================================
2026-08-10 09:41:49 [http-nio-8080-exec-2] DEBUG c.p.e.service.impl.CustomUserDetails - getUsername()
2026-08-10 09:41:49 [http-nio-8080-exec-2] DEBUG c.p.e.service.impl.CustomUserDetails - ======================================
2026-08-10 09:41:49 [http-nio-8080-exec-10] DEBUG c.p.e.service.impl.CustomUserDetails - ======================================
2026-08-10 09:41:49 [http-nio-8080-exec-10] DEBUG c.p.e.service.impl.CustomUserDetails - getUsername()
2026-08-10 09:41:49 [http-nio-8080-exec-10] DEBUG c.p.e.service.impl.CustomUserDetails - ======================================
2026-08-10 09:41:49 [http-nio-8080-exec-4] DEBUG c.p.e.service.impl.CustomUserDetails - ======================================
2026-08-10 09:41:49 [http-nio-8080-exec-4] DEBUG c.p.e.service.impl.CustomUserDetails - getUsername()
2026-08-10 09:41:49 [http-nio-8080-exec-4] DEBUG c.p.e.service.impl.CustomUserDetails - ======================================
2026-08-10 09:41:49 [http-nio-8080-exec-10] DEBUG c.p.e.service.impl.CustomUserDetails - ======================================
2026-08-10 09:41:49 [http-nio-8080-exec-10] DEBUG c.p.e.service.impl.CustomUserDetails - getUsername()
2026-08-10 09:41:49 [http-nio-8080-exec-4] DEBUG c.p.e.service.impl.CustomUserDetails - ======================================
2026-08-10 09:41:49 [http-nio-8080-exec-4] DEBUG c.p.e.service.impl.CustomUserDetails - getUsername()
2026-08-10 09:41:49 [http-nio-8080-exec-4] DEBUG c.p.e.service.impl.CustomUserDetails - ======================================
2026-08-10 09:41:49 [http-nio-8080-exec-10] DEBUG c.p.e.service.impl.CustomUserDetails - ======================================
2026-08-10 09:44:02 [http-nio-8080-exec-8] DEBUG c.pcwk.ehr.controller.UserController - ---------------------------
2026-08-10 09:44:02 [http-nio-8080-exec-8] DEBUG c.pcwk.ehr.controller.UserController - doSelectOne()*
2026-08-10 09:44:02 [http-nio-8080-exec-8] DEBUG c.pcwk.ehr.controller.UserController - ---------------------------
2026-08-10 09:44:02 [http-nio-8080-exec-8] DEBUG c.pcwk.ehr.controller.UserController - 1.userId: pcwk1
2026-08-10 09:44:02 [http-nio-8080-exec-8] DEBUG c.pcwk.ehr.controller.UserController - 1.1 param: UserVO [userId=pcwk1, name=null, password=null, login=0, recommend=0, email=null, grade=null, regDt=null, toString()=DTO [pageNo=0, pageSize=0, no=0, totalCnt=0, searchDiv=null, searchWord=null, searchMap={}, startNo=0, endNo=0, pre=false, next=false]]
2026-08-10 09:44:02 [http-nio-8080-exec-8] DEBUG c.p.ehr.service.impl.UserServiceImpl - ======================================
2026-08-10 09:44:02 [http-nio-8080-exec-8] DEBUG c.p.ehr.service.impl.UserServiceImpl - doSelectOne()
2026-08-10 09:44:02 [http-nio-8080-exec-8] DEBUG c.p.ehr.service.impl.UserServiceImpl - ======================================
2026-08-10 09:44:02 [http-nio-8080-exec-8] DEBUG org.mybatis.spring.SqlSessionUtils - Creating a new SqlSession
2026-08-10 09:44:02 [http-nio-8080-exec-8] DEBUG org.mybatis.spring.SqlSessionUtils - SqlSession [org.apache.ibatis.session.defaults.DefaultSqlSession@4d68ccb8] was not registered for synchronization because synchronization is not active
2026-08-10 09:44:02 [http-nio-8080-exec-8] DEBUG o.m.s.t.SpringManagedTransaction - JDBC Connection [HikariProxyConnection@124484215 wrapping oracle.jdbc.driver.T4CConnection@36f44759] will not be managed by Spring
2026-08-10 09:44:02 [http-nio-8080-exec-8] DEBUG c.p.e.mapper.UserMapper.doSelectOne - ==>  Preparing: SELECT user_id, name, password, login, recommend, email, DECODE(grade,1,'BASIC' ,2,'SILVER' ,3,'GOLD' ) grade, TO_CHAR(reg_dt,'YYYY/MM/DD HH24:MI:SS') reg_dt FROM member WHERE user_id = ?
2026-08-10 09:44:02 [http-nio-8080-exec-8] DEBUG c.p.e.mapper.UserMapper.doSelectOne - ==> Parameters: pcwk1(String)
2026-08-10 09:44:02 [http-nio-8080-exec-8] DEBUG c.p.e.mapper.UserMapper.doSelectOne - <==      Total: 1
2026-08-10 09:44:02 [http-nio-8080-exec-8] DEBUG org.mybatis.spring.SqlSessionUtils - Closing non transactional SqlSession [org.apache.ibatis.session.defaults.DefaultSqlSession@4d68ccb8]
2026-08-10 09:44:02 [http-nio-8080-exec-8] DEBUG c.pcwk.ehr.controller.UserController - 2. outVO: UserVO [userId=pcwk1, name=이상무01, password=$2a$12$HBp2ySacblGeTBWYnXCyeu49zWneNkNwg1Nx4YiN0Mea5PoGt1wSi, login=1, recommend=1, email=jamesol1@naver.com, grade=SILVER, regDt=2026/08/10 08:53:41, toString()=DTO [pageNo=0, pageSize=0, no=0, totalCnt=0, searchDiv=null, searchWord=null, searchMap={}, startNo=0, endNo=0, pre=false, next=false]]
2026-08-10 09:44:02 [http-nio-8080-exec-8] DEBUG c.p.e.service.impl.CustomUserDetails - ======================================
2026-08-10 09:44:02 [http-nio-8080-exec-8] DEBUG c.p.e.service.impl.CustomUserDetails - getUsername()
2026-08-10 09:44:02 [http-nio-8080-exec-8] DEBUG c.p.e.service.impl.CustomUserDetails - ======================================
2026-08-10 09:44:02 [http-nio-8080-exec-8] DEBUG c.p.e.service.impl.CustomUserDetails - ======================================
2026-08-10 09:44:02 [http-nio-8080-exec-8] DEBUG c.p.e.service.impl.CustomUserDetails - getUsername()
2026-08-10 09:44:02 [http-nio-8080-exec-8] DEBUG c.p.e.service.impl.CustomUserDetails - ======================================
2026-08-10 09:44:02 [http-nio-8080-exec-5] DEBUG c.p.e.service.impl.CustomUserDetails - ======================================
2026-08-10 09:44:02 [http-nio-8080-exec-5] DEBUG c.p.e.service.impl.CustomUserDetails - getUsername()
2026-08-10 09:44:02 [http-nio-8080-exec-5] DEBUG c.p.e.service.impl.CustomUserDetails - ======================================
2026-08-10 09:44:02 [http-nio-8080-exec-1] DEBUG c.p.e.service.impl.CustomUserDetails - ======================================
2026-08-10 09:44:02 [http-nio-8080-exec-1] DEBUG c.p.e.service.impl.CustomUserDetails - getUsername()
2026-08-10 09:44:02 [http-nio-8080-exec-1] DEBUG c.p.e.service.impl.CustomUserDetails - ======================================
2026-08-10 09:44:02 [http-nio-8080-exec-9] DEBUG c.p.e.service.impl.CustomUserDetails - ======================================
2026-08-10 09:44:02 [http-nio-8080-exec-3] DEBUG c.p.e.service.impl.CustomUserDetails - ======================================
2026-08-10 09:44:02 [http-nio-8080-exec-9] DEBUG c.p.e.service.impl.CustomUserDetails - getUsername()
2026-08-10 09:44:02 [http-nio-8080-exec-9] DEBUG c.p.e.service.impl.CustomUserDetails - ======================================
2026-08-10 09:44:02 [http-nio-8080-exec-3] DEBUG c.p.e.service.impl.CustomUserDetails - getUsername()
2026-08-10 09:44:02 [http-nio-8080-exec-3] DEBUG c.p.e.service.impl.CustomUserDetails - ======================================
2026-08-10 09:44:02 [http-nio-8080-exec-2] DEBUG c.p.e.service.impl.CustomUserDetails - ======================================
2026-08-10 09:44:02 [http-nio-8080-exec-2] DEBUG c.p.e.service.impl.CustomUserDetails - getUsername()
2026-08-10 09:44:02 [http-nio-8080-exec-2] DEBUG c.p.e.service.impl.CustomUserDetails - ======================================
2026-08-10 09:44:02 [http-nio-8080-exec-4] DEBUG c.p.e.service.impl.CustomUserDetails - ======================================
2026-08-10 09:44:02 [http-nio-8080-exec-4] DEBUG c.p.e.service.impl.CustomUserDetails - getUsername()
2026-08-10 09:44:02 [http-nio-8080-exec-4] DEBUG c.p.e.service.impl.CustomUserDetails - ======================================
2026-08-10 09:44:02 [http-nio-8080-exec-4] DEBUG c.p.e.service.impl.CustomUserDetails - ======================================
2026-08-10 09:44:02 [http-nio-8080-exec-4] DEBUG c.p.e.service.impl.CustomUserDetails - getUsername()
2026-08-10 09:44:02 [http-nio-8080-exec-4] DEBUG c.p.e.service.impl.CustomUserDetails - ======================================
2026-08-10 09:44:02 [http-nio-8080-exec-10] DEBUG c.p.e.service.impl.CustomUserDetails - ======================================
2026-08-10 09:44:02 [http-nio-8080-exec-10] DEBUG c.p.e.service.impl.CustomUserDetails - getUsername()
2026-08-10 09:44:02 [http-nio-8080-exec-10] DEBUG c.p.e.service.impl.CustomUserDetails - ======================================
2026-08-10 09:44:02 [http-nio-8080-exec-10] DEBUG c.p.e.service.impl.CustomUserDetails - ======================================
2026-08-10 09:44:02 [http-nio-8080-exec-10] DEBUG c.p.e.service.impl.CustomUserDetails - getUsername()
2026-08-10 09:44:02 [http-nio-8080-exec-10] DEBUG c.p.e.service.impl.CustomUserDetails - ======================================
2026-08-10 09:44:02 [http-nio-8080-exec-6] DEBUG c.p.e.service.impl.CustomUserDetails - ======================================
2026-08-10 09:44:02 [http-nio-8080-exec-6] DEBUG c.p.e.service.impl.CustomUserDetails - getUsername()
2026-08-10 09:44:02 [http-nio-8080-exec-6] DEBUG c.p.e.service.impl.CustomUserDetails - ======================================
2026-08-10 09:44:02 [http-nio-8080-exec-6] DEBUG c.p.e.service.impl.CustomUserDetails - ======================================
2026-08-10 09:44:02 [http-nio-8080-exec-6] DEBUG c.p.e.service.impl.CustomUserDetails - getUsername()
2026-08-10 09:44:02 [http-nio-8080-exec-6] DEBUG c.p.e.service.impl.CustomUserDetails - ======================================
2026-08-10 09:45:59 [http-nio-8080-exec-5] DEBUG c.pcwk.ehr.controller.UserController - ---------------------------
2026-08-10 09:45:59 [http-nio-8080-exec-5] DEBUG c.pcwk.ehr.controller.UserController - doSelectOne()*
2026-08-10 09:45:59 [http-nio-8080-exec-5] DEBUG c.pcwk.ehr.controller.UserController - ---------------------------
2026-08-10 09:45:59 [http-nio-8080-exec-5] DEBUG c.pcwk.ehr.controller.UserController - 1.userId: pcwk1
2026-08-10 09:45:59 [http-nio-8080-exec-5] DEBUG c.pcwk.ehr.controller.UserController - 1.1 param: UserVO [userId=pcwk1, name=null, password=null, login=0, recommend=0, email=null, grade=null, regDt=null, toString()=DTO [pageNo=0, pageSize=0, no=0, totalCnt=0, searchDiv=null, searchWord=null, searchMap={}, startNo=0, endNo=0, pre=false, next=false]]
2026-08-10 09:45:59 [http-nio-8080-exec-5] DEBUG c.p.ehr.service.impl.UserServiceImpl - ======================================
2026-08-10 09:45:59 [http-nio-8080-exec-5] DEBUG c.p.ehr.service.impl.UserServiceImpl - doSelectOne()
2026-08-10 09:45:59 [http-nio-8080-exec-5] DEBUG c.p.ehr.service.impl.UserServiceImpl - ======================================
2026-08-10 09:45:59 [http-nio-8080-exec-5] DEBUG org.mybatis.spring.SqlSessionUtils - Creating a new SqlSession
2026-08-10 09:45:59 [http-nio-8080-exec-5] DEBUG org.mybatis.spring.SqlSessionUtils - SqlSession [org.apache.ibatis.session.defaults.DefaultSqlSession@5369e335] was not registered for synchronization because synchronization is not active
2026-08-10 09:45:59 [http-nio-8080-exec-5] DEBUG o.m.s.t.SpringManagedTransaction - JDBC Connection [HikariProxyConnection@1884105192 wrapping oracle.jdbc.driver.T4CConnection@36f44759] will not be managed by Spring
2026-08-10 09:45:59 [http-nio-8080-exec-5] DEBUG c.p.e.mapper.UserMapper.doSelectOne - ==>  Preparing: SELECT user_id, name, password, login, recommend, email, DECODE(grade,1,'BASIC' ,2,'SILVER' ,3,'GOLD' ) grade, TO_CHAR(reg_dt,'YYYY/MM/DD HH24:MI:SS') reg_dt FROM member WHERE user_id = ?
2026-08-10 09:45:59 [http-nio-8080-exec-5] DEBUG c.p.e.mapper.UserMapper.doSelectOne - ==> Parameters: pcwk1(String)
2026-08-10 09:45:59 [http-nio-8080-exec-5] DEBUG c.p.e.mapper.UserMapper.doSelectOne - <==      Total: 1
2026-08-10 09:45:59 [http-nio-8080-exec-5] DEBUG org.mybatis.spring.SqlSessionUtils - Closing non transactional SqlSession [org.apache.ibatis.session.defaults.DefaultSqlSession@5369e335]
2026-08-10 09:45:59 [http-nio-8080-exec-5] DEBUG c.pcwk.ehr.controller.UserController - 2. outVO: UserVO [userId=pcwk1, name=이상무01, password=$2a$12$HBp2ySacblGeTBWYnXCyeu49zWneNkNwg1Nx4YiN0Mea5PoGt1wSi, login=1, recommend=1, email=jamesol1@naver.com, grade=SILVER, regDt=2026/08/10 08:53:41, toString()=DTO [pageNo=0, pageSize=0, no=0, totalCnt=0, searchDiv=null, searchWord=null, searchMap={}, startNo=0, endNo=0, pre=false, next=false]]
2026-08-10 09:45:59 [http-nio-8080-exec-5] DEBUG c.p.e.service.impl.CustomUserDetails - ======================================
2026-08-10 09:45:59 [http-nio-8080-exec-5] DEBUG c.p.e.service.impl.CustomUserDetails - getUsername()
2026-08-10 09:45:59 [http-nio-8080-exec-5] DEBUG c.p.e.service.impl.CustomUserDetails - ======================================
2026-08-10 09:45:59 [http-nio-8080-exec-5] DEBUG c.p.e.service.impl.CustomUserDetails - ======================================
2026-08-10 09:45:59 [http-nio-8080-exec-5] DEBUG c.p.e.service.impl.CustomUserDetails - getUsername()
2026-08-10 09:45:59 [http-nio-8080-exec-5] DEBUG c.p.e.service.impl.CustomUserDetails - ======================================
2026-08-10 09:45:59 [http-nio-8080-exec-3] DEBUG c.p.e.service.impl.CustomUserDetails - ======================================
2026-08-10 09:45:59 [http-nio-8080-exec-3] DEBUG c.p.e.service.impl.CustomUserDetails - getUsername()
2026-08-10 09:45:59 [http-nio-8080-exec-3] DEBUG c.p.e.service.impl.CustomUserDetails - ======================================
2026-08-10 09:45:59 [http-nio-8080-exec-9] DEBUG c.p.e.service.impl.CustomUserDetails - ======================================
2026-08-10 09:45:59 [http-nio-8080-exec-9] DEBUG c.p.e.service.impl.CustomUserDetails - getUsername()
2026-08-10 09:45:59 [http-nio-8080-exec-9] DEBUG c.p.e.service.impl.CustomUserDetails - ======================================
2026-08-10 09:45:59 [http-nio-8080-exec-2] DEBUG c.p.e.service.impl.CustomUserDetails - ======================================
2026-08-10 09:45:59 [http-nio-8080-exec-2] DEBUG c.p.e.service.impl.CustomUserDetails - getUsername()
2026-08-10 09:45:59 [http-nio-8080-exec-2] DEBUG c.p.e.service.impl.CustomUserDetails - ======================================
2026-08-10 09:45:59 [http-nio-8080-exec-1] DEBUG c.p.e.service.impl.CustomUserDetails - ======================================
2026-08-10 09:45:59 [http-nio-8080-exec-1] DEBUG c.p.e.service.impl.CustomUserDetails - getUsername()
2026-08-10 09:45:59 [http-nio-8080-exec-1] DEBUG c.p.e.service.impl.CustomUserDetails - ======================================
2026-08-10 09:45:59 [http-nio-8080-exec-4] DEBUG c.p.e.service.impl.CustomUserDetails - ======================================
2026-08-10 09:45:59 [http-nio-8080-exec-4] DEBUG c.p.e.service.impl.CustomUserDetails - getUsername()
2026-08-10 09:45:59 [http-nio-8080-exec-4] DEBUG c.p.e.service.impl.CustomUserDetails - ======================================
2026-08-10 09:45:59 [http-nio-8080-exec-10] DEBUG c.p.e.service.impl.CustomUserDetails - ======================================
2026-08-10 09:45:59 [http-nio-8080-exec-10] DEBUG c.p.e.service.impl.CustomUserDetails - getUsername()
2026-08-10 09:45:59 [http-nio-8080-exec-10] DEBUG c.p.e.service.impl.CustomUserDetails - ======================================
2026-08-10 09:45:59 [http-nio-8080-exec-10] DEBUG c.p.e.service.impl.CustomUserDetails - ======================================
2026-08-10 09:45:59 [http-nio-8080-exec-10] DEBUG c.p.e.service.impl.CustomUserDetails - getUsername()
2026-08-10 09:45:59 [http-nio-8080-exec-10] DEBUG c.p.e.service.impl.CustomUserDetails - ======================================
2026-08-10 09:45:59 [http-nio-8080-exec-7] DEBUG c.p.e.service.impl.CustomUserDetails - ======================================
2026-08-10 09:45:59 [http-nio-8080-exec-6] DEBUG c.p.e.service.impl.CustomUserDetails - ======================================
2026-08-10 09:45:59 [http-nio-8080-exec-7] DEBUG c.p.e.service.impl.CustomUserDetails - getUsername()
2026-08-10 09:45:59 [http-nio-8080-exec-7] DEBUG c.p.e.service.impl.CustomUserDetails - ======================================
2026-08-10 09:45:59 [http-nio-8080-exec-6] DEBUG c.p.e.service.impl.CustomUserDetails - getUsername()
2026-08-10 09:45:59 [http-nio-8080-exec-6] DEBUG c.p.e.service.impl.CustomUserDetails - ======================================
2026-08-10 09:45:59 [http-nio-8080-exec-6] DEBUG c.p.e.service.impl.CustomUserDetails - ======================================
2026-08-10 09:45:59 [http-nio-8080-exec-6] DEBUG c.p.e.service.impl.CustomUserDetails - getUsername()
2026-08-10 09:45:59 [http-nio-8080-exec-6] DEBUG c.p.e.service.impl.CustomUserDetails - ======================================
2026-08-10 09:45:59 [http-nio-8080-exec-7] DEBUG c.p.e.service.impl.CustomUserDetails - ======================================
2026-08-10 09:45:59 [http-nio-8080-exec-7] DEBUG c.p.e.service.impl.CustomUserDetails - getUsername()
2026-08-10 09:45:59 [http-nio-8080-exec-7] DEBUG c.p.e.service.impl.CustomUserDetails - ======================================
2026-08-10 09:46:01 [http-nio-8080-exec-8] DEBUG c.pcwk.ehr.controller.UserController - ---------------------------
2026-08-10 09:46:01 [http-nio-8080-exec-8] DEBUG c.pcwk.ehr.controller.UserController - doSelectOne()*
2026-08-10 09:46:01 [http-nio-8080-exec-8] DEBUG c.pcwk.ehr.controller.UserController - ---------------------------
2026-08-10 09:46:01 [http-nio-8080-exec-8] DEBUG c.pcwk.ehr.controller.UserController - 1.userId: pcwk1
2026-08-10 09:46:01 [http-nio-8080-exec-8] DEBUG c.pcwk.ehr.controller.UserController - 1.1 param: UserVO [userId=pcwk1, name=null, password=null, login=0, recommend=0, email=null, grade=null, regDt=null, toString()=DTO [pageNo=0, pageSize=0, no=0, totalCnt=0, searchDiv=null, searchWord=null, searchMap={}, startNo=0, endNo=0, pre=false, next=false]]
2026-08-10 09:46:01 [http-nio-8080-exec-8] DEBUG c.p.ehr.service.impl.UserServiceImpl - ======================================
2026-08-10 09:46:01 [http-nio-8080-exec-8] DEBUG c.p.ehr.service.impl.UserServiceImpl - doSelectOne()
2026-08-10 09:46:01 [http-nio-8080-exec-8] DEBUG c.p.ehr.service.impl.UserServiceImpl - ======================================
2026-08-10 09:46:01 [http-nio-8080-exec-8] DEBUG org.mybatis.spring.SqlSessionUtils - Creating a new SqlSession
2026-08-10 09:46:01 [http-nio-8080-exec-8] DEBUG org.mybatis.spring.SqlSessionUtils - SqlSession [org.apache.ibatis.session.defaults.DefaultSqlSession@4e489417] was not registered for synchronization because synchronization is not active
2026-08-10 09:46:01 [http-nio-8080-exec-8] DEBUG o.m.s.t.SpringManagedTransaction - JDBC Connection [HikariProxyConnection@167833311 wrapping oracle.jdbc.driver.T4CConnection@36f44759] will not be managed by Spring
2026-08-10 09:46:01 [http-nio-8080-exec-8] DEBUG c.p.e.mapper.UserMapper.doSelectOne - ==>  Preparing: SELECT user_id, name, password, login, recommend, email, DECODE(grade,1,'BASIC' ,2,'SILVER' ,3,'GOLD' ) grade, TO_CHAR(reg_dt,'YYYY/MM/DD HH24:MI:SS') reg_dt FROM member WHERE user_id = ?
2026-08-10 09:46:01 [http-nio-8080-exec-8] DEBUG c.p.e.mapper.UserMapper.doSelectOne - ==> Parameters: pcwk1(String)
2026-08-10 09:46:01 [http-nio-8080-exec-8] DEBUG c.p.e.mapper.UserMapper.doSelectOne - <==      Total: 1
2026-08-10 09:46:01 [http-nio-8080-exec-8] DEBUG org.mybatis.spring.SqlSessionUtils - Closing non transactional SqlSession [org.apache.ibatis.session.defaults.DefaultSqlSession@4e489417]
2026-08-10 09:46:01 [http-nio-8080-exec-8] DEBUG c.pcwk.ehr.controller.UserController - 2. outVO: UserVO [userId=pcwk1, name=이상무01, password=$2a$12$HBp2ySacblGeTBWYnXCyeu49zWneNkNwg1Nx4YiN0Mea5PoGt1wSi, login=1, recommend=1, email=jamesol1@naver.com, grade=SILVER, regDt=2026/08/10 08:53:41, toString()=DTO [pageNo=0, pageSize=0, no=0, totalCnt=0, searchDiv=null, searchWord=null, searchMap={}, startNo=0, endNo=0, pre=false, next=false]]
2026-08-10 09:46:01 [http-nio-8080-exec-8] DEBUG c.p.e.service.impl.CustomUserDetails - ======================================
2026-08-10 09:46:01 [http-nio-8080-exec-8] DEBUG c.p.e.service.impl.CustomUserDetails - getUsername()
2026-08-10 09:46:01 [http-nio-8080-exec-8] DEBUG c.p.e.service.impl.CustomUserDetails - ======================================
2026-08-10 09:46:01 [http-nio-8080-exec-8] DEBUG c.p.e.service.impl.CustomUserDetails - ======================================
2026-08-10 09:46:01 [http-nio-8080-exec-8] DEBUG c.p.e.service.impl.CustomUserDetails - getUsername()
2026-08-10 09:46:01 [http-nio-8080-exec-8] DEBUG c.p.e.service.impl.CustomUserDetails - ======================================
2026-08-10 09:46:01 [http-nio-8080-exec-9] DEBUG c.p.e.service.impl.CustomUserDetails - ======================================
2026-08-10 09:46:01 [http-nio-8080-exec-9] DEBUG c.p.e.service.impl.CustomUserDetails - getUsername()
2026-08-10 09:46:01 [http-nio-8080-exec-9] DEBUG c.p.e.service.impl.CustomUserDetails - ======================================
2026-08-10 09:46:01 [http-nio-8080-exec-3] DEBUG c.p.e.service.impl.CustomUserDetails - ======================================
2026-08-10 09:46:01 [http-nio-8080-exec-3] DEBUG c.p.e.service.impl.CustomUserDetails - getUsername()
2026-08-10 09:46:01 [http-nio-8080-exec-3] DEBUG c.p.e.service.impl.CustomUserDetails - ======================================
2026-08-10 09:46:01 [http-nio-8080-exec-5] DEBUG c.p.e.service.impl.CustomUserDetails - ======================================
2026-08-10 09:46:01 [http-nio-8080-exec-5] DEBUG c.p.e.service.impl.CustomUserDetails - getUsername()
2026-08-10 09:46:01 [http-nio-8080-exec-5] DEBUG c.p.e.service.impl.CustomUserDetails - ======================================
2026-08-10 09:46:01 [http-nio-8080-exec-2] DEBUG c.p.e.service.impl.CustomUserDetails - ======================================
2026-08-10 09:46:01 [http-nio-8080-exec-2] DEBUG c.p.e.service.impl.CustomUserDetails - getUsername()
2026-08-10 09:46:01 [http-nio-8080-exec-2] DEBUG c.p.e.service.impl.CustomUserDetails - ======================================
2026-08-10 09:46:01 [http-nio-8080-exec-1] DEBUG c.p.e.service.impl.CustomUserDetails - ======================================
2026-08-10 09:46:01 [http-nio-8080-exec-1] DEBUG c.p.e.service.impl.CustomUserDetails - getUsername()
2026-08-10 09:46:01 [http-nio-8080-exec-1] DEBUG c.p.e.service.impl.CustomUserDetails - ======================================
2026-08-10 09:46:01 [http-nio-8080-exec-10] DEBUG c.p.e.service.impl.CustomUserDetails - ======================================
2026-08-10 09:46:01 [http-nio-8080-exec-4] DEBUG c.p.e.service.impl.CustomUserDetails - ======================================
2026-08-10 09:46:01 [http-nio-8080-exec-10] DEBUG c.p.e.service.impl.CustomUserDetails - getUsername()
2026-08-10 09:46:01 [http-nio-8080-exec-4] DEBUG c.p.e.service.impl.CustomUserDetails - getUsername()
2026-08-10 09:46:01 [http-nio-8080-exec-10] DEBUG c.p.e.service.impl.CustomUserDetails - ======================================
2026-08-10 09:46:01 [http-nio-8080-exec-4] DEBUG c.p.e.service.impl.CustomUserDetails - ======================================
2026-08-10 09:46:01 [http-nio-8080-exec-10] DEBUG c.p.e.service.impl.CustomUserDetails - ======================================
2026-08-10 09:46:01 [http-nio-8080-exec-10] DEBUG c.p.e.service.impl.CustomUserDetails - getUsername()
2026-08-10 09:46:01 [http-nio-8080-exec-10] DEBUG c.p.e.service.impl.CustomUserDetails - ======================================
2026-08-10 09:46:01 [http-nio-8080-exec-4] DEBUG c.p.e.service.impl.CustomUserDetails - ======================================
2026-08-10 09:46:01 [http-nio-8080-exec-4] DEBUG c.p.e.service.impl.CustomUserDetails - getUsername()
2026-08-10 09:46:01 [http-nio-8080-exec-4] DEBUG c.p.e.service.impl.CustomUserDetails - ======================================
2026-08-10 09:46:01 [http-nio-8080-exec-6] DEBUG c.p.e.service.impl.CustomUserDetails - ======================================
2026-08-10 09:46:01 [http-nio-8080-exec-6] DEBUG c.p.e.service.impl.CustomUserDetails - getUsername()
2026-08-10 09:46:01 [http-nio-8080-exec-6] DEBUG c.p.e.service.impl.CustomUserDetails - ======================================
2026-08-10 09:46:01 [http-nio-8080-exec-6] DEBUG c.p.e.service.impl.CustomUserDetails - ======================================
2026-08-10 09:46:01 [http-nio-8080-exec-6] DEBUG c.p.e.service.impl.CustomUserDetails - getUsername()
2026-08-10 09:46:01 [http-nio-8080-exec-6] DEBUG c.p.e.service.impl.CustomUserDetails - ======================================
2026-08-10 09:46:02 [http-nio-8080-exec-7] DEBUG c.pcwk.ehr.controller.UserController - ---------------------------
2026-08-10 09:46:02 [http-nio-8080-exec-7] DEBUG c.pcwk.ehr.controller.UserController - doSelectOne()*
2026-08-10 09:46:02 [http-nio-8080-exec-7] DEBUG c.pcwk.ehr.controller.UserController - ---------------------------
2026-08-10 09:46:02 [http-nio-8080-exec-7] DEBUG c.pcwk.ehr.controller.UserController - 1.userId: pcwk1
2026-08-10 09:46:02 [http-nio-8080-exec-7] DEBUG c.pcwk.ehr.controller.UserController - 1.1 param: UserVO [userId=pcwk1, name=null, password=null, login=0, recommend=0, email=null, grade=null, regDt=null, toString()=DTO [pageNo=0, pageSize=0, no=0, totalCnt=0, searchDiv=null, searchWord=null, searchMap={}, startNo=0, endNo=0, pre=false, next=false]]
2026-08-10 09:46:02 [http-nio-8080-exec-7] DEBUG c.p.ehr.service.impl.UserServiceImpl - ======================================
2026-08-10 09:46:02 [http-nio-8080-exec-7] DEBUG c.p.ehr.service.impl.UserServiceImpl - doSelectOne()
2026-08-10 09:46:02 [http-nio-8080-exec-7] DEBUG c.p.ehr.service.impl.UserServiceImpl - ======================================
2026-08-10 09:46:02 [http-nio-8080-exec-7] DEBUG org.mybatis.spring.SqlSessionUtils - Creating a new SqlSession
2026-08-10 09:46:02 [http-nio-8080-exec-7] DEBUG org.mybatis.spring.SqlSessionUtils - SqlSession [org.apache.ibatis.session.defaults.DefaultSqlSession@101e24e9] was not registered for synchronization because synchronization is not active
2026-08-10 09:46:02 [http-nio-8080-exec-7] DEBUG o.m.s.t.SpringManagedTransaction - JDBC Connection [HikariProxyConnection@776128159 wrapping oracle.jdbc.driver.T4CConnection@36f44759] will not be managed by Spring
2026-08-10 09:46:02 [http-nio-8080-exec-7] DEBUG c.p.e.mapper.UserMapper.doSelectOne - ==>  Preparing: SELECT user_id, name, password, login, recommend, email, DECODE(grade,1,'BASIC' ,2,'SILVER' ,3,'GOLD' ) grade, TO_CHAR(reg_dt,'YYYY/MM/DD HH24:MI:SS') reg_dt FROM member WHERE user_id = ?
2026-08-10 09:46:02 [http-nio-8080-exec-7] DEBUG c.p.e.mapper.UserMapper.doSelectOne - ==> Parameters: pcwk1(String)
2026-08-10 09:46:02 [http-nio-8080-exec-7] DEBUG c.p.e.mapper.UserMapper.doSelectOne - <==      Total: 1
2026-08-10 09:46:02 [http-nio-8080-exec-7] DEBUG org.mybatis.spring.SqlSessionUtils - Closing non transactional SqlSession [org.apache.ibatis.session.defaults.DefaultSqlSession@101e24e9]
2026-08-10 09:46:02 [http-nio-8080-exec-7] DEBUG c.pcwk.ehr.controller.UserController - 2. outVO: UserVO [userId=pcwk1, name=이상무01, password=$2a$12$HBp2ySacblGeTBWYnXCyeu49zWneNkNwg1Nx4YiN0Mea5PoGt1wSi, login=1, recommend=1, email=jamesol1@naver.com, grade=SILVER, regDt=2026/08/10 08:53:41, toString()=DTO [pageNo=0, pageSize=0, no=0, totalCnt=0, searchDiv=null, searchWord=null, searchMap={}, startNo=0, endNo=0, pre=false, next=false]]
2026-08-10 09:46:02 [http-nio-8080-exec-7] DEBUG c.p.e.service.impl.CustomUserDetails - ======================================
2026-08-10 09:46:02 [http-nio-8080-exec-7] DEBUG c.p.e.service.impl.CustomUserDetails - getUsername()
2026-08-10 09:46:02 [http-nio-8080-exec-7] DEBUG c.p.e.service.impl.CustomUserDetails - ======================================
2026-08-10 09:46:02 [http-nio-8080-exec-7] DEBUG c.p.e.service.impl.CustomUserDetails - ======================================
2026-08-10 09:46:02 [http-nio-8080-exec-7] DEBUG c.p.e.service.impl.CustomUserDetails - getUsername()
2026-08-10 09:46:02 [http-nio-8080-exec-7] DEBUG c.p.e.service.impl.CustomUserDetails - ======================================
2026-08-10 09:46:02 [http-nio-8080-exec-9] DEBUG c.p.e.service.impl.CustomUserDetails - ======================================
2026-08-10 09:46:02 [http-nio-8080-exec-9] DEBUG c.p.e.service.impl.CustomUserDetails - getUsername()
2026-08-10 09:46:02 [http-nio-8080-exec-9] DEBUG c.p.e.service.impl.CustomUserDetails - ======================================
2026-08-10 09:46:02 [http-nio-8080-exec-8] DEBUG c.p.e.service.impl.CustomUserDetails - ======================================
2026-08-10 09:46:02 [http-nio-8080-exec-8] DEBUG c.p.e.service.impl.CustomUserDetails - getUsername()
2026-08-10 09:46:02 [http-nio-8080-exec-8] DEBUG c.p.e.service.impl.CustomUserDetails - ======================================
2026-08-10 09:46:02 [http-nio-8080-exec-3] DEBUG c.p.e.service.impl.CustomUserDetails - ======================================
2026-08-10 09:46:02 [http-nio-8080-exec-3] DEBUG c.p.e.service.impl.CustomUserDetails - getUsername()
2026-08-10 09:46:02 [http-nio-8080-exec-3] DEBUG c.p.e.service.impl.CustomUserDetails - ======================================
2026-08-10 09:46:02 [http-nio-8080-exec-5] DEBUG c.p.e.service.impl.CustomUserDetails - ======================================
2026-08-10 09:46:02 [http-nio-8080-exec-5] DEBUG c.p.e.service.impl.CustomUserDetails - getUsername()
2026-08-10 09:46:02 [http-nio-8080-exec-5] DEBUG c.p.e.service.impl.CustomUserDetails - ======================================
2026-08-10 09:46:02 [http-nio-8080-exec-2] DEBUG c.p.e.service.impl.CustomUserDetails - ======================================
2026-08-10 09:46:02 [http-nio-8080-exec-2] DEBUG c.p.e.service.impl.CustomUserDetails - getUsername()
2026-08-10 09:46:02 [http-nio-8080-exec-2] DEBUG c.p.e.service.impl.CustomUserDetails - ======================================
2026-08-10 09:46:02 [http-nio-8080-exec-1] DEBUG c.p.e.service.impl.CustomUserDetails - ======================================
2026-08-10 09:46:02 [http-nio-8080-exec-1] DEBUG c.p.e.service.impl.CustomUserDetails - getUsername()
2026-08-10 09:46:02 [http-nio-8080-exec-1] DEBUG c.p.e.service.impl.CustomUserDetails - ======================================
2026-08-10 09:46:02 [http-nio-8080-exec-1] DEBUG c.p.e.service.impl.CustomUserDetails - ======================================
2026-08-10 09:46:02 [http-nio-8080-exec-1] DEBUG c.p.e.service.impl.CustomUserDetails - getUsername()
2026-08-10 09:46:02 [http-nio-8080-exec-1] DEBUG c.p.e.service.impl.CustomUserDetails - ======================================
2026-08-10 09:46:02 [http-nio-8080-exec-10] DEBUG c.p.e.service.impl.CustomUserDetails - ======================================
2026-08-10 09:46:02 [http-nio-8080-exec-10] DEBUG c.p.e.service.impl.CustomUserDetails - getUsername()
2026-08-10 09:46:02 [http-nio-8080-exec-10] DEBUG c.p.e.service.impl.CustomUserDetails - ======================================
2026-08-10 09:46:02 [http-nio-8080-exec-4] DEBUG c.p.e.service.impl.CustomUserDetails - ======================================
2026-08-10 09:46:02 [http-nio-8080-exec-4] DEBUG c.p.e.service.impl.CustomUserDetails - getUsername()
2026-08-10 09:46:02 [http-nio-8080-exec-4] DEBUG c.p.e.service.impl.CustomUserDetails - ======================================
2026-08-10 09:46:02 [http-nio-8080-exec-4] DEBUG c.p.e.service.impl.CustomUserDetails - ======================================
2026-08-10 09:46:02 [http-nio-8080-exec-4] DEBUG c.p.e.service.impl.CustomUserDetails - getUsername()
2026-08-10 09:46:02 [http-nio-8080-exec-4] DEBUG c.p.e.service.impl.CustomUserDetails - ======================================
2026-08-10 09:46:02 [http-nio-8080-exec-10] DEBUG c.p.e.service.impl.CustomUserDetails - ======================================
2026-08-10 09:46:02 [http-nio-8080-exec-10] DEBUG c.p.e.service.impl.CustomUserDetails - getUsername()
2026-08-10 09:46:02 [http-nio-8080-exec-10] DEBUG c.p.e.service.impl.CustomUserDetails - ======================================
2026-08-10 09:46:02 [http-nio-8080-exec-6] DEBUG c.pcwk.ehr.controller.UserController - ---------------------------
2026-08-10 09:46:02 [http-nio-8080-exec-6] DEBUG c.pcwk.ehr.controller.UserController - doSelectOne()*
2026-08-10 09:46:02 [http-nio-8080-exec-6] DEBUG c.pcwk.ehr.controller.UserController - ---------------------------
2026-08-10 09:46:02 [http-nio-8080-exec-6] DEBUG c.pcwk.ehr.controller.UserController - 1.userId: pcwk1
2026-08-10 09:46:02 [http-nio-8080-exec-6] DEBUG c.pcwk.ehr.controller.UserController - 1.1 param: UserVO [userId=pcwk1, name=null, password=null, login=0, recommend=0, email=null, grade=null, regDt=null, toString()=DTO [pageNo=0, pageSize=0, no=0, totalCnt=0, searchDiv=null, searchWord=null, searchMap={}, startNo=0, endNo=0, pre=false, next=false]]
2026-08-10 09:46:02 [http-nio-8080-exec-6] DEBUG c.p.ehr.service.impl.UserServiceImpl - ======================================
2026-08-10 09:46:02 [http-nio-8080-exec-6] DEBUG c.p.ehr.service.impl.UserServiceImpl - doSelectOne()
2026-08-10 09:46:02 [http-nio-8080-exec-6] DEBUG c.p.ehr.service.impl.UserServiceImpl - ======================================
2026-08-10 09:46:02 [http-nio-8080-exec-6] DEBUG org.mybatis.spring.SqlSessionUtils - Creating a new SqlSession
2026-08-10 09:46:02 [http-nio-8080-exec-6] DEBUG org.mybatis.spring.SqlSessionUtils - SqlSession [org.apache.ibatis.session.defaults.DefaultSqlSession@4753aa0d] was not registered for synchronization because synchronization is not active
2026-08-10 09:46:02 [http-nio-8080-exec-6] DEBUG o.m.s.t.SpringManagedTransaction - JDBC Connection [HikariProxyConnection@2076802695 wrapping oracle.jdbc.driver.T4CConnection@36f44759] will not be managed by Spring
2026-08-10 09:46:02 [http-nio-8080-exec-6] DEBUG c.p.e.mapper.UserMapper.doSelectOne - ==>  Preparing: SELECT user_id, name, password, login, recommend, email, DECODE(grade,1,'BASIC' ,2,'SILVER' ,3,'GOLD' ) grade, TO_CHAR(reg_dt,'YYYY/MM/DD HH24:MI:SS') reg_dt FROM member WHERE user_id = ?
2026-08-10 09:46:02 [http-nio-8080-exec-6] DEBUG c.p.e.mapper.UserMapper.doSelectOne - ==> Parameters: pcwk1(String)
2026-08-10 09:46:02 [http-nio-8080-exec-6] DEBUG c.p.e.mapper.UserMapper.doSelectOne - <==      Total: 1
2026-08-10 09:46:02 [http-nio-8080-exec-6] DEBUG org.mybatis.spring.SqlSessionUtils - Closing non transactional SqlSession [org.apache.ibatis.session.defaults.DefaultSqlSession@4753aa0d]
2026-08-10 09:46:02 [http-nio-8080-exec-6] DEBUG c.pcwk.ehr.controller.UserController - 2. outVO: UserVO [userId=pcwk1, name=이상무01, password=$2a$12$HBp2ySacblGeTBWYnXCyeu49zWneNkNwg1Nx4YiN0Mea5PoGt1wSi, login=1, recommend=1, email=jamesol1@naver.com, grade=SILVER, regDt=2026/08/10 08:53:41, toString()=DTO [pageNo=0, pageSize=0, no=0, totalCnt=0, searchDiv=null, searchWord=null, searchMap={}, startNo=0, endNo=0, pre=false, next=false]]
2026-08-10 09:46:02 [http-nio-8080-exec-6] DEBUG c.p.e.service.impl.CustomUserDetails - ======================================
2026-08-10 09:46:02 [http-nio-8080-exec-6] DEBUG c.p.e.service.impl.CustomUserDetails - getUsername()
2026-08-10 09:46:02 [http-nio-8080-exec-6] DEBUG c.p.e.service.impl.CustomUserDetails - ======================================
2026-08-10 09:46:02 [http-nio-8080-exec-6] DEBUG c.p.e.service.impl.CustomUserDetails - ======================================
2026-08-10 09:46:02 [http-nio-8080-exec-6] DEBUG c.p.e.service.impl.CustomUserDetails - getUsername()
2026-08-10 09:46:02 [http-nio-8080-exec-6] DEBUG c.p.e.service.impl.CustomUserDetails - ======================================
2026-08-10 09:46:02 [http-nio-8080-exec-8] DEBUG c.p.e.service.impl.CustomUserDetails - ======================================
2026-08-10 09:46:02 [http-nio-8080-exec-8] DEBUG c.p.e.service.impl.CustomUserDetails - getUsername()
2026-08-10 09:46:02 [http-nio-8080-exec-8] DEBUG c.p.e.service.impl.CustomUserDetails - ======================================
2026-08-10 09:46:02 [http-nio-8080-exec-9] DEBUG c.p.e.service.impl.CustomUserDetails - ======================================
2026-08-10 09:46:02 [http-nio-8080-exec-9] DEBUG c.p.e.service.impl.CustomUserDetails - getUsername()
2026-08-10 09:46:02 [http-nio-8080-exec-9] DEBUG c.p.e.service.impl.CustomUserDetails - ======================================
2026-08-10 09:46:02 [http-nio-8080-exec-7] DEBUG c.p.e.service.impl.CustomUserDetails - ======================================
2026-08-10 09:46:02 [http-nio-8080-exec-7] DEBUG c.p.e.service.impl.CustomUserDetails - getUsername()
2026-08-10 09:46:02 [http-nio-8080-exec-7] DEBUG c.p.e.service.impl.CustomUserDetails - ======================================
2026-08-10 09:46:02 [http-nio-8080-exec-3] DEBUG c.p.e.service.impl.CustomUserDetails - ======================================
2026-08-10 09:46:02 [http-nio-8080-exec-3] DEBUG c.p.e.service.impl.CustomUserDetails - getUsername()
2026-08-10 09:46:02 [http-nio-8080-exec-3] DEBUG c.p.e.service.impl.CustomUserDetails - ======================================
2026-08-10 09:46:02 [http-nio-8080-exec-5] DEBUG c.p.e.service.impl.CustomUserDetails - ======================================
2026-08-10 09:46:02 [http-nio-8080-exec-5] DEBUG c.p.e.service.impl.CustomUserDetails - getUsername()
2026-08-10 09:46:02 [http-nio-8080-exec-5] DEBUG c.p.e.service.impl.CustomUserDetails - ======================================
2026-08-10 09:46:02 [http-nio-8080-exec-1] DEBUG c.p.e.service.impl.CustomUserDetails - ======================================
2026-08-10 09:46:02 [http-nio-8080-exec-1] DEBUG c.p.e.service.impl.CustomUserDetails - getUsername()
2026-08-10 09:46:02 [http-nio-8080-exec-1] DEBUG c.p.e.service.impl.CustomUserDetails - ======================================
2026-08-10 09:46:02 [http-nio-8080-exec-2] DEBUG c.p.e.service.impl.CustomUserDetails - ======================================
2026-08-10 09:46:02 [http-nio-8080-exec-2] DEBUG c.p.e.service.impl.CustomUserDetails - getUsername()
2026-08-10 09:46:02 [http-nio-8080-exec-2] DEBUG c.p.e.service.impl.CustomUserDetails - ======================================
2026-08-10 09:46:02 [http-nio-8080-exec-1] DEBUG c.p.e.service.impl.CustomUserDetails - ======================================
2026-08-10 09:46:02 [http-nio-8080-exec-2] DEBUG c.p.e.service.impl.CustomUserDetails - ======================================
2026-08-10 09:46:02 [http-nio-8080-exec-2] DEBUG c.p.e.service.impl.CustomUserDetails - getUsername()
2026-08-10 09:46:02 [http-nio-8080-exec-2] DEBUG c.p.e.service.impl.CustomUserDetails - ======================================
2026-08-10 09:46:02 [http-nio-8080-exec-1] DEBUG c.p.e.service.impl.CustomUserDetails - getUsername()
2026-08-10 09:46:02 [http-nio-8080-exec-1] DEBUG c.p.e.service.impl.CustomUserDetails - ======================================
2026-08-10 09:46:02 [http-nio-8080-exec-4] DEBUG c.p.e.service.impl.CustomUserDetails - ======================================
2026-08-10 09:46:02 [http-nio-8080-exec-4] DEBUG c.p.e.service.impl.CustomUserDetails - getUsername()
2026-08-10 09:46:02 [http-nio-8080-exec-4] DEBUG c.p.e.service.impl.CustomUserDetails - ======================================
2026-08-10 09:46:02 [http-nio-8080-exec-4] DEBUG c.p.e.service.impl.CustomUserDetails - ======================================
2026-08-10 09:46:02 [http-nio-8080-exec-4] DEBUG c.p.e.service.impl.CustomUserDetails - getUsername()
2026-08-10 09:46:02 [http-nio-8080-exec-4] DEBUG c.p.e.service.impl.CustomUserDetails - ======================================
2026-08-10 09:46:03 [http-nio-8080-exec-10] DEBUG c.pcwk.ehr.controller.UserController - ---------------------------
2026-08-10 09:46:03 [http-nio-8080-exec-10] DEBUG c.pcwk.ehr.controller.UserController - doSelectOne()*
2026-08-10 09:46:03 [http-nio-8080-exec-10] DEBUG c.pcwk.ehr.controller.UserController - ---------------------------
2026-08-10 09:46:03 [http-nio-8080-exec-10] DEBUG c.pcwk.ehr.controller.UserController - 1.userId: pcwk1
2026-08-10 09:46:03 [http-nio-8080-exec-10] DEBUG c.pcwk.ehr.controller.UserController - 1.1 param: UserVO [userId=pcwk1, name=null, password=null, login=0, recommend=0, email=null, grade=null, regDt=null, toString()=DTO [pageNo=0, pageSize=0, no=0, totalCnt=0, searchDiv=null, searchWord=null, searchMap={}, startNo=0, endNo=0, pre=false, next=false]]
2026-08-10 09:46:03 [http-nio-8080-exec-10] DEBUG c.p.ehr.service.impl.UserServiceImpl - ======================================
2026-08-10 09:46:03 [http-nio-8080-exec-10] DEBUG c.p.ehr.service.impl.UserServiceImpl - doSelectOne()
2026-08-10 09:46:03 [http-nio-8080-exec-10] DEBUG c.p.ehr.service.impl.UserServiceImpl - ======================================
2026-08-10 09:46:03 [http-nio-8080-exec-10] DEBUG org.mybatis.spring.SqlSessionUtils - Creating a new SqlSession
2026-08-10 09:46:03 [http-nio-8080-exec-10] DEBUG org.mybatis.spring.SqlSessionUtils - SqlSession [org.apache.ibatis.session.defaults.DefaultSqlSession@3eea79cd] was not registered for synchronization because synchronization is not active
2026-08-10 09:46:03 [http-nio-8080-exec-10] DEBUG o.m.s.t.SpringManagedTransaction - JDBC Connection [HikariProxyConnection@1234159457 wrapping oracle.jdbc.driver.T4CConnection@36f44759] will not be managed by Spring
2026-08-10 09:46:03 [http-nio-8080-exec-10] DEBUG c.p.e.mapper.UserMapper.doSelectOne - ==>  Preparing: SELECT user_id, name, password, login, recommend, email, DECODE(grade,1,'BASIC' ,2,'SILVER' ,3,'GOLD' ) grade, TO_CHAR(reg_dt,'YYYY/MM/DD HH24:MI:SS') reg_dt FROM member WHERE user_id = ?
2026-08-10 09:46:03 [http-nio-8080-exec-10] DEBUG c.p.e.mapper.UserMapper.doSelectOne - ==> Parameters: pcwk1(String)
2026-08-10 09:46:03 [http-nio-8080-exec-10] DEBUG c.p.e.mapper.UserMapper.doSelectOne - <==      Total: 1
2026-08-10 09:46:03 [http-nio-8080-exec-10] DEBUG org.mybatis.spring.SqlSessionUtils - Closing non transactional SqlSession [org.apache.ibatis.session.defaults.DefaultSqlSession@3eea79cd]
2026-08-10 09:46:03 [http-nio-8080-exec-10] DEBUG c.pcwk.ehr.controller.UserController - 2. outVO: UserVO [userId=pcwk1, name=이상무01, password=$2a$12$HBp2ySacblGeTBWYnXCyeu49zWneNkNwg1Nx4YiN0Mea5PoGt1wSi, login=1, recommend=1, email=jamesol1@naver.com, grade=SILVER, regDt=2026/08/10 08:53:41, toString()=DTO [pageNo=0, pageSize=0, no=0, totalCnt=0, searchDiv=null, searchWord=null, searchMap={}, startNo=0, endNo=0, pre=false, next=false]]
2026-08-10 09:46:03 [http-nio-8080-exec-10] DEBUG c.p.e.service.impl.CustomUserDetails - ======================================
2026-08-10 09:46:03 [http-nio-8080-exec-10] DEBUG c.p.e.service.impl.CustomUserDetails - getUsername()
2026-08-10 09:46:03 [http-nio-8080-exec-10] DEBUG c.p.e.service.impl.CustomUserDetails - ======================================
2026-08-10 09:46:03 [http-nio-8080-exec-10] DEBUG c.p.e.service.impl.CustomUserDetails - ======================================
2026-08-10 09:46:03 [http-nio-8080-exec-10] DEBUG c.p.e.service.impl.CustomUserDetails - getUsername()
2026-08-10 09:46:03 [http-nio-8080-exec-10] DEBUG c.p.e.service.impl.CustomUserDetails - ======================================
2026-08-10 09:46:03 [http-nio-8080-exec-9] DEBUG c.p.e.service.impl.CustomUserDetails - ======================================
2026-08-10 09:46:03 [http-nio-8080-exec-8] DEBUG c.p.e.service.impl.CustomUserDetails - ======================================
2026-08-10 09:46:03 [http-nio-8080-exec-8] DEBUG c.p.e.service.impl.CustomUserDetails - getUsername()
2026-08-10 09:46:03 [http-nio-8080-exec-8] DEBUG c.p.e.service.impl.CustomUserDetails - ======================================
2026-08-10 09:46:03 [http-nio-8080-exec-9] DEBUG c.p.e.service.impl.CustomUserDetails - getUsername()
2026-08-10 09:46:03 [http-nio-8080-exec-9] DEBUG c.p.e.service.impl.CustomUserDetails - ======================================
2026-08-10 09:46:03 [http-nio-8080-exec-7] DEBUG c.p.e.service.impl.CustomUserDetails - ======================================
2026-08-10 09:46:03 [http-nio-8080-exec-7] DEBUG c.p.e.service.impl.CustomUserDetails - getUsername()
2026-08-10 09:46:03 [http-nio-8080-exec-7] DEBUG c.p.e.service.impl.CustomUserDetails - ======================================
2026-08-10 09:46:03 [http-nio-8080-exec-6] DEBUG c.p.e.service.impl.CustomUserDetails - ======================================
2026-08-10 09:46:03 [http-nio-8080-exec-6] DEBUG c.p.e.service.impl.CustomUserDetails - getUsername()
2026-08-10 09:46:03 [http-nio-8080-exec-6] DEBUG c.p.e.service.impl.CustomUserDetails - ======================================
2026-08-10 09:46:03 [http-nio-8080-exec-3] DEBUG c.p.e.service.impl.CustomUserDetails - ======================================
2026-08-10 09:46:03 [http-nio-8080-exec-3] DEBUG c.p.e.service.impl.CustomUserDetails - getUsername()
2026-08-10 09:46:03 [http-nio-8080-exec-3] DEBUG c.p.e.service.impl.CustomUserDetails - ======================================
2026-08-10 09:46:03 [http-nio-8080-exec-5] DEBUG c.p.e.service.impl.CustomUserDetails - ======================================
2026-08-10 09:46:03 [http-nio-8080-exec-5] DEBUG c.p.e.service.impl.CustomUserDetails - getUsername()
2026-08-10 09:46:03 [http-nio-8080-exec-5] DEBUG c.p.e.service.impl.CustomUserDetails - ======================================
2026-08-10 09:46:03 [http-nio-8080-exec-5] DEBUG c.p.e.service.impl.CustomUserDetails - ======================================
2026-08-10 09:46:03 [http-nio-8080-exec-5] DEBUG c.p.e.service.impl.CustomUserDetails - getUsername()
2026-08-10 09:46:03 [http-nio-8080-exec-5] DEBUG c.p.e.service.impl.CustomUserDetails - ======================================
2026-08-10 09:46:03 [http-nio-8080-exec-2] DEBUG c.p.e.service.impl.CustomUserDetails - ======================================
2026-08-10 09:46:03 [http-nio-8080-exec-2] DEBUG c.p.e.service.impl.CustomUserDetails - getUsername()
2026-08-10 09:46:03 [http-nio-8080-exec-2] DEBUG c.p.e.service.impl.CustomUserDetails - ======================================
2026-08-10 09:46:03 [http-nio-8080-exec-1] DEBUG c.p.e.service.impl.CustomUserDetails - ======================================
2026-08-10 09:46:03 [http-nio-8080-exec-1] DEBUG c.p.e.service.impl.CustomUserDetails - getUsername()
2026-08-10 09:46:03 [http-nio-8080-exec-1] DEBUG c.p.e.service.impl.CustomUserDetails - ======================================
2026-08-10 09:46:03 [http-nio-8080-exec-2] DEBUG c.p.e.service.impl.CustomUserDetails - ======================================
2026-08-10 09:46:03 [http-nio-8080-exec-2] DEBUG c.p.e.service.impl.CustomUserDetails - getUsername()
2026-08-10 09:46:03 [http-nio-8080-exec-2] DEBUG c.p.e.service.impl.CustomUserDetails - ======================================
2026-08-10 09:46:03 [http-nio-8080-exec-1] DEBUG c.p.e.service.impl.CustomUserDetails - ======================================
2026-08-10 09:46:03 [http-nio-8080-exec-1] DEBUG c.p.e.service.impl.CustomUserDetails - getUsername()
2026-08-10 09:46:03 [http-nio-8080-exec-1] DEBUG c.p.e.service.impl.CustomUserDetails - ======================================
2026-08-10 09:46:04 [http-nio-8080-exec-4] DEBUG c.pcwk.ehr.controller.UserController - ---------------------------
2026-08-10 09:46:04 [http-nio-8080-exec-4] DEBUG c.pcwk.ehr.controller.UserController - doSelectOne()*
2026-08-10 09:46:04 [http-nio-8080-exec-4] DEBUG c.pcwk.ehr.controller.UserController - ---------------------------
2026-08-10 09:46:04 [http-nio-8080-exec-4] DEBUG c.pcwk.ehr.controller.UserController - 1.userId: pcwk1
2026-08-10 09:46:04 [http-nio-8080-exec-4] DEBUG c.pcwk.ehr.controller.UserController - 1.1 param: UserVO [userId=pcwk1, name=null, password=null, login=0, recommend=0, email=null, grade=null, regDt=null, toString()=DTO [pageNo=0, pageSize=0, no=0, totalCnt=0, searchDiv=null, searchWord=null, searchMap={}, startNo=0, endNo=0, pre=false, next=false]]
2026-08-10 09:46:04 [http-nio-8080-exec-4] DEBUG c.p.ehr.service.impl.UserServiceImpl - ======================================
2026-08-10 09:46:04 [http-nio-8080-exec-4] DEBUG c.p.ehr.service.impl.UserServiceImpl - doSelectOne()
2026-08-10 09:46:04 [http-nio-8080-exec-4] DEBUG c.p.ehr.service.impl.UserServiceImpl - ======================================
2026-08-10 09:46:04 [http-nio-8080-exec-4] DEBUG org.mybatis.spring.SqlSessionUtils - Creating a new SqlSession
2026-08-10 09:46:04 [http-nio-8080-exec-4] DEBUG org.mybatis.spring.SqlSessionUtils - SqlSession [org.apache.ibatis.session.defaults.DefaultSqlSession@7c9f3a4a] was not registered for synchronization because synchronization is not active
2026-08-10 09:46:04 [http-nio-8080-exec-4] DEBUG o.m.s.t.SpringManagedTransaction - JDBC Connection [HikariProxyConnection@44817685 wrapping oracle.jdbc.driver.T4CConnection@36f44759] will not be managed by Spring
2026-08-10 09:46:04 [http-nio-8080-exec-4] DEBUG c.p.e.mapper.UserMapper.doSelectOne - ==>  Preparing: SELECT user_id, name, password, login, recommend, email, DECODE(grade,1,'BASIC' ,2,'SILVER' ,3,'GOLD' ) grade, TO_CHAR(reg_dt,'YYYY/MM/DD HH24:MI:SS') reg_dt FROM member WHERE user_id = ?
2026-08-10 09:46:04 [http-nio-8080-exec-4] DEBUG c.p.e.mapper.UserMapper.doSelectOne - ==> Parameters: pcwk1(String)
2026-08-10 09:46:04 [http-nio-8080-exec-4] DEBUG c.p.e.mapper.UserMapper.doSelectOne - <==      Total: 1
2026-08-10 09:46:04 [http-nio-8080-exec-4] DEBUG org.mybatis.spring.SqlSessionUtils - Closing non transactional SqlSession [org.apache.ibatis.session.defaults.DefaultSqlSession@7c9f3a4a]
2026-08-10 09:46:04 [http-nio-8080-exec-4] DEBUG c.pcwk.ehr.controller.UserController - 2. outVO: UserVO [userId=pcwk1, name=이상무01, password=$2a$12$HBp2ySacblGeTBWYnXCyeu49zWneNkNwg1Nx4YiN0Mea5PoGt1wSi, login=1, recommend=1, email=jamesol1@naver.com, grade=SILVER, regDt=2026/08/10 08:53:41, toString()=DTO [pageNo=0, pageSize=0, no=0, totalCnt=0, searchDiv=null, searchWord=null, searchMap={}, startNo=0, endNo=0, pre=false, next=false]]
2026-08-10 09:46:04 [http-nio-8080-exec-4] DEBUG c.p.e.service.impl.CustomUserDetails - ======================================
2026-08-10 09:46:04 [http-nio-8080-exec-4] DEBUG c.p.e.service.impl.CustomUserDetails - getUsername()
2026-08-10 09:46:04 [http-nio-8080-exec-4] DEBUG c.p.e.service.impl.CustomUserDetails - ======================================
2026-08-10 09:46:04 [http-nio-8080-exec-4] DEBUG c.p.e.service.impl.CustomUserDetails - ======================================
2026-08-10 09:46:04 [http-nio-8080-exec-4] DEBUG c.p.e.service.impl.CustomUserDetails - getUsername()
2026-08-10 09:46:04 [http-nio-8080-exec-4] DEBUG c.p.e.service.impl.CustomUserDetails - ======================================
2026-08-10 09:46:04 [http-nio-8080-exec-8] DEBUG c.p.e.service.impl.CustomUserDetails - ======================================
2026-08-10 09:46:04 [http-nio-8080-exec-8] DEBUG c.p.e.service.impl.CustomUserDetails - getUsername()
2026-08-10 09:46:04 [http-nio-8080-exec-8] DEBUG c.p.e.service.impl.CustomUserDetails - ======================================
2026-08-10 09:46:04 [http-nio-8080-exec-10] DEBUG c.p.e.service.impl.CustomUserDetails - ======================================
2026-08-10 09:46:04 [http-nio-8080-exec-10] DEBUG c.p.e.service.impl.CustomUserDetails - getUsername()
2026-08-10 09:46:04 [http-nio-8080-exec-10] DEBUG c.p.e.service.impl.CustomUserDetails - ======================================
2026-08-10 09:46:04 [http-nio-8080-exec-9] DEBUG c.p.e.service.impl.CustomUserDetails - ======================================
2026-08-10 09:46:04 [http-nio-8080-exec-9] DEBUG c.p.e.service.impl.CustomUserDetails - getUsername()
2026-08-10 09:46:04 [http-nio-8080-exec-9] DEBUG c.p.e.service.impl.CustomUserDetails - ======================================
2026-08-10 09:46:04 [http-nio-8080-exec-6] DEBUG c.p.e.service.impl.CustomUserDetails - ======================================
2026-08-10 09:46:04 [http-nio-8080-exec-6] DEBUG c.p.e.service.impl.CustomUserDetails - getUsername()
2026-08-10 09:46:04 [http-nio-8080-exec-6] DEBUG c.p.e.service.impl.CustomUserDetails - ======================================
2026-08-10 09:46:04 [http-nio-8080-exec-7] DEBUG c.p.e.service.impl.CustomUserDetails - ======================================
2026-08-10 09:46:04 [http-nio-8080-exec-7] DEBUG c.p.e.service.impl.CustomUserDetails - getUsername()
2026-08-10 09:46:04 [http-nio-8080-exec-7] DEBUG c.p.e.service.impl.CustomUserDetails - ======================================
2026-08-10 09:46:04 [http-nio-8080-exec-3] DEBUG c.p.e.service.impl.CustomUserDetails - ======================================
2026-08-10 09:46:04 [http-nio-8080-exec-3] DEBUG c.p.e.service.impl.CustomUserDetails - getUsername()
2026-08-10 09:46:04 [http-nio-8080-exec-3] DEBUG c.p.e.service.impl.CustomUserDetails - ======================================
2026-08-10 09:46:04 [http-nio-8080-exec-5] DEBUG c.p.e.service.impl.CustomUserDetails - ======================================
2026-08-10 09:46:04 [http-nio-8080-exec-5] DEBUG c.p.e.service.impl.CustomUserDetails - getUsername()
2026-08-10 09:46:04 [http-nio-8080-exec-5] DEBUG c.p.e.service.impl.CustomUserDetails - ======================================
2026-08-10 09:46:04 [http-nio-8080-exec-3] DEBUG c.p.e.service.impl.CustomUserDetails - ======================================
2026-08-10 09:46:04 [http-nio-8080-exec-3] DEBUG c.p.e.service.impl.CustomUserDetails - getUsername()
2026-08-10 09:46:04 [http-nio-8080-exec-3] DEBUG c.p.e.service.impl.CustomUserDetails - ======================================
2026-08-10 09:46:04 [http-nio-8080-exec-5] DEBUG c.p.e.service.impl.CustomUserDetails - ======================================
2026-08-10 09:46:04 [http-nio-8080-exec-5] DEBUG c.p.e.service.impl.CustomUserDetails - getUsername()
2026-08-10 09:46:04 [http-nio-8080-exec-5] DEBUG c.p.e.service.impl.CustomUserDetails - ======================================
2026-08-10 09:46:04 [http-nio-8080-exec-2] DEBUG c.p.e.service.impl.CustomUserDetails - ======================================
2026-08-10 09:46:04 [http-nio-8080-exec-2] DEBUG c.p.e.service.impl.CustomUserDetails - getUsername()
2026-08-10 09:46:04 [http-nio-8080-exec-2] DEBUG c.p.e.service.impl.CustomUserDetails - ======================================
2026-08-10 09:46:04 [http-nio-8080-exec-2] DEBUG c.p.e.service.impl.CustomUserDetails - ======================================
2026-08-10 09:46:04 [http-nio-8080-exec-2] DEBUG c.p.e.service.impl.CustomUserDetails - getUsername()
2026-08-10 09:46:04 [http-nio-8080-exec-2] DEBUG c.p.e.service.impl.CustomUserDetails - ======================================
2026-08-10 09:46:14 [http-nio-8080-exec-1] DEBUG c.pcwk.ehr.controller.UserController - ---------------------------
2026-08-10 09:46:14 [http-nio-8080-exec-1] DEBUG c.pcwk.ehr.controller.UserController - doSelectOne()*
2026-08-10 09:46:14 [http-nio-8080-exec-1] DEBUG c.pcwk.ehr.controller.UserController - ---------------------------
2026-08-10 09:46:14 [http-nio-8080-exec-1] DEBUG c.pcwk.ehr.controller.UserController - 1.userId: pcwk1
2026-08-10 09:46:14 [http-nio-8080-exec-1] DEBUG c.pcwk.ehr.controller.UserController - 1.1 param: UserVO [userId=pcwk1, name=null, password=null, login=0, recommend=0, email=null, grade=null, regDt=null, toString()=DTO [pageNo=0, pageSize=0, no=0, totalCnt=0, searchDiv=null, searchWord=null, searchMap={}, startNo=0, endNo=0, pre=false, next=false]]
2026-08-10 09:46:14 [http-nio-8080-exec-1] DEBUG c.p.ehr.service.impl.UserServiceImpl - ======================================
2026-08-10 09:46:14 [http-nio-8080-exec-1] DEBUG c.p.ehr.service.impl.UserServiceImpl - doSelectOne()
2026-08-10 09:46:14 [http-nio-8080-exec-1] DEBUG c.p.ehr.service.impl.UserServiceImpl - ======================================
2026-08-10 09:46:14 [http-nio-8080-exec-1] DEBUG org.mybatis.spring.SqlSessionUtils - Creating a new SqlSession
2026-08-10 09:46:14 [http-nio-8080-exec-1] DEBUG org.mybatis.spring.SqlSessionUtils - SqlSession [org.apache.ibatis.session.defaults.DefaultSqlSession@79a47aab] was not registered for synchronization because synchronization is not active
2026-08-10 09:46:14 [http-nio-8080-exec-1] DEBUG o.m.s.t.SpringManagedTransaction - JDBC Connection [HikariProxyConnection@1856814268 wrapping oracle.jdbc.driver.T4CConnection@36f44759] will not be managed by Spring
2026-08-10 09:46:14 [http-nio-8080-exec-1] DEBUG c.p.e.mapper.UserMapper.doSelectOne - ==>  Preparing: SELECT user_id, name, password, login, recommend, email, DECODE(grade,1,'BASIC' ,2,'SILVER' ,3,'GOLD' ) grade, TO_CHAR(reg_dt,'YYYY/MM/DD HH24:MI:SS') reg_dt FROM member WHERE user_id = ?
2026-08-10 09:46:14 [http-nio-8080-exec-1] DEBUG c.p.e.mapper.UserMapper.doSelectOne - ==> Parameters: pcwk1(String)
2026-08-10 09:46:14 [http-nio-8080-exec-1] DEBUG c.p.e.mapper.UserMapper.doSelectOne - <==      Total: 1
2026-08-10 09:46:14 [http-nio-8080-exec-1] DEBUG org.mybatis.spring.SqlSessionUtils - Closing non transactional SqlSession [org.apache.ibatis.session.defaults.DefaultSqlSession@79a47aab]
2026-08-10 09:46:14 [http-nio-8080-exec-1] DEBUG c.pcwk.ehr.controller.UserController - 2. outVO: UserVO [userId=pcwk1, name=이상무01, password=$2a$12$HBp2ySacblGeTBWYnXCyeu49zWneNkNwg1Nx4YiN0Mea5PoGt1wSi, login=1, recommend=1, email=jamesol1@naver.com, grade=SILVER, regDt=2026/08/10 08:53:41, toString()=DTO [pageNo=0, pageSize=0, no=0, totalCnt=0, searchDiv=null, searchWord=null, searchMap={}, startNo=0, endNo=0, pre=false, next=false]]
2026-08-10 09:46:14 [http-nio-8080-exec-1] DEBUG c.p.e.service.impl.CustomUserDetails - ======================================
2026-08-10 09:46:14 [http-nio-8080-exec-1] DEBUG c.p.e.service.impl.CustomUserDetails - getUsername()
2026-08-10 09:46:14 [http-nio-8080-exec-1] DEBUG c.p.e.service.impl.CustomUserDetails - ======================================
2026-08-10 09:46:14 [http-nio-8080-exec-1] DEBUG c.p.e.service.impl.CustomUserDetails - ======================================
2026-08-10 09:46:14 [http-nio-8080-exec-1] DEBUG c.p.e.service.impl.CustomUserDetails - getUsername()
2026-08-10 09:46:14 [http-nio-8080-exec-1] DEBUG c.p.e.service.impl.CustomUserDetails - ======================================
2026-08-10 09:46:14 [http-nio-8080-exec-8] DEBUG c.p.e.service.impl.CustomUserDetails - ======================================
2026-08-10 09:46:14 [http-nio-8080-exec-8] DEBUG c.p.e.service.impl.CustomUserDetails - getUsername()
2026-08-10 09:46:14 [http-nio-8080-exec-8] DEBUG c.p.e.service.impl.CustomUserDetails - ======================================
2026-08-10 09:46:14 [http-nio-8080-exec-10] DEBUG c.p.e.service.impl.CustomUserDetails - ======================================
2026-08-10 09:46:14 [http-nio-8080-exec-10] DEBUG c.p.e.service.impl.CustomUserDetails - getUsername()
2026-08-10 09:46:14 [http-nio-8080-exec-10] DEBUG c.p.e.service.impl.CustomUserDetails - ======================================
2026-08-10 09:46:14 [http-nio-8080-exec-9] DEBUG c.p.e.service.impl.CustomUserDetails - ======================================
2026-08-10 09:46:14 [http-nio-8080-exec-9] DEBUG c.p.e.service.impl.CustomUserDetails - getUsername()
2026-08-10 09:46:14 [http-nio-8080-exec-9] DEBUG c.p.e.service.impl.CustomUserDetails - ======================================
2026-08-10 09:46:14 [http-nio-8080-exec-4] DEBUG c.p.e.service.impl.CustomUserDetails - ======================================
2026-08-10 09:46:14 [http-nio-8080-exec-4] DEBUG c.p.e.service.impl.CustomUserDetails - getUsername()
2026-08-10 09:46:14 [http-nio-8080-exec-4] DEBUG c.p.e.service.impl.CustomUserDetails - ======================================
2026-08-10 09:46:14 [http-nio-8080-exec-6] DEBUG c.p.e.service.impl.CustomUserDetails - ======================================
2026-08-10 09:46:14 [http-nio-8080-exec-6] DEBUG c.p.e.service.impl.CustomUserDetails - getUsername()
2026-08-10 09:46:14 [http-nio-8080-exec-6] DEBUG c.p.e.service.impl.CustomUserDetails - ======================================
2026-08-10 09:46:14 [http-nio-8080-exec-7] DEBUG c.p.e.service.impl.CustomUserDetails - ======================================
2026-08-10 09:46:14 [http-nio-8080-exec-7] DEBUG c.p.e.service.impl.CustomUserDetails - getUsername()
2026-08-10 09:46:14 [http-nio-8080-exec-7] DEBUG c.p.e.service.impl.CustomUserDetails - ======================================
2026-08-10 09:46:14 [http-nio-8080-exec-7] DEBUG c.p.e.service.impl.CustomUserDetails - ======================================
2026-08-10 09:46:14 [http-nio-8080-exec-7] DEBUG c.p.e.service.impl.CustomUserDetails - getUsername()
2026-08-10 09:46:14 [http-nio-8080-exec-7] DEBUG c.p.e.service.impl.CustomUserDetails - ======================================
2026-08-10 09:46:14 [http-nio-8080-exec-5] DEBUG c.p.e.service.impl.CustomUserDetails - ======================================
2026-08-10 09:46:14 [http-nio-8080-exec-5] DEBUG c.p.e.service.impl.CustomUserDetails - getUsername()
2026-08-10 09:46:14 [http-nio-8080-exec-5] DEBUG c.p.e.service.impl.CustomUserDetails - ======================================
2026-08-10 09:46:14 [http-nio-8080-exec-3] DEBUG c.p.e.service.impl.CustomUserDetails - ======================================
2026-08-10 09:46:14 [http-nio-8080-exec-3] DEBUG c.p.e.service.impl.CustomUserDetails - getUsername()
2026-08-10 09:46:14 [http-nio-8080-exec-3] DEBUG c.p.e.service.impl.CustomUserDetails - ======================================
2026-08-10 09:46:14 [http-nio-8080-exec-5] DEBUG c.p.e.service.impl.CustomUserDetails - ======================================
2026-08-10 09:46:14 [http-nio-8080-exec-3] DEBUG c.p.e.service.impl.CustomUserDetails - ======================================
2026-08-10 09:46:14 [http-nio-8080-exec-5] DEBUG c.p.e.service.impl.CustomUserDetails - getUsername()
2026-08-10 09:46:14 [http-nio-8080-exec-3] DEBUG c.p.e.service.impl.CustomUserDetails - getUsername()
2026-08-10 09:46:14 [http-nio-8080-exec-5] DEBUG c.p.e.service.impl.CustomUserDetails - ======================================
2026-08-10 09:46:14 [http-nio-8080-exec-3] DEBUG c.p.e.service.impl.CustomUserDetails - ======================================
2026-08-10 09:46:22 [http-nio-8080-exec-2] DEBUG c.pcwk.ehr.controller.UserController - ---------------------------
2026-08-10 09:46:22 [http-nio-8080-exec-2] DEBUG c.pcwk.ehr.controller.UserController - doSelectOne()*
2026-08-10 09:46:22 [http-nio-8080-exec-2] DEBUG c.pcwk.ehr.controller.UserController - ---------------------------
2026-08-10 09:46:22 [http-nio-8080-exec-2] DEBUG c.pcwk.ehr.controller.UserController - 1.userId: pcwk1
2026-08-10 09:46:22 [http-nio-8080-exec-2] DEBUG c.pcwk.ehr.controller.UserController - 1.1 param: UserVO [userId=pcwk1, name=null, password=null, login=0, recommend=0, email=null, grade=null, regDt=null, toString()=DTO [pageNo=0, pageSize=0, no=0, totalCnt=0, searchDiv=null, searchWord=null, searchMap={}, startNo=0, endNo=0, pre=false, next=false]]
2026-08-10 09:46:22 [http-nio-8080-exec-2] DEBUG c.p.ehr.service.impl.UserServiceImpl - ======================================
2026-08-10 09:46:22 [http-nio-8080-exec-2] DEBUG c.p.ehr.service.impl.UserServiceImpl - doSelectOne()
2026-08-10 09:46:22 [http-nio-8080-exec-2] DEBUG c.p.ehr.service.impl.UserServiceImpl - ======================================
2026-08-10 09:46:22 [http-nio-8080-exec-2] DEBUG org.mybatis.spring.SqlSessionUtils - Creating a new SqlSession
2026-08-10 09:46:22 [http-nio-8080-exec-2] DEBUG org.mybatis.spring.SqlSessionUtils - SqlSession [org.apache.ibatis.session.defaults.DefaultSqlSession@34ae55b0] was not registered for synchronization because synchronization is not active
2026-08-10 09:46:22 [http-nio-8080-exec-2] DEBUG o.m.s.t.SpringManagedTransaction - JDBC Connection [HikariProxyConnection@1720256861 wrapping oracle.jdbc.driver.T4CConnection@36f44759] will not be managed by Spring
2026-08-10 09:46:22 [http-nio-8080-exec-2] DEBUG c.p.e.mapper.UserMapper.doSelectOne - ==>  Preparing: SELECT user_id, name, password, login, recommend, email, DECODE(grade,1,'BASIC' ,2,'SILVER' ,3,'GOLD' ) grade, TO_CHAR(reg_dt,'YYYY/MM/DD HH24:MI:SS') reg_dt FROM member WHERE user_id = ?
2026-08-10 09:46:22 [http-nio-8080-exec-2] DEBUG c.p.e.mapper.UserMapper.doSelectOne - ==> Parameters: pcwk1(String)
2026-08-10 09:46:22 [http-nio-8080-exec-2] DEBUG c.p.e.mapper.UserMapper.doSelectOne - <==      Total: 1
2026-08-10 09:46:22 [http-nio-8080-exec-2] DEBUG org.mybatis.spring.SqlSessionUtils - Closing non transactional SqlSession [org.apache.ibatis.session.defaults.DefaultSqlSession@34ae55b0]
2026-08-10 09:46:22 [http-nio-8080-exec-2] DEBUG c.pcwk.ehr.controller.UserController - 2. outVO: UserVO [userId=pcwk1, name=이상무01, password=$2a$12$HBp2ySacblGeTBWYnXCyeu49zWneNkNwg1Nx4YiN0Mea5PoGt1wSi, login=1, recommend=1, email=jamesol1@naver.com, grade=SILVER, regDt=2026/08/10 08:53:41, toString()=DTO [pageNo=0, pageSize=0, no=0, totalCnt=0, searchDiv=null, searchWord=null, searchMap={}, startNo=0, endNo=0, pre=false, next=false]]
2026-08-10 09:46:22 [http-nio-8080-exec-2] DEBUG c.p.e.service.impl.CustomUserDetails - ======================================
2026-08-10 09:46:22 [http-nio-8080-exec-2] DEBUG c.p.e.service.impl.CustomUserDetails - getUsername()
2026-08-10 09:46:22 [http-nio-8080-exec-2] DEBUG c.p.e.service.impl.CustomUserDetails - ======================================
2026-08-10 09:46:22 [http-nio-8080-exec-2] DEBUG c.p.e.service.impl.CustomUserDetails - ======================================
2026-08-10 09:46:22 [http-nio-8080-exec-2] DEBUG c.p.e.service.impl.CustomUserDetails - getUsername()
2026-08-10 09:46:22 [http-nio-8080-exec-2] DEBUG c.p.e.service.impl.CustomUserDetails - ======================================
2026-08-10 09:46:41 [http-nio-8080-exec-1] DEBUG c.p.e.service.impl.CustomUserDetails - ======================================
2026-08-10 09:46:41 [http-nio-8080-exec-1] DEBUG c.p.e.service.impl.CustomUserDetails - getUsername()
2026-08-10 09:46:41 [http-nio-8080-exec-1] DEBUG c.p.e.service.impl.CustomUserDetails - ======================================
2026-08-10 09:46:41 [http-nio-8080-exec-1] DEBUG c.p.e.service.impl.CustomUserDetails - ======================================
2026-08-10 09:46:41 [http-nio-8080-exec-1] DEBUG c.p.e.service.impl.CustomUserDetails - getUsername()
2026-08-10 09:46:41 [http-nio-8080-exec-1] DEBUG c.p.e.service.impl.CustomUserDetails - ======================================
2026-08-10 09:47:52 [http-nio-8080-exec-4] DEBUG c.pcwk.ehr.controller.UserController - ---------------------------
2026-08-10 09:47:52 [http-nio-8080-exec-4] DEBUG c.pcwk.ehr.controller.UserController - doSelectOne()*
2026-08-10 09:47:52 [http-nio-8080-exec-4] DEBUG c.pcwk.ehr.controller.UserController - ---------------------------
2026-08-10 09:47:52 [http-nio-8080-exec-4] DEBUG c.pcwk.ehr.controller.UserController - 1.userId: pcwk1
2026-08-10 09:47:52 [http-nio-8080-exec-4] DEBUG c.pcwk.ehr.controller.UserController - 1.1 param: UserVO [userId=pcwk1, name=null, password=null, login=0, recommend=0, email=null, grade=null, regDt=null, toString()=DTO [pageNo=0, pageSize=0, no=0, totalCnt=0, searchDiv=null, searchWord=null, searchMap={}, startNo=0, endNo=0, pre=false, next=false]]
2026-08-10 09:47:52 [http-nio-8080-exec-4] DEBUG c.p.ehr.service.impl.UserServiceImpl - ======================================
2026-08-10 09:47:52 [http-nio-8080-exec-4] DEBUG c.p.ehr.service.impl.UserServiceImpl - doSelectOne()
2026-08-10 09:47:52 [http-nio-8080-exec-4] DEBUG c.p.ehr.service.impl.UserServiceImpl - ======================================
2026-08-10 09:47:52 [http-nio-8080-exec-4] DEBUG org.mybatis.spring.SqlSessionUtils - Creating a new SqlSession
2026-08-10 09:47:52 [http-nio-8080-exec-4] DEBUG org.mybatis.spring.SqlSessionUtils - SqlSession [org.apache.ibatis.session.defaults.DefaultSqlSession@2029bc79] was not registered for synchronization because synchronization is not active
2026-08-10 09:47:52 [http-nio-8080-exec-4] DEBUG o.m.s.t.SpringManagedTransaction - JDBC Connection [HikariProxyConnection@1500492407 wrapping oracle.jdbc.driver.T4CConnection@36f44759] will not be managed by Spring
2026-08-10 09:47:52 [http-nio-8080-exec-4] DEBUG c.p.e.mapper.UserMapper.doSelectOne - ==>  Preparing: SELECT user_id, name, password, login, recommend, email, DECODE(grade,1,'BASIC' ,2,'SILVER' ,3,'GOLD' ) grade, TO_CHAR(reg_dt,'YYYY/MM/DD HH24:MI:SS') reg_dt FROM member WHERE user_id = ?
2026-08-10 09:47:52 [http-nio-8080-exec-4] DEBUG c.p.e.mapper.UserMapper.doSelectOne - ==> Parameters: pcwk1(String)
2026-08-10 09:47:52 [http-nio-8080-exec-4] DEBUG c.p.e.mapper.UserMapper.doSelectOne - <==      Total: 1
2026-08-10 09:47:52 [http-nio-8080-exec-4] DEBUG org.mybatis.spring.SqlSessionUtils - Closing non transactional SqlSession [org.apache.ibatis.session.defaults.DefaultSqlSession@2029bc79]
2026-08-10 09:47:52 [http-nio-8080-exec-4] DEBUG c.pcwk.ehr.controller.UserController - 2. outVO: UserVO [userId=pcwk1, name=이상무01, password=$2a$12$HBp2ySacblGeTBWYnXCyeu49zWneNkNwg1Nx4YiN0Mea5PoGt1wSi, login=1, recommend=1, email=jamesol1@naver.com, grade=SILVER, regDt=2026/08/10 08:53:41, toString()=DTO [pageNo=0, pageSize=0, no=0, totalCnt=0, searchDiv=null, searchWord=null, searchMap={}, startNo=0, endNo=0, pre=false, next=false]]
2026-08-10 09:47:52 [http-nio-8080-exec-4] DEBUG c.p.e.service.impl.CustomUserDetails - ======================================
2026-08-10 09:47:52 [http-nio-8080-exec-4] DEBUG c.p.e.service.impl.CustomUserDetails - getUsername()
2026-08-10 09:47:52 [http-nio-8080-exec-4] DEBUG c.p.e.service.impl.CustomUserDetails - ======================================
2026-08-10 09:47:52 [http-nio-8080-exec-4] DEBUG c.p.e.service.impl.CustomUserDetails - ======================================
2026-08-10 09:47:52 [http-nio-8080-exec-4] DEBUG c.p.e.service.impl.CustomUserDetails - getUsername()
2026-08-10 09:47:52 [http-nio-8080-exec-4] DEBUG c.p.e.service.impl.CustomUserDetails - ======================================
2026-08-10 09:47:52 [http-nio-8080-exec-7] DEBUG c.p.e.service.impl.CustomUserDetails - ======================================
2026-08-10 09:47:52 [http-nio-8080-exec-7] DEBUG c.p.e.service.impl.CustomUserDetails - getUsername()
2026-08-10 09:47:52 [http-nio-8080-exec-7] DEBUG c.p.e.service.impl.CustomUserDetails - ======================================
2026-08-10 09:47:52 [http-nio-8080-exec-3] DEBUG c.p.e.service.impl.CustomUserDetails - ======================================
2026-08-10 09:47:52 [http-nio-8080-exec-3] DEBUG c.p.e.service.impl.CustomUserDetails - getUsername()
2026-08-10 09:47:52 [http-nio-8080-exec-3] DEBUG c.p.e.service.impl.CustomUserDetails - ======================================
2026-08-10 09:47:52 [http-nio-8080-exec-5] DEBUG c.p.e.service.impl.CustomUserDetails - ======================================
2026-08-10 09:47:52 [http-nio-8080-exec-6] DEBUG c.p.e.service.impl.CustomUserDetails - ======================================
2026-08-10 09:47:52 [http-nio-8080-exec-6] DEBUG c.p.e.service.impl.CustomUserDetails - getUsername()
2026-08-10 09:47:52 [http-nio-8080-exec-5] DEBUG c.p.e.service.impl.CustomUserDetails - getUsername()
2026-08-10 09:47:52 [http-nio-8080-exec-6] DEBUG c.p.e.service.impl.CustomUserDetails - ======================================
2026-08-10 09:47:52 [http-nio-8080-exec-5] DEBUG c.p.e.service.impl.CustomUserDetails - ======================================
2026-08-10 09:47:52 [http-nio-8080-exec-2] DEBUG c.p.e.service.impl.CustomUserDetails - ======================================
2026-08-10 09:47:52 [http-nio-8080-exec-2] DEBUG c.p.e.service.impl.CustomUserDetails - getUsername()
2026-08-10 09:47:52 [http-nio-8080-exec-2] DEBUG c.p.e.service.impl.CustomUserDetails - ======================================
2026-08-10 09:47:52 [http-nio-8080-exec-1] DEBUG c.p.e.service.impl.CustomUserDetails - ======================================
2026-08-10 09:47:52 [http-nio-8080-exec-1] DEBUG c.p.e.service.impl.CustomUserDetails - getUsername()
2026-08-10 09:47:52 [http-nio-8080-exec-1] DEBUG c.p.e.service.impl.CustomUserDetails - ======================================
2026-08-10 09:47:52 [http-nio-8080-exec-1] DEBUG c.p.e.service.impl.CustomUserDetails - ======================================
2026-08-10 09:47:52 [http-nio-8080-exec-1] DEBUG c.p.e.service.impl.CustomUserDetails - getUsername()
2026-08-10 09:47:52 [http-nio-8080-exec-1] DEBUG c.p.e.service.impl.CustomUserDetails - ======================================
2026-08-10 09:47:52 [http-nio-8080-exec-8] DEBUG c.p.e.service.impl.CustomUserDetails - ======================================
2026-08-10 09:47:52 [http-nio-8080-exec-8] DEBUG c.p.e.service.impl.CustomUserDetails - getUsername()
2026-08-10 09:47:52 [http-nio-8080-exec-8] DEBUG c.p.e.service.impl.CustomUserDetails - ======================================
2026-08-10 09:47:52 [http-nio-8080-exec-9] DEBUG c.p.e.service.impl.CustomUserDetails - ======================================
2026-08-10 09:47:52 [http-nio-8080-exec-9] DEBUG c.p.e.service.impl.CustomUserDetails - getUsername()
2026-08-10 09:47:52 [http-nio-8080-exec-9] DEBUG c.p.e.service.impl.CustomUserDetails - ======================================
2026-08-10 09:47:52 [http-nio-8080-exec-8] DEBUG c.p.e.service.impl.CustomUserDetails - ======================================
2026-08-10 09:47:52 [http-nio-8080-exec-8] DEBUG c.p.e.service.impl.CustomUserDetails - getUsername()
2026-08-10 09:47:52 [http-nio-8080-exec-8] DEBUG c.p.e.service.impl.CustomUserDetails - ======================================
2026-08-10 09:47:52 [http-nio-8080-exec-9] DEBUG c.p.e.service.impl.CustomUserDetails - ======================================
2026-08-10 09:47:52 [http-nio-8080-exec-9] DEBUG c.p.e.service.impl.CustomUserDetails - getUsername()
2026-08-10 09:47:52 [http-nio-8080-exec-9] DEBUG c.p.e.service.impl.CustomUserDetails - ======================================
2026-08-10 09:48:54 [http-nio-8080-exec-4] DEBUG c.pcwk.ehr.controller.UserController - ---------------------------
2026-08-10 09:48:54 [http-nio-8080-exec-4] DEBUG c.pcwk.ehr.controller.UserController - doSelectOne()*
2026-08-10 09:48:54 [http-nio-8080-exec-4] DEBUG c.pcwk.ehr.controller.UserController - ---------------------------
2026-08-10 09:48:54 [http-nio-8080-exec-4] DEBUG c.pcwk.ehr.controller.UserController - 1.userId: pcwk1
2026-08-10 09:48:54 [http-nio-8080-exec-4] DEBUG c.pcwk.ehr.controller.UserController - 1.1 param: UserVO [userId=pcwk1, name=null, password=null, login=0, recommend=0, email=null, grade=null, regDt=null, toString()=DTO [pageNo=0, pageSize=0, no=0, totalCnt=0, searchDiv=null, searchWord=null, searchMap={}, startNo=0, endNo=0, pre=false, next=false]]
2026-08-10 09:48:54 [http-nio-8080-exec-4] DEBUG c.p.ehr.service.impl.UserServiceImpl - ======================================
2026-08-10 09:48:54 [http-nio-8080-exec-4] DEBUG c.p.ehr.service.impl.UserServiceImpl - doSelectOne()
2026-08-10 09:48:54 [http-nio-8080-exec-4] DEBUG c.p.ehr.service.impl.UserServiceImpl - ======================================
2026-08-10 09:48:54 [http-nio-8080-exec-4] DEBUG org.mybatis.spring.SqlSessionUtils - Creating a new SqlSession
2026-08-10 09:48:54 [http-nio-8080-exec-4] DEBUG org.mybatis.spring.SqlSessionUtils - SqlSession [org.apache.ibatis.session.defaults.DefaultSqlSession@238befe4] was not registered for synchronization because synchronization is not active
2026-08-10 09:48:54 [http-nio-8080-exec-4] DEBUG o.m.s.t.SpringManagedTransaction - JDBC Connection [HikariProxyConnection@1136929953 wrapping oracle.jdbc.driver.T4CConnection@36f44759] will not be managed by Spring
2026-08-10 09:48:54 [http-nio-8080-exec-4] DEBUG c.p.e.mapper.UserMapper.doSelectOne - ==>  Preparing: SELECT user_id, name, password, login, recommend, email, DECODE(grade,1,'BASIC' ,2,'SILVER' ,3,'GOLD' ) grade, TO_CHAR(reg_dt,'YYYY/MM/DD HH24:MI:SS') reg_dt FROM member WHERE user_id = ?
2026-08-10 09:48:54 [http-nio-8080-exec-4] DEBUG c.p.e.mapper.UserMapper.doSelectOne - ==> Parameters: pcwk1(String)
2026-08-10 09:48:54 [http-nio-8080-exec-4] DEBUG c.p.e.mapper.UserMapper.doSelectOne - <==      Total: 1
2026-08-10 09:48:54 [http-nio-8080-exec-4] DEBUG org.mybatis.spring.SqlSessionUtils - Closing non transactional SqlSession [org.apache.ibatis.session.defaults.DefaultSqlSession@238befe4]
2026-08-10 09:48:54 [http-nio-8080-exec-4] DEBUG c.pcwk.ehr.controller.UserController - 2. outVO: UserVO [userId=pcwk1, name=이상무01, password=$2a$12$HBp2ySacblGeTBWYnXCyeu49zWneNkNwg1Nx4YiN0Mea5PoGt1wSi, login=1, recommend=1, email=jamesol1@naver.com, grade=SILVER, regDt=2026/08/10 08:53:41, toString()=DTO [pageNo=0, pageSize=0, no=0, totalCnt=0, searchDiv=null, searchWord=null, searchMap={}, startNo=0, endNo=0, pre=false, next=false]]
2026-08-10 09:48:54 [http-nio-8080-exec-4] DEBUG c.p.e.service.impl.CustomUserDetails - ======================================
2026-08-10 09:48:54 [http-nio-8080-exec-4] DEBUG c.p.e.service.impl.CustomUserDetails - getUsername()
2026-08-10 09:48:54 [http-nio-8080-exec-4] DEBUG c.p.e.service.impl.CustomUserDetails - ======================================
2026-08-10 09:48:54 [http-nio-8080-exec-4] DEBUG c.p.e.service.impl.CustomUserDetails - ======================================
2026-08-10 09:48:54 [http-nio-8080-exec-4] DEBUG c.p.e.service.impl.CustomUserDetails - getUsername()
2026-08-10 09:48:54 [http-nio-8080-exec-4] DEBUG c.p.e.service.impl.CustomUserDetails - ======================================
2026-08-10 09:48:54 [http-nio-8080-exec-5] DEBUG c.p.e.service.impl.CustomUserDetails - ======================================
2026-08-10 09:48:54 [http-nio-8080-exec-3] DEBUG c.p.e.service.impl.CustomUserDetails - ======================================
2026-08-10 09:48:54 [http-nio-8080-exec-3] DEBUG c.p.e.service.impl.CustomUserDetails - getUsername()
2026-08-10 09:48:54 [http-nio-8080-exec-5] DEBUG c.p.e.service.impl.CustomUserDetails - getUsername()
2026-08-10 09:48:54 [http-nio-8080-exec-5] DEBUG c.p.e.service.impl.CustomUserDetails - ======================================
2026-08-10 09:48:54 [http-nio-8080-exec-3] DEBUG c.p.e.service.impl.CustomUserDetails - ======================================
2026-08-10 09:48:54 [http-nio-8080-exec-6] DEBUG c.p.e.service.impl.CustomUserDetails - ======================================
2026-08-10 09:48:54 [http-nio-8080-exec-6] DEBUG c.p.e.service.impl.CustomUserDetails - getUsername()
2026-08-10 09:48:54 [http-nio-8080-exec-6] DEBUG c.p.e.service.impl.CustomUserDetails - ======================================
2026-08-10 09:48:54 [http-nio-8080-exec-7] DEBUG c.p.e.service.impl.CustomUserDetails - ======================================
2026-08-10 09:48:54 [http-nio-8080-exec-7] DEBUG c.p.e.service.impl.CustomUserDetails - getUsername()
2026-08-10 09:48:54 [http-nio-8080-exec-7] DEBUG c.p.e.service.impl.CustomUserDetails - ======================================
2026-08-10 09:48:54 [http-nio-8080-exec-2] DEBUG c.p.e.service.impl.CustomUserDetails - ======================================
2026-08-10 09:48:54 [http-nio-8080-exec-2] DEBUG c.p.e.service.impl.CustomUserDetails - getUsername()
2026-08-10 09:48:54 [http-nio-8080-exec-1] DEBUG c.p.e.service.impl.CustomUserDetails - ======================================
2026-08-10 09:48:54 [http-nio-8080-exec-2] DEBUG c.p.e.service.impl.CustomUserDetails - ======================================
2026-08-10 09:48:54 [http-nio-8080-exec-1] DEBUG c.p.e.service.impl.CustomUserDetails - getUsername()
2026-08-10 09:48:54 [http-nio-8080-exec-1] DEBUG c.p.e.service.impl.CustomUserDetails - ======================================
2026-08-10 09:48:54 [http-nio-8080-exec-2] DEBUG c.p.e.service.impl.CustomUserDetails - ======================================
2026-08-10 09:48:54 [http-nio-8080-exec-2] DEBUG c.p.e.service.impl.CustomUserDetails - getUsername()
2026-08-10 09:48:54 [http-nio-8080-exec-2] DEBUG c.p.e.service.impl.CustomUserDetails - ======================================
2026-08-10 09:48:54 [http-nio-8080-exec-8] DEBUG c.p.e.service.impl.CustomUserDetails - ======================================
2026-08-10 09:48:54 [http-nio-8080-exec-8] DEBUG c.p.e.service.impl.CustomUserDetails - getUsername()
2026-08-10 09:48:54 [http-nio-8080-exec-8] DEBUG c.p.e.service.impl.CustomUserDetails - ======================================
2026-08-10 09:48:54 [http-nio-8080-exec-8] DEBUG c.p.e.service.impl.CustomUserDetails - ======================================
2026-08-10 09:48:54 [http-nio-8080-exec-8] DEBUG c.p.e.service.impl.CustomUserDetails - getUsername()
2026-08-10 09:48:54 [http-nio-8080-exec-8] DEBUG c.p.e.service.impl.CustomUserDetails - ======================================
2026-08-10 09:48:54 [http-nio-8080-exec-9] DEBUG c.p.e.service.impl.CustomUserDetails - ======================================
2026-08-10 09:48:54 [http-nio-8080-exec-9] DEBUG c.p.e.service.impl.CustomUserDetails - getUsername()
2026-08-10 09:48:54 [http-nio-8080-exec-9] DEBUG c.p.e.service.impl.CustomUserDetails - ======================================
2026-08-10 09:48:54 [http-nio-8080-exec-9] DEBUG c.p.e.service.impl.CustomUserDetails - ======================================
2026-08-10 09:48:54 [http-nio-8080-exec-9] DEBUG c.p.e.service.impl.CustomUserDetails - getUsername()
2026-08-10 09:48:54 [http-nio-8080-exec-9] DEBUG c.p.e.service.impl.CustomUserDetails - ======================================
2026-08-10 10:03:35 [http-nio-8080-exec-6] DEBUG c.pcwk.ehr.controller.UserController - ---------------------------
2026-08-10 10:03:35 [http-nio-8080-exec-6] DEBUG c.pcwk.ehr.controller.UserController - doSelectOne()*
2026-08-10 10:03:35 [http-nio-8080-exec-6] DEBUG c.pcwk.ehr.controller.UserController - ---------------------------
2026-08-10 10:03:35 [http-nio-8080-exec-6] DEBUG c.pcwk.ehr.controller.UserController - 1.userId: pcwk1
2026-08-10 10:03:35 [http-nio-8080-exec-6] DEBUG c.pcwk.ehr.controller.UserController - 1.1 param: UserVO [userId=pcwk1, name=null, password=null, login=0, recommend=0, email=null, grade=null, regDt=null, toString()=DTO [pageNo=0, pageSize=0, no=0, totalCnt=0, searchDiv=null, searchWord=null, searchMap={}, startNo=0, endNo=0, pre=false, next=false]]
2026-08-10 10:03:35 [http-nio-8080-exec-6] DEBUG c.p.ehr.service.impl.UserServiceImpl - ======================================
2026-08-10 10:03:35 [http-nio-8080-exec-6] DEBUG c.p.ehr.service.impl.UserServiceImpl - doSelectOne()
2026-08-10 10:03:35 [http-nio-8080-exec-6] DEBUG c.p.ehr.service.impl.UserServiceImpl - ======================================
2026-08-10 10:03:35 [http-nio-8080-exec-6] DEBUG org.mybatis.spring.SqlSessionUtils - Creating a new SqlSession
2026-08-10 10:03:35 [http-nio-8080-exec-6] DEBUG org.mybatis.spring.SqlSessionUtils - SqlSession [org.apache.ibatis.session.defaults.DefaultSqlSession@25134a64] was not registered for synchronization because synchronization is not active
2026-08-10 10:03:35 [http-nio-8080-exec-6] DEBUG o.m.s.t.SpringManagedTransaction - JDBC Connection [HikariProxyConnection@1316487322 wrapping oracle.jdbc.driver.T4CConnection@22b5a70f] will not be managed by Spring
2026-08-10 10:03:35 [http-nio-8080-exec-6] DEBUG c.p.e.mapper.UserMapper.doSelectOne - ==>  Preparing: SELECT user_id, name, password, login, recommend, email, DECODE(grade,1,'BASIC' ,2,'SILVER' ,3,'GOLD' ) grade, TO_CHAR(reg_dt,'YYYY/MM/DD HH24:MI:SS') reg_dt FROM member WHERE user_id = ?
2026-08-10 10:03:35 [http-nio-8080-exec-6] DEBUG c.p.e.mapper.UserMapper.doSelectOne - ==> Parameters: pcwk1(String)
2026-08-10 10:03:35 [http-nio-8080-exec-6] DEBUG c.p.e.mapper.UserMapper.doSelectOne - <==      Total: 1
2026-08-10 10:03:35 [http-nio-8080-exec-6] DEBUG org.mybatis.spring.SqlSessionUtils - Closing non transactional SqlSession [org.apache.ibatis.session.defaults.DefaultSqlSession@25134a64]
2026-08-10 10:03:35 [http-nio-8080-exec-6] DEBUG c.pcwk.ehr.controller.UserController - 2. outVO: UserVO [userId=pcwk1, name=이상무01, password=$2a$12$HBp2ySacblGeTBWYnXCyeu49zWneNkNwg1Nx4YiN0Mea5PoGt1wSi, login=1, recommend=1, email=jamesol1@naver.com, grade=SILVER, regDt=2026/08/10 08:53:41, toString()=DTO [pageNo=0, pageSize=0, no=0, totalCnt=0, searchDiv=null, searchWord=null, searchMap={}, startNo=0, endNo=0, pre=false, next=false]]
2026-08-10 10:03:35 [http-nio-8080-exec-6] DEBUG c.p.e.service.impl.CustomUserDetails - ======================================
2026-08-10 10:03:35 [http-nio-8080-exec-6] DEBUG c.p.e.service.impl.CustomUserDetails - getUsername()
2026-08-10 10:03:35 [http-nio-8080-exec-6] DEBUG c.p.e.service.impl.CustomUserDetails - ======================================
2026-08-10 10:03:35 [http-nio-8080-exec-6] DEBUG c.p.e.service.impl.CustomUserDetails - ======================================
2026-08-10 10:03:35 [http-nio-8080-exec-6] DEBUG c.p.e.service.impl.CustomUserDetails - getUsername()
2026-08-10 10:03:35 [http-nio-8080-exec-6] DEBUG c.p.e.service.impl.CustomUserDetails - ======================================
2026-08-10 10:03:35 [http-nio-8080-exec-2] DEBUG c.p.e.service.impl.CustomUserDetails - ======================================
2026-08-10 10:03:35 [http-nio-8080-exec-2] DEBUG c.p.e.service.impl.CustomUserDetails - getUsername()
2026-08-10 10:03:35 [http-nio-8080-exec-2] DEBUG c.p.e.service.impl.CustomUserDetails - ======================================
2026-08-10 10:03:35 [http-nio-8080-exec-1] DEBUG c.p.e.service.impl.CustomUserDetails - ======================================
2026-08-10 10:03:35 [http-nio-8080-exec-1] DEBUG c.p.e.service.impl.CustomUserDetails - getUsername()
2026-08-10 10:03:35 [http-nio-8080-exec-1] DEBUG c.p.e.service.impl.CustomUserDetails - ======================================
2026-08-10 10:03:35 [http-nio-8080-exec-7] DEBUG c.p.e.service.impl.CustomUserDetails - ======================================
2026-08-10 10:03:35 [http-nio-8080-exec-7] DEBUG c.p.e.service.impl.CustomUserDetails - getUsername()
2026-08-10 10:03:35 [http-nio-8080-exec-7] DEBUG c.p.e.service.impl.CustomUserDetails - ======================================
2026-08-10 10:03:35 [http-nio-8080-exec-8] DEBUG c.p.e.service.impl.CustomUserDetails - ======================================
2026-08-10 10:03:35 [http-nio-8080-exec-8] DEBUG c.p.e.service.impl.CustomUserDetails - getUsername()
2026-08-10 10:03:35 [http-nio-8080-exec-8] DEBUG c.p.e.service.impl.CustomUserDetails - ======================================
2026-08-10 10:03:35 [http-nio-8080-exec-10] DEBUG c.p.e.service.impl.CustomUserDetails - ======================================
2026-08-10 10:03:35 [http-nio-8080-exec-10] DEBUG c.p.e.service.impl.CustomUserDetails - getUsername()
2026-08-10 10:03:35 [http-nio-8080-exec-10] DEBUG c.p.e.service.impl.CustomUserDetails - ======================================
2026-08-10 10:03:35 [http-nio-8080-exec-9] DEBUG c.p.e.service.impl.CustomUserDetails - ======================================
2026-08-10 10:03:35 [http-nio-8080-exec-9] DEBUG c.p.e.service.impl.CustomUserDetails - getUsername()
2026-08-10 10:03:35 [http-nio-8080-exec-9] DEBUG c.p.e.service.impl.CustomUserDetails - ======================================
2026-08-10 10:03:35 [http-nio-8080-exec-9] DEBUG c.p.e.service.impl.CustomUserDetails - ======================================
2026-08-10 10:03:35 [http-nio-8080-exec-9] DEBUG c.p.e.service.impl.CustomUserDetails - getUsername()
2026-08-10 10:03:35 [http-nio-8080-exec-9] DEBUG c.p.e.service.impl.CustomUserDetails - ======================================
2026-08-10 10:03:35 [http-nio-8080-exec-4] DEBUG c.p.e.service.impl.CustomUserDetails - ======================================
2026-08-10 10:03:35 [http-nio-8080-exec-4] DEBUG c.p.e.service.impl.CustomUserDetails - getUsername()
2026-08-10 10:03:35 [http-nio-8080-exec-4] DEBUG c.p.e.service.impl.CustomUserDetails - ======================================
2026-08-10 10:03:35 [http-nio-8080-exec-4] DEBUG c.p.e.service.impl.CustomUserDetails - ======================================
2026-08-10 10:03:35 [http-nio-8080-exec-4] DEBUG c.p.e.service.impl.CustomUserDetails - getUsername()
2026-08-10 10:03:35 [http-nio-8080-exec-4] DEBUG c.p.e.service.impl.CustomUserDetails - ======================================
2026-08-10 10:03:35 [http-nio-8080-exec-3] DEBUG c.p.e.service.impl.CustomUserDetails - ======================================
2026-08-10 10:03:35 [http-nio-8080-exec-3] DEBUG c.p.e.service.impl.CustomUserDetails - getUsername()
2026-08-10 10:03:35 [http-nio-8080-exec-3] DEBUG c.p.e.service.impl.CustomUserDetails - ======================================
2026-08-10 10:03:35 [http-nio-8080-exec-3] DEBUG c.p.e.service.impl.CustomUserDetails - ======================================
2026-08-10 10:03:35 [http-nio-8080-exec-3] DEBUG c.p.e.service.impl.CustomUserDetails - getUsername()
2026-08-10 10:03:35 [http-nio-8080-exec-3] DEBUG c.p.e.service.impl.CustomUserDetails - ======================================
2026-08-10 10:03:39 [http-nio-8080-exec-5] DEBUG c.pcwk.ehr.controller.UserController - ---------------------------
2026-08-10 10:03:39 [http-nio-8080-exec-5] DEBUG c.pcwk.ehr.controller.UserController - doSelectOne()*
2026-08-10 10:03:39 [http-nio-8080-exec-5] DEBUG c.pcwk.ehr.controller.UserController - ---------------------------
2026-08-10 10:03:39 [http-nio-8080-exec-5] DEBUG c.pcwk.ehr.controller.UserController - 1.userId: pcwk1
2026-08-10 10:03:39 [http-nio-8080-exec-5] DEBUG c.pcwk.ehr.controller.UserController - 1.1 param: UserVO [userId=pcwk1, name=null, password=null, login=0, recommend=0, email=null, grade=null, regDt=null, toString()=DTO [pageNo=0, pageSize=0, no=0, totalCnt=0, searchDiv=null, searchWord=null, searchMap={}, startNo=0, endNo=0, pre=false, next=false]]
2026-08-10 10:03:39 [http-nio-8080-exec-5] DEBUG c.p.ehr.service.impl.UserServiceImpl - ======================================
2026-08-10 10:03:39 [http-nio-8080-exec-5] DEBUG c.p.ehr.service.impl.UserServiceImpl - doSelectOne()
2026-08-10 10:03:39 [http-nio-8080-exec-5] DEBUG c.p.ehr.service.impl.UserServiceImpl - ======================================
2026-08-10 10:03:39 [http-nio-8080-exec-5] DEBUG org.mybatis.spring.SqlSessionUtils - Creating a new SqlSession
2026-08-10 10:03:39 [http-nio-8080-exec-5] DEBUG org.mybatis.spring.SqlSessionUtils - SqlSession [org.apache.ibatis.session.defaults.DefaultSqlSession@30bead1b] was not registered for synchronization because synchronization is not active
2026-08-10 10:03:39 [http-nio-8080-exec-5] DEBUG o.m.s.t.SpringManagedTransaction - JDBC Connection [HikariProxyConnection@2004703590 wrapping oracle.jdbc.driver.T4CConnection@22b5a70f] will not be managed by Spring
2026-08-10 10:03:39 [http-nio-8080-exec-5] DEBUG c.p.e.mapper.UserMapper.doSelectOne - ==>  Preparing: SELECT user_id, name, password, login, recommend, email, DECODE(grade,1,'BASIC' ,2,'SILVER' ,3,'GOLD' ) grade, TO_CHAR(reg_dt,'YYYY/MM/DD HH24:MI:SS') reg_dt FROM member WHERE user_id = ?
2026-08-10 10:03:39 [http-nio-8080-exec-5] DEBUG c.p.e.mapper.UserMapper.doSelectOne - ==> Parameters: pcwk1(String)
2026-08-10 10:03:39 [http-nio-8080-exec-5] DEBUG c.p.e.mapper.UserMapper.doSelectOne - <==      Total: 1
2026-08-10 10:03:39 [http-nio-8080-exec-5] DEBUG org.mybatis.spring.SqlSessionUtils - Closing non transactional SqlSession [org.apache.ibatis.session.defaults.DefaultSqlSession@30bead1b]
2026-08-10 10:03:39 [http-nio-8080-exec-5] DEBUG c.pcwk.ehr.controller.UserController - 2. outVO: UserVO [userId=pcwk1, name=이상무01, password=$2a$12$HBp2ySacblGeTBWYnXCyeu49zWneNkNwg1Nx4YiN0Mea5PoGt1wSi, login=1, recommend=1, email=jamesol1@naver.com, grade=SILVER, regDt=2026/08/10 08:53:41, toString()=DTO [pageNo=0, pageSize=0, no=0, totalCnt=0, searchDiv=null, searchWord=null, searchMap={}, startNo=0, endNo=0, pre=false, next=false]]
2026-08-10 10:03:39 [http-nio-8080-exec-5] DEBUG c.p.e.service.impl.CustomUserDetails - ======================================
2026-08-10 10:03:39 [http-nio-8080-exec-5] DEBUG c.p.e.service.impl.CustomUserDetails - getUsername()
2026-08-10 10:03:39 [http-nio-8080-exec-5] DEBUG c.p.e.service.impl.CustomUserDetails - ======================================
2026-08-10 10:03:39 [http-nio-8080-exec-5] DEBUG c.p.e.service.impl.CustomUserDetails - ======================================
2026-08-10 10:03:39 [http-nio-8080-exec-5] DEBUG c.p.e.service.impl.CustomUserDetails - getUsername()
2026-08-10 10:03:39 [http-nio-8080-exec-5] DEBUG c.p.e.service.impl.CustomUserDetails - ======================================
2026-08-10 10:03:39 [http-nio-8080-exec-8] DEBUG c.p.e.service.impl.CustomUserDetails - ======================================
2026-08-10 10:03:39 [http-nio-8080-exec-8] DEBUG c.p.e.service.impl.CustomUserDetails - getUsername()
2026-08-10 10:03:39 [http-nio-8080-exec-1] DEBUG c.p.e.service.impl.CustomUserDetails - ======================================
2026-08-10 10:03:39 [http-nio-8080-exec-1] DEBUG c.p.e.service.impl.CustomUserDetails - getUsername()
2026-08-10 10:03:39 [http-nio-8080-exec-1] DEBUG c.p.e.service.impl.CustomUserDetails - ======================================
2026-08-10 10:03:39 [http-nio-8080-exec-2] DEBUG c.p.e.service.impl.CustomUserDetails - ======================================
2026-08-10 10:03:39 [http-nio-8080-exec-2] DEBUG c.p.e.service.impl.CustomUserDetails - getUsername()
2026-08-10 10:03:39 [http-nio-8080-exec-2] DEBUG c.p.e.service.impl.CustomUserDetails - ======================================
2026-08-10 10:03:39 [http-nio-8080-exec-6] DEBUG c.p.e.service.impl.CustomUserDetails - ======================================
2026-08-10 10:03:39 [http-nio-8080-exec-8] DEBUG c.p.e.service.impl.CustomUserDetails - ======================================
2026-08-10 10:03:39 [http-nio-8080-exec-6] DEBUG c.p.e.service.impl.CustomUserDetails - getUsername()
2026-08-10 10:03:39 [http-nio-8080-exec-6] DEBUG c.p.e.service.impl.CustomUserDetails - ======================================
2026-08-10 10:03:39 [http-nio-8080-exec-7] DEBUG c.p.e.service.impl.CustomUserDetails - ======================================
2026-08-10 10:03:39 [http-nio-8080-exec-7] DEBUG c.p.e.service.impl.CustomUserDetails - getUsername()
2026-08-10 10:03:39 [http-nio-8080-exec-7] DEBUG c.p.e.service.impl.CustomUserDetails - ======================================
2026-08-10 10:03:39 [http-nio-8080-exec-10] DEBUG c.p.e.service.impl.CustomUserDetails - ======================================
2026-08-10 10:03:39 [http-nio-8080-exec-10] DEBUG c.p.e.service.impl.CustomUserDetails - getUsername()
2026-08-10 10:03:39 [http-nio-8080-exec-10] DEBUG c.p.e.service.impl.CustomUserDetails - ======================================
2026-08-10 10:03:39 [http-nio-8080-exec-7] DEBUG c.p.e.service.impl.CustomUserDetails - ======================================
2026-08-10 10:03:39 [http-nio-8080-exec-7] DEBUG c.p.e.service.impl.CustomUserDetails - getUsername()
2026-08-10 10:03:39 [http-nio-8080-exec-7] DEBUG c.p.e.service.impl.CustomUserDetails - ======================================
2026-08-10 10:03:39 [http-nio-8080-exec-9] DEBUG c.p.e.service.impl.CustomUserDetails - ======================================
2026-08-10 10:03:39 [http-nio-8080-exec-9] DEBUG c.p.e.service.impl.CustomUserDetails - getUsername()
2026-08-10 10:03:39 [http-nio-8080-exec-9] DEBUG c.p.e.service.impl.CustomUserDetails - ======================================
2026-08-10 10:03:39 [http-nio-8080-exec-4] DEBUG c.p.e.service.impl.CustomUserDetails - ======================================
2026-08-10 10:03:39 [http-nio-8080-exec-4] DEBUG c.p.e.service.impl.CustomUserDetails - getUsername()
2026-08-10 10:03:39 [http-nio-8080-exec-4] DEBUG c.p.e.service.impl.CustomUserDetails - ======================================
2026-08-10 10:03:39 [http-nio-8080-exec-9] DEBUG c.p.e.service.impl.CustomUserDetails - ======================================
2026-08-10 10:03:39 [http-nio-8080-exec-9] DEBUG c.p.e.service.impl.CustomUserDetails - getUsername()
2026-08-10 10:03:39 [http-nio-8080-exec-9] DEBUG c.p.e.service.impl.CustomUserDetails - ======================================
2026-08-10 10:03:39 [http-nio-8080-exec-4] DEBUG c.p.e.service.impl.CustomUserDetails - ======================================
2026-08-10 10:03:39 [http-nio-8080-exec-4] DEBUG c.p.e.service.impl.CustomUserDetails - getUsername()
2026-08-10 10:03:39 [http-nio-8080-exec-4] DEBUG c.p.e.service.impl.CustomUserDetails - ======================================
2026-08-10 10:03:42 [http-nio-8080-exec-3] DEBUG c.pcwk.ehr.controller.UserController - ---------------------------
2026-08-10 10:03:42 [http-nio-8080-exec-3] DEBUG c.pcwk.ehr.controller.UserController - doSelectOne()*
2026-08-10 10:03:42 [http-nio-8080-exec-3] DEBUG c.pcwk.ehr.controller.UserController - ---------------------------
2026-08-10 10:03:42 [http-nio-8080-exec-3] DEBUG c.pcwk.ehr.controller.UserController - 1.userId: pcwk1
2026-08-10 10:03:42 [http-nio-8080-exec-3] DEBUG c.pcwk.ehr.controller.UserController - 1.1 param: UserVO [userId=pcwk1, name=null, password=null, login=0, recommend=0, email=null, grade=null, regDt=null, toString()=DTO [pageNo=0, pageSize=0, no=0, totalCnt=0, searchDiv=null, searchWord=null, searchMap={}, startNo=0, endNo=0, pre=false, next=false]]
2026-08-10 10:03:42 [http-nio-8080-exec-3] DEBUG c.p.ehr.service.impl.UserServiceImpl - ======================================
2026-08-10 10:03:42 [http-nio-8080-exec-3] DEBUG c.p.ehr.service.impl.UserServiceImpl - doSelectOne()
2026-08-10 10:03:42 [http-nio-8080-exec-3] DEBUG c.p.ehr.service.impl.UserServiceImpl - ======================================
2026-08-10 10:03:42 [http-nio-8080-exec-3] DEBUG org.mybatis.spring.SqlSessionUtils - Creating a new SqlSession
2026-08-10 10:03:42 [http-nio-8080-exec-3] DEBUG org.mybatis.spring.SqlSessionUtils - SqlSession [org.apache.ibatis.session.defaults.DefaultSqlSession@6acdf87e] was not registered for synchronization because synchronization is not active
2026-08-10 10:03:42 [http-nio-8080-exec-3] DEBUG o.m.s.t.SpringManagedTransaction - JDBC Connection [HikariProxyConnection@2137013771 wrapping oracle.jdbc.driver.T4CConnection@22b5a70f] will not be managed by Spring
2026-08-10 10:03:42 [http-nio-8080-exec-3] DEBUG c.p.e.mapper.UserMapper.doSelectOne - ==>  Preparing: SELECT user_id, name, password, login, recommend, email, DECODE(grade,1,'BASIC' ,2,'SILVER' ,3,'GOLD' ) grade, TO_CHAR(reg_dt,'YYYY/MM/DD HH24:MI:SS') reg_dt FROM member WHERE user_id = ?
2026-08-10 10:03:42 [http-nio-8080-exec-3] DEBUG c.p.e.mapper.UserMapper.doSelectOne - ==> Parameters: pcwk1(String)
2026-08-10 10:03:42 [http-nio-8080-exec-3] DEBUG c.p.e.mapper.UserMapper.doSelectOne - <==      Total: 1
2026-08-10 10:03:42 [http-nio-8080-exec-3] DEBUG org.mybatis.spring.SqlSessionUtils - Closing non transactional SqlSession [org.apache.ibatis.session.defaults.DefaultSqlSession@6acdf87e]
2026-08-10 10:03:42 [http-nio-8080-exec-3] DEBUG c.pcwk.ehr.controller.UserController - 2. outVO: UserVO [userId=pcwk1, name=이상무01, password=$2a$12$HBp2ySacblGeTBWYnXCyeu49zWneNkNwg1Nx4YiN0Mea5PoGt1wSi, login=1, recommend=1, email=jamesol1@naver.com, grade=SILVER, regDt=2026/08/10 08:53:41, toString()=DTO [pageNo=0, pageSize=0, no=0, totalCnt=0, searchDiv=null, searchWord=null, searchMap={}, startNo=0, endNo=0, pre=false, next=false]]
2026-08-10 10:03:42 [http-nio-8080-exec-3] DEBUG c.p.e.service.impl.CustomUserDetails - ======================================
2026-08-10 10:03:42 [http-nio-8080-exec-3] DEBUG c.p.e.service.impl.CustomUserDetails - getUsername()
2026-08-10 10:03:42 [http-nio-8080-exec-3] DEBUG c.p.e.service.impl.CustomUserDetails - ======================================
2026-08-10 10:03:42 [http-nio-8080-exec-3] DEBUG c.p.e.service.impl.CustomUserDetails - ======================================
2026-08-10 10:03:42 [http-nio-8080-exec-3] DEBUG c.p.e.service.impl.CustomUserDetails - getUsername()
2026-08-10 10:03:42 [http-nio-8080-exec-3] DEBUG c.p.e.service.impl.CustomUserDetails - ======================================
2026-08-10 10:05:20 [http-nio-8080-exec-8] DEBUG c.pcwk.ehr.controller.UserController - ---------------------------
2026-08-10 10:05:20 [http-nio-8080-exec-8] DEBUG c.pcwk.ehr.controller.UserController - doSelectOne()*
2026-08-10 10:05:20 [http-nio-8080-exec-8] DEBUG c.pcwk.ehr.controller.UserController - ---------------------------
2026-08-10 10:05:20 [http-nio-8080-exec-8] DEBUG c.pcwk.ehr.controller.UserController - 1.userId: pcwk1
2026-08-10 10:05:20 [http-nio-8080-exec-8] DEBUG c.pcwk.ehr.controller.UserController - 1.1 param: UserVO [userId=pcwk1, name=null, password=null, login=0, recommend=0, email=null, grade=null, regDt=null, toString()=DTO [pageNo=0, pageSize=0, no=0, totalCnt=0, searchDiv=null, searchWord=null, searchMap={}, startNo=0, endNo=0, pre=false, next=false]]
2026-08-10 10:05:20 [http-nio-8080-exec-8] DEBUG c.p.ehr.service.impl.UserServiceImpl - ======================================
2026-08-10 10:05:20 [http-nio-8080-exec-8] DEBUG c.p.ehr.service.impl.UserServiceImpl - doSelectOne()
2026-08-10 10:05:20 [http-nio-8080-exec-8] DEBUG c.p.ehr.service.impl.UserServiceImpl - ======================================
2026-08-10 10:05:20 [http-nio-8080-exec-8] DEBUG org.mybatis.spring.SqlSessionUtils - Creating a new SqlSession
2026-08-10 10:05:20 [http-nio-8080-exec-8] DEBUG org.mybatis.spring.SqlSessionUtils - SqlSession [org.apache.ibatis.session.defaults.DefaultSqlSession@1ae74dbf] was not registered for synchronization because synchronization is not active
2026-08-10 10:05:20 [http-nio-8080-exec-8] DEBUG o.m.s.t.SpringManagedTransaction - JDBC Connection [HikariProxyConnection@1278546601 wrapping oracle.jdbc.driver.T4CConnection@22b5a70f] will not be managed by Spring
2026-08-10 10:05:20 [http-nio-8080-exec-8] DEBUG c.p.e.mapper.UserMapper.doSelectOne - ==>  Preparing: SELECT user_id, name, password, login, recommend, email, DECODE(grade,1,'BASIC' ,2,'SILVER' ,3,'GOLD' ) grade, TO_CHAR(reg_dt,'YYYY/MM/DD HH24:MI:SS') reg_dt FROM member WHERE user_id = ?
2026-08-10 10:05:20 [http-nio-8080-exec-8] DEBUG c.p.e.mapper.UserMapper.doSelectOne - ==> Parameters: pcwk1(String)
2026-08-10 10:05:20 [http-nio-8080-exec-8] DEBUG c.p.e.mapper.UserMapper.doSelectOne - <==      Total: 1
2026-08-10 10:05:20 [http-nio-8080-exec-8] DEBUG org.mybatis.spring.SqlSessionUtils - Closing non transactional SqlSession [org.apache.ibatis.session.defaults.DefaultSqlSession@1ae74dbf]
2026-08-10 10:05:20 [http-nio-8080-exec-8] DEBUG c.pcwk.ehr.controller.UserController - 2. outVO: UserVO [userId=pcwk1, name=이상무01, password=$2a$12$HBp2ySacblGeTBWYnXCyeu49zWneNkNwg1Nx4YiN0Mea5PoGt1wSi, login=1, recommend=1, email=jamesol1@naver.com, grade=SILVER, regDt=2026/08/10 08:53:41, toString()=DTO [pageNo=0, pageSize=0, no=0, totalCnt=0, searchDiv=null, searchWord=null, searchMap={}, startNo=0, endNo=0, pre=false, next=false]]
2026-08-10 10:05:20 [http-nio-8080-exec-8] DEBUG c.p.e.service.impl.CustomUserDetails - ======================================
2026-08-10 10:05:20 [http-nio-8080-exec-8] DEBUG c.p.e.service.impl.CustomUserDetails - getUsername()
2026-08-10 10:05:20 [http-nio-8080-exec-8] DEBUG c.p.e.service.impl.CustomUserDetails - ======================================
2026-08-10 10:05:20 [http-nio-8080-exec-8] DEBUG c.p.e.service.impl.CustomUserDetails - ======================================
2026-08-10 10:05:20 [http-nio-8080-exec-8] DEBUG c.p.e.service.impl.CustomUserDetails - getUsername()
2026-08-10 10:05:20 [http-nio-8080-exec-8] DEBUG c.p.e.service.impl.CustomUserDetails - ======================================
2026-08-10 10:05:20 [http-nio-8080-exec-10] DEBUG c.p.e.service.impl.CustomUserDetails - ======================================
2026-08-10 10:05:20 [http-nio-8080-exec-10] DEBUG c.p.e.service.impl.CustomUserDetails - getUsername()
2026-08-10 10:05:20 [http-nio-8080-exec-10] DEBUG c.p.e.service.impl.CustomUserDetails - ======================================
2026-08-10 10:05:20 [http-nio-8080-exec-6] DEBUG c.p.e.service.impl.CustomUserDetails - ======================================
2026-08-10 10:05:20 [http-nio-8080-exec-1] DEBUG c.p.e.service.impl.CustomUserDetails - ======================================
2026-08-10 10:05:20 [http-nio-8080-exec-1] DEBUG c.p.e.service.impl.CustomUserDetails - getUsername()
2026-08-10 10:05:20 [http-nio-8080-exec-1] DEBUG c.p.e.service.impl.CustomUserDetails - ======================================
2026-08-10 10:05:20 [http-nio-8080-exec-6] DEBUG c.p.e.service.impl.CustomUserDetails - getUsername()
2026-08-10 10:05:20 [http-nio-8080-exec-6] DEBUG c.p.e.service.impl.CustomUserDetails - ======================================
2026-08-10 10:05:20 [http-nio-8080-exec-7] DEBUG c.p.e.service.impl.CustomUserDetails - ======================================
2026-08-10 10:05:20 [http-nio-8080-exec-7] DEBUG c.p.e.service.impl.CustomUserDetails - getUsername()
2026-08-10 10:05:20 [http-nio-8080-exec-7] DEBUG c.p.e.service.impl.CustomUserDetails - ======================================
2026-08-10 10:05:20 [http-nio-8080-exec-9] DEBUG c.p.e.service.impl.CustomUserDetails - ======================================
2026-08-10 10:05:20 [http-nio-8080-exec-9] DEBUG c.p.e.service.impl.CustomUserDetails - getUsername()
2026-08-10 10:05:20 [http-nio-8080-exec-9] DEBUG c.p.e.service.impl.CustomUserDetails - ======================================
2026-08-10 10:08:34 [http-nio-8080-exec-8] DEBUG c.pcwk.ehr.controller.UserController - ---------------------------
2026-08-10 10:08:34 [http-nio-8080-exec-8] DEBUG c.pcwk.ehr.controller.UserController - doSelectOne()*
2026-08-10 10:08:34 [http-nio-8080-exec-8] DEBUG c.pcwk.ehr.controller.UserController - ---------------------------
2026-08-10 10:08:34 [http-nio-8080-exec-8] DEBUG c.pcwk.ehr.controller.UserController - 1.userId: pcwk1
2026-08-10 10:08:34 [http-nio-8080-exec-8] DEBUG c.pcwk.ehr.controller.UserController - 1.1 param: UserVO [userId=pcwk1, name=null, password=null, login=0, recommend=0, email=null, grade=null, regDt=null, toString()=DTO [pageNo=0, pageSize=0, no=0, totalCnt=0, searchDiv=null, searchWord=null, searchMap={}, startNo=0, endNo=0, pre=false, next=false]]
2026-08-10 10:08:34 [http-nio-8080-exec-8] DEBUG c.p.ehr.service.impl.UserServiceImpl - ======================================
2026-08-10 10:08:34 [http-nio-8080-exec-8] DEBUG c.p.ehr.service.impl.UserServiceImpl - doSelectOne()
2026-08-10 10:08:34 [http-nio-8080-exec-8] DEBUG c.p.ehr.service.impl.UserServiceImpl - ======================================
2026-08-10 10:08:34 [http-nio-8080-exec-8] DEBUG org.mybatis.spring.SqlSessionUtils - Creating a new SqlSession
2026-08-10 10:08:34 [http-nio-8080-exec-8] DEBUG org.mybatis.spring.SqlSessionUtils - SqlSession [org.apache.ibatis.session.defaults.DefaultSqlSession@633d1305] was not registered for synchronization because synchronization is not active
2026-08-10 10:08:34 [http-nio-8080-exec-8] DEBUG o.m.s.t.SpringManagedTransaction - JDBC Connection [HikariProxyConnection@2124012957 wrapping oracle.jdbc.driver.T4CConnection@22b5a70f] will not be managed by Spring
2026-08-10 10:08:34 [http-nio-8080-exec-8] DEBUG c.p.e.mapper.UserMapper.doSelectOne - ==>  Preparing: SELECT user_id, name, password, login, recommend, email, DECODE(grade,1,'BASIC' ,2,'SILVER' ,3,'GOLD' ) grade, TO_CHAR(reg_dt,'YYYY/MM/DD HH24:MI:SS') reg_dt FROM member WHERE user_id = ?
2026-08-10 10:08:34 [http-nio-8080-exec-8] DEBUG c.p.e.mapper.UserMapper.doSelectOne - ==> Parameters: pcwk1(String)
2026-08-10 10:08:34 [http-nio-8080-exec-8] DEBUG c.p.e.mapper.UserMapper.doSelectOne - <==      Total: 1
2026-08-10 10:08:34 [http-nio-8080-exec-8] DEBUG org.mybatis.spring.SqlSessionUtils - Closing non transactional SqlSession [org.apache.ibatis.session.defaults.DefaultSqlSession@633d1305]
2026-08-10 10:08:34 [http-nio-8080-exec-8] DEBUG c.pcwk.ehr.controller.UserController - 2. outVO: UserVO [userId=pcwk1, name=이상무01, password=$2a$12$HBp2ySacblGeTBWYnXCyeu49zWneNkNwg1Nx4YiN0Mea5PoGt1wSi, login=1, recommend=1, email=jamesol1@naver.com, grade=SILVER, regDt=2026/08/10 08:53:41, toString()=DTO [pageNo=0, pageSize=0, no=0, totalCnt=0, searchDiv=null, searchWord=null, searchMap={}, startNo=0, endNo=0, pre=false, next=false]]
2026-08-10 10:08:34 [http-nio-8080-exec-8] DEBUG c.p.e.service.impl.CustomUserDetails - ======================================
2026-08-10 10:08:34 [http-nio-8080-exec-8] DEBUG c.p.e.service.impl.CustomUserDetails - getUsername()
2026-08-10 10:08:34 [http-nio-8080-exec-8] DEBUG c.p.e.service.impl.CustomUserDetails - ======================================
2026-08-10 10:08:34 [http-nio-8080-exec-8] DEBUG c.p.e.service.impl.CustomUserDetails - ======================================
2026-08-10 10:08:34 [http-nio-8080-exec-8] DEBUG c.p.e.service.impl.CustomUserDetails - getUsername()
2026-08-10 10:08:34 [http-nio-8080-exec-8] DEBUG c.p.e.service.impl.CustomUserDetails - ======================================
2026-08-10 10:08:34 [http-nio-8080-exec-1] DEBUG c.p.e.service.impl.CustomUserDetails - ======================================
2026-08-10 10:08:34 [http-nio-8080-exec-1] DEBUG c.p.e.service.impl.CustomUserDetails - getUsername()
2026-08-10 10:08:34 [http-nio-8080-exec-1] DEBUG c.p.e.service.impl.CustomUserDetails - ======================================
2026-08-10 10:08:34 [http-nio-8080-exec-6] DEBUG c.p.e.service.impl.CustomUserDetails - ======================================
2026-08-10 10:08:34 [http-nio-8080-exec-6] DEBUG c.p.e.service.impl.CustomUserDetails - getUsername()
2026-08-10 10:08:34 [http-nio-8080-exec-6] DEBUG c.p.e.service.impl.CustomUserDetails - ======================================
2026-08-10 10:08:34 [http-nio-8080-exec-10] DEBUG c.p.e.service.impl.CustomUserDetails - ======================================
2026-08-10 10:08:34 [http-nio-8080-exec-10] DEBUG c.p.e.service.impl.CustomUserDetails - getUsername()
2026-08-10 10:08:34 [http-nio-8080-exec-10] DEBUG c.p.e.service.impl.CustomUserDetails - ======================================
2026-08-10 10:08:34 [http-nio-8080-exec-7] DEBUG c.p.e.service.impl.CustomUserDetails - ======================================
2026-08-10 10:08:34 [http-nio-8080-exec-7] DEBUG c.p.e.service.impl.CustomUserDetails - getUsername()
2026-08-10 10:08:34 [http-nio-8080-exec-7] DEBUG c.p.e.service.impl.CustomUserDetails - ======================================
2026-08-10 10:08:34 [http-nio-8080-exec-9] DEBUG c.p.e.service.impl.CustomUserDetails - ======================================
2026-08-10 10:08:34 [http-nio-8080-exec-9] DEBUG c.p.e.service.impl.CustomUserDetails - getUsername()
2026-08-10 10:08:34 [http-nio-8080-exec-9] DEBUG c.p.e.service.impl.CustomUserDetails - ======================================
2026-08-10 10:11:28 [http-nio-8080-exec-8] DEBUG c.pcwk.ehr.controller.UserController - ---------------------------
2026-08-10 10:11:28 [http-nio-8080-exec-8] DEBUG c.pcwk.ehr.controller.UserController - doSelectOne()*
2026-08-10 10:11:28 [http-nio-8080-exec-8] DEBUG c.pcwk.ehr.controller.UserController - ---------------------------
2026-08-10 10:11:28 [http-nio-8080-exec-8] DEBUG c.pcwk.ehr.controller.UserController - 1.userId: pcwk1
2026-08-10 10:11:28 [http-nio-8080-exec-8] DEBUG c.pcwk.ehr.controller.UserController - 1.1 param: UserVO [userId=pcwk1, name=null, password=null, login=0, recommend=0, email=null, grade=null, regDt=null, toString()=DTO [pageNo=0, pageSize=0, no=0, totalCnt=0, searchDiv=null, searchWord=null, searchMap={}, startNo=0, endNo=0, pre=false, next=false]]
2026-08-10 10:11:28 [http-nio-8080-exec-8] DEBUG c.p.ehr.service.impl.UserServiceImpl - ======================================
2026-08-10 10:11:28 [http-nio-8080-exec-8] DEBUG c.p.ehr.service.impl.UserServiceImpl - doSelectOne()
2026-08-10 10:11:28 [http-nio-8080-exec-8] DEBUG c.p.ehr.service.impl.UserServiceImpl - ======================================
2026-08-10 10:11:28 [http-nio-8080-exec-8] DEBUG org.mybatis.spring.SqlSessionUtils - Creating a new SqlSession
2026-08-10 10:11:28 [http-nio-8080-exec-8] DEBUG org.mybatis.spring.SqlSessionUtils - SqlSession [org.apache.ibatis.session.defaults.DefaultSqlSession@72eab5e2] was not registered for synchronization because synchronization is not active
2026-08-10 10:11:28 [http-nio-8080-exec-8] DEBUG o.m.s.t.SpringManagedTransaction - JDBC Connection [HikariProxyConnection@980109876 wrapping oracle.jdbc.driver.T4CConnection@22b5a70f] will not be managed by Spring
2026-08-10 10:11:28 [http-nio-8080-exec-8] DEBUG c.p.e.mapper.UserMapper.doSelectOne - ==>  Preparing: SELECT user_id, name, password, login, recommend, email, DECODE(grade,1,'BASIC' ,2,'SILVER' ,3,'GOLD' ) grade, TO_CHAR(reg_dt,'YYYY/MM/DD HH24:MI:SS') reg_dt FROM member WHERE user_id = ?
2026-08-10 10:11:28 [http-nio-8080-exec-8] DEBUG c.p.e.mapper.UserMapper.doSelectOne - ==> Parameters: pcwk1(String)
2026-08-10 10:11:28 [http-nio-8080-exec-8] DEBUG c.p.e.mapper.UserMapper.doSelectOne - <==      Total: 1
2026-08-10 10:11:28 [http-nio-8080-exec-8] DEBUG org.mybatis.spring.SqlSessionUtils - Closing non transactional SqlSession [org.apache.ibatis.session.defaults.DefaultSqlSession@72eab5e2]
2026-08-10 10:11:28 [http-nio-8080-exec-8] DEBUG c.pcwk.ehr.controller.UserController - 2. outVO: UserVO [userId=pcwk1, name=이상무01, password=$2a$12$HBp2ySacblGeTBWYnXCyeu49zWneNkNwg1Nx4YiN0Mea5PoGt1wSi, login=1, recommend=1, email=jamesol1@naver.com, grade=SILVER, regDt=2026/08/10 08:53:41, toString()=DTO [pageNo=0, pageSize=0, no=0, totalCnt=0, searchDiv=null, searchWord=null, searchMap={}, startNo=0, endNo=0, pre=false, next=false]]
2026-08-10 10:11:28 [http-nio-8080-exec-8] DEBUG c.p.e.service.impl.CustomUserDetails - ======================================
2026-08-10 10:11:28 [http-nio-8080-exec-8] DEBUG c.p.e.service.impl.CustomUserDetails - getUsername()
2026-08-10 10:11:28 [http-nio-8080-exec-8] DEBUG c.p.e.service.impl.CustomUserDetails - ======================================
2026-08-10 10:11:28 [http-nio-8080-exec-8] DEBUG c.p.e.service.impl.CustomUserDetails - ======================================
2026-08-10 10:11:28 [http-nio-8080-exec-8] DEBUG c.p.e.service.impl.CustomUserDetails - getUsername()
2026-08-10 10:11:28 [http-nio-8080-exec-8] DEBUG c.p.e.service.impl.CustomUserDetails - ======================================
2026-08-10 10:11:28 [http-nio-8080-exec-7] DEBUG c.p.e.service.impl.CustomUserDetails - ======================================
2026-08-10 10:11:28 [http-nio-8080-exec-7] DEBUG c.p.e.service.impl.CustomUserDetails - getUsername()
2026-08-10 10:11:28 [http-nio-8080-exec-7] DEBUG c.p.e.service.impl.CustomUserDetails - ======================================
2026-08-10 10:11:28 [http-nio-8080-exec-10] DEBUG c.p.e.service.impl.CustomUserDetails - ======================================
2026-08-10 10:11:28 [http-nio-8080-exec-10] DEBUG c.p.e.service.impl.CustomUserDetails - getUsername()
2026-08-10 10:11:28 [http-nio-8080-exec-10] DEBUG c.p.e.service.impl.CustomUserDetails - ======================================
2026-08-10 10:11:28 [http-nio-8080-exec-1] DEBUG c.p.e.service.impl.CustomUserDetails - ======================================
2026-08-10 10:11:28 [http-nio-8080-exec-1] DEBUG c.p.e.service.impl.CustomUserDetails - getUsername()
2026-08-10 10:11:28 [http-nio-8080-exec-1] DEBUG c.p.e.service.impl.CustomUserDetails - ======================================
2026-08-10 10:11:28 [http-nio-8080-exec-6] DEBUG c.p.e.service.impl.CustomUserDetails - ======================================
2026-08-10 10:11:28 [http-nio-8080-exec-6] DEBUG c.p.e.service.impl.CustomUserDetails - getUsername()
2026-08-10 10:11:28 [http-nio-8080-exec-6] DEBUG c.p.e.service.impl.CustomUserDetails - ======================================
2026-08-10 10:11:28 [http-nio-8080-exec-10] DEBUG c.p.e.service.impl.CustomUserDetails - ======================================
2026-08-10 10:11:28 [http-nio-8080-exec-10] DEBUG c.p.e.service.impl.CustomUserDetails - getUsername()
2026-08-10 10:11:28 [http-nio-8080-exec-10] DEBUG c.p.e.service.impl.CustomUserDetails - ======================================
2026-08-10 10:11:32 [http-nio-8080-exec-9] DEBUG c.pcwk.ehr.controller.UserController - ---------------------------
2026-08-10 10:11:32 [http-nio-8080-exec-9] DEBUG c.pcwk.ehr.controller.UserController - doSelectOne()*
2026-08-10 10:11:32 [http-nio-8080-exec-9] DEBUG c.pcwk.ehr.controller.UserController - ---------------------------
2026-08-10 10:11:32 [http-nio-8080-exec-9] DEBUG c.pcwk.ehr.controller.UserController - 1.userId: pcwk1
2026-08-10 10:11:32 [http-nio-8080-exec-9] DEBUG c.pcwk.ehr.controller.UserController - 1.1 param: UserVO [userId=pcwk1, name=null, password=null, login=0, recommend=0, email=null, grade=null, regDt=null, toString()=DTO [pageNo=0, pageSize=0, no=0, totalCnt=0, searchDiv=null, searchWord=null, searchMap={}, startNo=0, endNo=0, pre=false, next=false]]
2026-08-10 10:11:32 [http-nio-8080-exec-9] DEBUG c.p.ehr.service.impl.UserServiceImpl - ======================================
2026-08-10 10:11:32 [http-nio-8080-exec-9] DEBUG c.p.ehr.service.impl.UserServiceImpl - doSelectOne()
2026-08-10 10:11:32 [http-nio-8080-exec-9] DEBUG c.p.ehr.service.impl.UserServiceImpl - ======================================
2026-08-10 10:11:32 [http-nio-8080-exec-9] DEBUG org.mybatis.spring.SqlSessionUtils - Creating a new SqlSession
2026-08-10 10:11:32 [http-nio-8080-exec-9] DEBUG org.mybatis.spring.SqlSessionUtils - SqlSession [org.apache.ibatis.session.defaults.DefaultSqlSession@67fa5c45] was not registered for synchronization because synchronization is not active
2026-08-10 10:11:32 [http-nio-8080-exec-9] DEBUG o.m.s.t.SpringManagedTransaction - JDBC Connection [HikariProxyConnection@630983069 wrapping oracle.jdbc.driver.T4CConnection@22b5a70f] will not be managed by Spring
2026-08-10 10:11:32 [http-nio-8080-exec-9] DEBUG c.p.e.mapper.UserMapper.doSelectOne - ==>  Preparing: SELECT user_id, name, password, login, recommend, email, DECODE(grade,1,'BASIC' ,2,'SILVER' ,3,'GOLD' ) grade, TO_CHAR(reg_dt,'YYYY/MM/DD HH24:MI:SS') reg_dt FROM member WHERE user_id = ?
2026-08-10 10:11:32 [http-nio-8080-exec-9] DEBUG c.p.e.mapper.UserMapper.doSelectOne - ==> Parameters: pcwk1(String)
2026-08-10 10:11:32 [http-nio-8080-exec-9] DEBUG c.p.e.mapper.UserMapper.doSelectOne - <==      Total: 1
2026-08-10 10:11:32 [http-nio-8080-exec-9] DEBUG org.mybatis.spring.SqlSessionUtils - Closing non transactional SqlSession [org.apache.ibatis.session.defaults.DefaultSqlSession@67fa5c45]
2026-08-10 10:11:32 [http-nio-8080-exec-9] DEBUG c.pcwk.ehr.controller.UserController - 2. outVO: UserVO [userId=pcwk1, name=이상무01, password=$2a$12$HBp2ySacblGeTBWYnXCyeu49zWneNkNwg1Nx4YiN0Mea5PoGt1wSi, login=1, recommend=1, email=jamesol1@naver.com, grade=SILVER, regDt=2026/08/10 08:53:41, toString()=DTO [pageNo=0, pageSize=0, no=0, totalCnt=0, searchDiv=null, searchWord=null, searchMap={}, startNo=0, endNo=0, pre=false, next=false]]
2026-08-10 10:11:32 [http-nio-8080-exec-9] DEBUG c.p.e.service.impl.CustomUserDetails - ======================================
2026-08-10 10:11:32 [http-nio-8080-exec-9] DEBUG c.p.e.service.impl.CustomUserDetails - getUsername()
2026-08-10 10:11:32 [http-nio-8080-exec-9] DEBUG c.p.e.service.impl.CustomUserDetails - ======================================
2026-08-10 10:11:32 [http-nio-8080-exec-9] DEBUG c.p.e.service.impl.CustomUserDetails - ======================================
2026-08-10 10:11:32 [http-nio-8080-exec-9] DEBUG c.p.e.service.impl.CustomUserDetails - getUsername()
2026-08-10 10:11:32 [http-nio-8080-exec-9] DEBUG c.p.e.service.impl.CustomUserDetails - ======================================
2026-08-10 10:11:32 [http-nio-8080-exec-3] DEBUG c.p.e.service.impl.CustomUserDetails - ======================================
2026-08-10 10:11:32 [http-nio-8080-exec-3] DEBUG c.p.e.service.impl.CustomUserDetails - getUsername()
2026-08-10 10:11:32 [http-nio-8080-exec-3] DEBUG c.p.e.service.impl.CustomUserDetails - ======================================
2026-08-10 10:11:32 [http-nio-8080-exec-5] DEBUG c.p.e.service.impl.CustomUserDetails - ======================================
2026-08-10 10:11:32 [http-nio-8080-exec-5] DEBUG c.p.e.service.impl.CustomUserDetails - getUsername()
2026-08-10 10:11:32 [http-nio-8080-exec-5] DEBUG c.p.e.service.impl.CustomUserDetails - ======================================
2026-08-10 10:11:32 [http-nio-8080-exec-2] DEBUG c.p.e.service.impl.CustomUserDetails - ======================================
2026-08-10 10:11:32 [http-nio-8080-exec-2] DEBUG c.p.e.service.impl.CustomUserDetails - getUsername()
2026-08-10 10:11:32 [http-nio-8080-exec-2] DEBUG c.p.e.service.impl.CustomUserDetails - ======================================
2026-08-10 10:11:32 [http-nio-8080-exec-4] DEBUG c.p.e.service.impl.CustomUserDetails - ======================================
2026-08-10 10:11:32 [http-nio-8080-exec-4] DEBUG c.p.e.service.impl.CustomUserDetails - getUsername()
2026-08-10 10:11:32 [http-nio-8080-exec-4] DEBUG c.p.e.service.impl.CustomUserDetails - ======================================
2026-08-10 10:11:32 [http-nio-8080-exec-8] DEBUG c.p.e.service.impl.CustomUserDetails - ======================================
2026-08-10 10:11:32 [http-nio-8080-exec-8] DEBUG c.p.e.service.impl.CustomUserDetails - getUsername()
2026-08-10 10:11:32 [http-nio-8080-exec-8] DEBUG c.p.e.service.impl.CustomUserDetails - ======================================
2026-08-10 10:11:34 [http-nio-8080-exec-7] DEBUG c.p.e.service.impl.CustomUserDetails - ======================================
2026-08-10 10:11:34 [http-nio-8080-exec-7] DEBUG c.p.e.service.impl.CustomUserDetails - getUsername()
2026-08-10 10:11:34 [http-nio-8080-exec-7] DEBUG c.p.e.service.impl.CustomUserDetails - ======================================
2026-08-10 10:11:35 [http-nio-8080-exec-10] DEBUG c.p.e.service.impl.CustomUserDetails - ======================================
2026-08-10 10:11:35 [http-nio-8080-exec-10] DEBUG c.p.e.service.impl.CustomUserDetails - getUsername()
2026-08-10 10:11:35 [http-nio-8080-exec-10] DEBUG c.p.e.service.impl.CustomUserDetails - ======================================
2026-08-10 10:11:35 [http-nio-8080-exec-6] DEBUG c.p.e.service.impl.CustomUserDetails - ======================================
2026-08-10 10:11:35 [http-nio-8080-exec-1] DEBUG c.p.e.service.impl.CustomUserDetails - ======================================
2026-08-10 10:11:35 [http-nio-8080-exec-1] DEBUG c.p.e.service.impl.CustomUserDetails - getUsername()
2026-08-10 10:11:35 [http-nio-8080-exec-1] DEBUG c.p.e.service.impl.CustomUserDetails - ======================================
2026-08-10 10:11:35 [http-nio-8080-exec-6] DEBUG c.p.e.service.impl.CustomUserDetails - getUsername()
2026-08-10 10:11:35 [http-nio-8080-exec-6] DEBUG c.p.e.service.impl.CustomUserDetails - ======================================
2026-08-10 10:11:35 [http-nio-8080-exec-10] DEBUG c.p.e.service.impl.CustomUserDetails - ======================================
2026-08-10 10:11:35 [http-nio-8080-exec-1] DEBUG c.p.e.service.impl.CustomUserDetails - ======================================
2026-08-10 10:11:35 [http-nio-8080-exec-6] DEBUG c.p.e.service.impl.CustomUserDetails - ======================================
2026-08-10 10:11:35 [http-nio-8080-exec-10] DEBUG c.p.e.service.impl.CustomUserDetails - getUsername()
2026-08-10 10:11:35 [http-nio-8080-exec-10] DEBUG c.p.e.service.impl.CustomUserDetails - ======================================
2026-08-10 10:11:35 [http-nio-8080-exec-1] DEBUG c.p.e.service.impl.CustomUserDetails - getUsername()
2026-08-10 10:11:35 [http-nio-8080-exec-6] DEBUG c.p.e.service.impl.CustomUserDetails - getUsername()
2026-08-10 10:11:35 [http-nio-8080-exec-6] DEBUG c.p.e.service.impl.CustomUserDetails - ======================================
2026-08-10 10:11:35 [http-nio-8080-exec-1] DEBUG c.p.e.service.impl.CustomUserDetails - ======================================
2026-08-10 10:27:01 [http-nio-8080-exec-4] DEBUG c.pcwk.ehr.controller.UserController - ---------------------------
2026-08-10 10:27:01 [http-nio-8080-exec-4] DEBUG c.pcwk.ehr.controller.UserController - doSelectOne()*
2026-08-10 10:27:01 [http-nio-8080-exec-4] DEBUG c.pcwk.ehr.controller.UserController - ---------------------------
2026-08-10 10:27:01 [http-nio-8080-exec-4] DEBUG c.pcwk.ehr.controller.UserController - 1.userId: pcwk1
2026-08-10 10:27:01 [http-nio-8080-exec-4] DEBUG c.pcwk.ehr.controller.UserController - 1.1 param: UserVO [userId=pcwk1, name=null, password=null, login=0, recommend=0, email=null, grade=null, regDt=null, toString()=DTO [pageNo=0, pageSize=0, no=0, totalCnt=0, searchDiv=null, searchWord=null, searchMap={}, startNo=0, endNo=0, pre=false, next=false]]
2026-08-10 10:27:01 [http-nio-8080-exec-4] DEBUG c.p.ehr.service.impl.UserServiceImpl - ======================================
2026-08-10 10:27:01 [http-nio-8080-exec-4] DEBUG c.p.ehr.service.impl.UserServiceImpl - doSelectOne()
2026-08-10 10:27:01 [http-nio-8080-exec-4] DEBUG c.p.ehr.service.impl.UserServiceImpl - ======================================
2026-08-10 10:27:01 [http-nio-8080-exec-4] DEBUG org.mybatis.spring.SqlSessionUtils - Creating a new SqlSession
2026-08-10 10:27:01 [http-nio-8080-exec-4] DEBUG org.mybatis.spring.SqlSessionUtils - SqlSession [org.apache.ibatis.session.defaults.DefaultSqlSession@7c20128d] was not registered for synchronization because synchronization is not active
2026-08-10 10:27:01 [http-nio-8080-exec-4] DEBUG o.m.s.t.SpringManagedTransaction - JDBC Connection [HikariProxyConnection@158417890 wrapping oracle.jdbc.driver.T4CConnection@43ce55c0] will not be managed by Spring
2026-08-10 10:27:01 [http-nio-8080-exec-4] DEBUG c.p.e.mapper.UserMapper.doSelectOne - ==>  Preparing: SELECT user_id, name, password, login, recommend, email, DECODE(grade,1,'BASIC' ,2,'SILVER' ,3,'GOLD' ) grade, TO_CHAR(reg_dt,'YYYY/MM/DD HH24:MI:SS') reg_dt FROM member WHERE user_id = ?
2026-08-10 10:27:01 [http-nio-8080-exec-4] DEBUG c.p.e.mapper.UserMapper.doSelectOne - ==> Parameters: pcwk1(String)
2026-08-10 10:27:01 [http-nio-8080-exec-4] DEBUG c.p.e.mapper.UserMapper.doSelectOne - <==      Total: 1
2026-08-10 10:27:01 [http-nio-8080-exec-4] DEBUG org.mybatis.spring.SqlSessionUtils - Closing non transactional SqlSession [org.apache.ibatis.session.defaults.DefaultSqlSession@7c20128d]
2026-08-10 10:27:01 [http-nio-8080-exec-4] DEBUG c.pcwk.ehr.controller.UserController - 2. outVO: UserVO [userId=pcwk1, name=이상무01, password=$2a$12$HBp2ySacblGeTBWYnXCyeu49zWneNkNwg1Nx4YiN0Mea5PoGt1wSi, login=1, recommend=1, email=jamesol1@naver.com, grade=SILVER, regDt=2026/08/10 08:53:41, toString()=DTO [pageNo=0, pageSize=0, no=0, totalCnt=0, searchDiv=null, searchWord=null, searchMap={}, startNo=0, endNo=0, pre=false, next=false]]
2026-08-10 10:27:01 [http-nio-8080-exec-4] DEBUG c.p.e.service.impl.CustomUserDetails - ======================================
2026-08-10 10:27:01 [http-nio-8080-exec-4] DEBUG c.p.e.service.impl.CustomUserDetails - getUsername()
2026-08-10 10:27:01 [http-nio-8080-exec-4] DEBUG c.p.e.service.impl.CustomUserDetails - ======================================
2026-08-10 10:27:01 [http-nio-8080-exec-4] DEBUG c.p.e.service.impl.CustomUserDetails - ======================================
2026-08-10 10:27:01 [http-nio-8080-exec-4] DEBUG c.p.e.service.impl.CustomUserDetails - getUsername()
2026-08-10 10:27:01 [http-nio-8080-exec-4] DEBUG c.p.e.service.impl.CustomUserDetails - ======================================
2026-08-10 10:27:01 [http-nio-8080-exec-7] DEBUG c.p.e.service.impl.CustomUserDetails - ======================================
2026-08-10 10:27:01 [http-nio-8080-exec-7] DEBUG c.p.e.service.impl.CustomUserDetails - getUsername()
2026-08-10 10:27:01 [http-nio-8080-exec-7] DEBUG c.p.e.service.impl.CustomUserDetails - ======================================
2026-08-10 10:27:01 [http-nio-8080-exec-6] DEBUG c.p.e.service.impl.CustomUserDetails - ======================================
2026-08-10 10:27:01 [http-nio-8080-exec-6] DEBUG c.p.e.service.impl.CustomUserDetails - getUsername()
2026-08-10 10:27:01 [http-nio-8080-exec-6] DEBUG c.p.e.service.impl.CustomUserDetails - ======================================
2026-08-10 10:27:01 [http-nio-8080-exec-8] DEBUG c.p.e.service.impl.CustomUserDetails - ======================================
2026-08-10 10:27:01 [http-nio-8080-exec-8] DEBUG c.p.e.service.impl.CustomUserDetails - getUsername()
2026-08-10 10:27:01 [http-nio-8080-exec-8] DEBUG c.p.e.service.impl.CustomUserDetails - ======================================
2026-08-10 10:27:01 [http-nio-8080-exec-1] DEBUG c.p.e.service.impl.CustomUserDetails - ======================================
2026-08-10 10:27:01 [http-nio-8080-exec-1] DEBUG c.p.e.service.impl.CustomUserDetails - getUsername()
2026-08-10 10:27:01 [http-nio-8080-exec-1] DEBUG c.p.e.service.impl.CustomUserDetails - ======================================
2026-08-10 10:27:01 [http-nio-8080-exec-10] DEBUG c.p.e.service.impl.CustomUserDetails - ======================================
2026-08-10 10:27:01 [http-nio-8080-exec-10] DEBUG c.p.e.service.impl.CustomUserDetails - getUsername()
2026-08-10 10:27:01 [http-nio-8080-exec-10] DEBUG c.p.e.service.impl.CustomUserDetails - ======================================
2026-08-10 10:27:01 [http-nio-8080-exec-9] DEBUG c.p.e.service.impl.CustomUserDetails - ======================================
2026-08-10 10:27:01 [http-nio-8080-exec-9] DEBUG c.p.e.service.impl.CustomUserDetails - getUsername()
2026-08-10 10:27:01 [http-nio-8080-exec-9] DEBUG c.p.e.service.impl.CustomUserDetails - ======================================
2026-08-10 10:27:01 [http-nio-8080-exec-9] DEBUG c.p.e.service.impl.CustomUserDetails - ======================================
2026-08-10 10:27:01 [http-nio-8080-exec-9] DEBUG c.p.e.service.impl.CustomUserDetails - getUsername()
2026-08-10 10:27:01 [http-nio-8080-exec-9] DEBUG c.p.e.service.impl.CustomUserDetails - ======================================
2026-08-10 10:27:01 [http-nio-8080-exec-3] DEBUG c.p.e.service.impl.CustomUserDetails - ======================================
2026-08-10 10:27:01 [http-nio-8080-exec-3] DEBUG c.p.e.service.impl.CustomUserDetails - getUsername()
2026-08-10 10:27:01 [http-nio-8080-exec-3] DEBUG c.p.e.service.impl.CustomUserDetails - ======================================
2026-08-10 10:27:01 [http-nio-8080-exec-3] DEBUG c.p.e.service.impl.CustomUserDetails - ======================================
2026-08-10 10:27:01 [http-nio-8080-exec-3] DEBUG c.p.e.service.impl.CustomUserDetails - getUsername()
2026-08-10 10:27:01 [http-nio-8080-exec-3] DEBUG c.p.e.service.impl.CustomUserDetails - ======================================
2026-08-10 10:27:01 [http-nio-8080-exec-5] DEBUG c.p.e.service.impl.CustomUserDetails - ======================================
2026-08-10 10:27:01 [http-nio-8080-exec-5] DEBUG c.p.e.service.impl.CustomUserDetails - getUsername()
2026-08-10 10:27:01 [http-nio-8080-exec-5] DEBUG c.p.e.service.impl.CustomUserDetails - ======================================
2026-08-10 10:27:01 [http-nio-8080-exec-5] DEBUG c.p.e.service.impl.CustomUserDetails - ======================================
2026-08-10 10:27:01 [http-nio-8080-exec-5] DEBUG c.p.e.service.impl.CustomUserDetails - getUsername()
2026-08-10 10:27:01 [http-nio-8080-exec-5] DEBUG c.p.e.service.impl.CustomUserDetails - ======================================
2026-08-10 10:29:06 [http-nio-8080-exec-8] DEBUG c.pcwk.ehr.controller.UserController - ---------------------------
2026-08-10 10:29:06 [http-nio-8080-exec-8] DEBUG c.pcwk.ehr.controller.UserController - doSelectOne()*
2026-08-10 10:29:06 [http-nio-8080-exec-8] DEBUG c.pcwk.ehr.controller.UserController - ---------------------------
2026-08-10 10:29:06 [http-nio-8080-exec-8] DEBUG c.pcwk.ehr.controller.UserController - 1.userId: pcwk1
2026-08-10 10:29:06 [http-nio-8080-exec-8] DEBUG c.pcwk.ehr.controller.UserController - 1.1 param: UserVO [userId=pcwk1, name=null, password=null, login=0, recommend=0, email=null, grade=null, regDt=null, toString()=DTO [pageNo=0, pageSize=0, no=0, totalCnt=0, searchDiv=null, searchWord=null, searchMap={}, startNo=0, endNo=0, pre=false, next=false]]
2026-08-10 10:29:06 [http-nio-8080-exec-8] DEBUG c.p.ehr.service.impl.UserServiceImpl - ======================================
2026-08-10 10:29:06 [http-nio-8080-exec-8] DEBUG c.p.ehr.service.impl.UserServiceImpl - doSelectOne()
2026-08-10 10:29:06 [http-nio-8080-exec-8] DEBUG c.p.ehr.service.impl.UserServiceImpl - ======================================
2026-08-10 10:29:06 [http-nio-8080-exec-8] DEBUG org.mybatis.spring.SqlSessionUtils - Creating a new SqlSession
2026-08-10 10:29:06 [http-nio-8080-exec-8] DEBUG org.mybatis.spring.SqlSessionUtils - SqlSession [org.apache.ibatis.session.defaults.DefaultSqlSession@71159fa4] was not registered for synchronization because synchronization is not active
2026-08-10 10:29:06 [http-nio-8080-exec-8] DEBUG o.m.s.t.SpringManagedTransaction - JDBC Connection [HikariProxyConnection@1710353568 wrapping oracle.jdbc.driver.T4CConnection@43ce55c0] will not be managed by Spring
2026-08-10 10:29:06 [http-nio-8080-exec-8] DEBUG c.p.e.mapper.UserMapper.doSelectOne - ==>  Preparing: SELECT user_id, name, password, login, recommend, email, DECODE(grade,1,'BASIC' ,2,'SILVER' ,3,'GOLD' ) grade, TO_CHAR(reg_dt,'YYYY/MM/DD HH24:MI:SS') reg_dt FROM member WHERE user_id = ?
2026-08-10 10:29:06 [http-nio-8080-exec-8] DEBUG c.p.e.mapper.UserMapper.doSelectOne - ==> Parameters: pcwk1(String)
2026-08-10 10:29:06 [http-nio-8080-exec-8] DEBUG c.p.e.mapper.UserMapper.doSelectOne - <==      Total: 1
2026-08-10 10:29:06 [http-nio-8080-exec-8] DEBUG org.mybatis.spring.SqlSessionUtils - Closing non transactional SqlSession [org.apache.ibatis.session.defaults.DefaultSqlSession@71159fa4]
2026-08-10 10:29:06 [http-nio-8080-exec-8] DEBUG c.pcwk.ehr.controller.UserController - 2. outVO: UserVO [userId=pcwk1, name=이상무01, password=$2a$12$HBp2ySacblGeTBWYnXCyeu49zWneNkNwg1Nx4YiN0Mea5PoGt1wSi, login=1, recommend=1, email=jamesol1@naver.com, grade=SILVER, regDt=2026/08/10 08:53:41, toString()=DTO [pageNo=0, pageSize=0, no=0, totalCnt=0, searchDiv=null, searchWord=null, searchMap={}, startNo=0, endNo=0, pre=false, next=false]]
2026-08-10 10:29:06 [http-nio-8080-exec-8] DEBUG c.p.e.service.impl.CustomUserDetails - ======================================
2026-08-10 10:29:06 [http-nio-8080-exec-8] DEBUG c.p.e.service.impl.CustomUserDetails - getUsername()
2026-08-10 10:29:06 [http-nio-8080-exec-8] DEBUG c.p.e.service.impl.CustomUserDetails - ======================================
2026-08-10 10:29:06 [http-nio-8080-exec-8] DEBUG c.p.e.service.impl.CustomUserDetails - ======================================
2026-08-10 10:29:06 [http-nio-8080-exec-8] DEBUG c.p.e.service.impl.CustomUserDetails - getUsername()
2026-08-10 10:29:06 [http-nio-8080-exec-8] DEBUG c.p.e.service.impl.CustomUserDetails - ======================================
2026-08-10 10:29:06 [http-nio-8080-exec-10] DEBUG c.p.e.service.impl.CustomUserDetails - ======================================
2026-08-10 10:29:06 [http-nio-8080-exec-10] DEBUG c.p.e.service.impl.CustomUserDetails - getUsername()
2026-08-10 10:29:06 [http-nio-8080-exec-10] DEBUG c.p.e.service.impl.CustomUserDetails - ======================================
2026-08-10 10:29:06 [http-nio-8080-exec-3] DEBUG c.p.e.service.impl.CustomUserDetails - ======================================
2026-08-10 10:29:06 [http-nio-8080-exec-3] DEBUG c.p.e.service.impl.CustomUserDetails - getUsername()
2026-08-10 10:29:06 [http-nio-8080-exec-3] DEBUG c.p.e.service.impl.CustomUserDetails - ======================================
2026-08-10 10:29:06 [http-nio-8080-exec-9] DEBUG c.p.e.service.impl.CustomUserDetails - ======================================
2026-08-10 10:29:06 [http-nio-8080-exec-9] DEBUG c.p.e.service.impl.CustomUserDetails - getUsername()
2026-08-10 10:29:06 [http-nio-8080-exec-9] DEBUG c.p.e.service.impl.CustomUserDetails - ======================================
2026-08-10 10:29:06 [http-nio-8080-exec-1] DEBUG c.p.e.service.impl.CustomUserDetails - ======================================
2026-08-10 10:29:06 [http-nio-8080-exec-1] DEBUG c.p.e.service.impl.CustomUserDetails - getUsername()
2026-08-10 10:29:06 [http-nio-8080-exec-1] DEBUG c.p.e.service.impl.CustomUserDetails - ======================================
2026-08-10 10:29:06 [http-nio-8080-exec-5] DEBUG c.p.e.service.impl.CustomUserDetails - ======================================
2026-08-10 10:29:06 [http-nio-8080-exec-5] DEBUG c.p.e.service.impl.CustomUserDetails - getUsername()
2026-08-10 10:29:06 [http-nio-8080-exec-5] DEBUG c.p.e.service.impl.CustomUserDetails - ======================================
2026-08-10 10:29:06 [http-nio-8080-exec-2] DEBUG c.p.e.service.impl.CustomUserDetails - ======================================
2026-08-10 10:29:06 [http-nio-8080-exec-2] DEBUG c.p.e.service.impl.CustomUserDetails - getUsername()
2026-08-10 10:29:06 [http-nio-8080-exec-2] DEBUG c.p.e.service.impl.CustomUserDetails - ======================================
2026-08-10 10:29:06 [http-nio-8080-exec-4] DEBUG c.p.e.service.impl.CustomUserDetails - ======================================
2026-08-10 10:29:06 [http-nio-8080-exec-4] DEBUG c.p.e.service.impl.CustomUserDetails - getUsername()
2026-08-10 10:29:06 [http-nio-8080-exec-4] DEBUG c.p.e.service.impl.CustomUserDetails - ======================================
2026-08-10 10:29:06 [http-nio-8080-exec-2] DEBUG c.p.e.service.impl.CustomUserDetails - ======================================
2026-08-10 10:29:06 [http-nio-8080-exec-2] DEBUG c.p.e.service.impl.CustomUserDetails - getUsername()
2026-08-10 10:29:06 [http-nio-8080-exec-2] DEBUG c.p.e.service.impl.CustomUserDetails - ======================================
2026-08-10 10:29:06 [http-nio-8080-exec-4] DEBUG c.p.e.service.impl.CustomUserDetails - ======================================
2026-08-10 10:29:06 [http-nio-8080-exec-4] DEBUG c.p.e.service.impl.CustomUserDetails - getUsername()
2026-08-10 10:29:06 [http-nio-8080-exec-4] DEBUG c.p.e.service.impl.CustomUserDetails - ======================================
2026-08-10 10:29:06 [http-nio-8080-exec-6] DEBUG c.p.e.service.impl.CustomUserDetails - ======================================
2026-08-10 10:29:06 [http-nio-8080-exec-6] DEBUG c.p.e.service.impl.CustomUserDetails - getUsername()
2026-08-10 10:29:06 [http-nio-8080-exec-6] DEBUG c.p.e.service.impl.CustomUserDetails - ======================================
2026-08-10 10:29:06 [http-nio-8080-exec-6] DEBUG c.p.e.service.impl.CustomUserDetails - ======================================
2026-08-10 10:29:06 [http-nio-8080-exec-6] DEBUG c.p.e.service.impl.CustomUserDetails - getUsername()
2026-08-10 10:29:06 [http-nio-8080-exec-6] DEBUG c.p.e.service.impl.CustomUserDetails - ======================================
2026-08-10 10:35:10 [http-nio-8080-exec-9] DEBUG c.pcwk.ehr.controller.UserController - ---------------------------
2026-08-10 10:35:10 [http-nio-8080-exec-9] DEBUG c.pcwk.ehr.controller.UserController - doSelectOne()*
2026-08-10 10:35:10 [http-nio-8080-exec-9] DEBUG c.pcwk.ehr.controller.UserController - ---------------------------
2026-08-10 10:35:10 [http-nio-8080-exec-9] DEBUG c.pcwk.ehr.controller.UserController - 1.userId: pcwk1
2026-08-10 10:35:10 [http-nio-8080-exec-9] DEBUG c.pcwk.ehr.controller.UserController - 1.1 param: UserVO [userId=pcwk1, name=null, password=null, login=0, recommend=0, email=null, grade=null, regDt=null, toString()=DTO [pageNo=0, pageSize=0, no=0, totalCnt=0, searchDiv=null, searchWord=null, searchMap={}, startNo=0, endNo=0, pre=false, next=false]]
2026-08-10 10:35:10 [http-nio-8080-exec-9] DEBUG c.p.ehr.service.impl.UserServiceImpl - ======================================
2026-08-10 10:35:10 [http-nio-8080-exec-9] DEBUG c.p.ehr.service.impl.UserServiceImpl - doSelectOne()
2026-08-10 10:35:10 [http-nio-8080-exec-9] DEBUG c.p.ehr.service.impl.UserServiceImpl - ======================================
2026-08-10 10:35:10 [http-nio-8080-exec-9] DEBUG org.mybatis.spring.SqlSessionUtils - Creating a new SqlSession
2026-08-10 10:35:10 [http-nio-8080-exec-9] DEBUG org.mybatis.spring.SqlSessionUtils - SqlSession [org.apache.ibatis.session.defaults.DefaultSqlSession@2c53b6ae] was not registered for synchronization because synchronization is not active
2026-08-10 10:35:10 [http-nio-8080-exec-9] DEBUG o.m.s.t.SpringManagedTransaction - JDBC Connection [HikariProxyConnection@855760976 wrapping oracle.jdbc.driver.T4CConnection@43ce55c0] will not be managed by Spring
2026-08-10 10:35:10 [http-nio-8080-exec-9] DEBUG c.p.e.mapper.UserMapper.doSelectOne - ==>  Preparing: SELECT user_id, name, password, login, recommend, email, DECODE(grade,1,'BASIC' ,2,'SILVER' ,3,'GOLD' ) grade, TO_CHAR(reg_dt,'YYYY/MM/DD HH24:MI:SS') reg_dt FROM member WHERE user_id = ?
2026-08-10 10:35:10 [http-nio-8080-exec-9] DEBUG c.p.e.mapper.UserMapper.doSelectOne - ==> Parameters: pcwk1(String)
2026-08-10 10:35:10 [http-nio-8080-exec-9] DEBUG c.p.e.mapper.UserMapper.doSelectOne - <==      Total: 1
2026-08-10 10:35:10 [http-nio-8080-exec-9] DEBUG org.mybatis.spring.SqlSessionUtils - Closing non transactional SqlSession [org.apache.ibatis.session.defaults.DefaultSqlSession@2c53b6ae]
2026-08-10 10:35:10 [http-nio-8080-exec-9] DEBUG c.pcwk.ehr.controller.UserController - 2. outVO: UserVO [userId=pcwk1, name=이상무01, password=$2a$12$HBp2ySacblGeTBWYnXCyeu49zWneNkNwg1Nx4YiN0Mea5PoGt1wSi, login=1, recommend=1, email=jamesol1@naver.com, grade=SILVER, regDt=2026/08/10 08:53:41, toString()=DTO [pageNo=0, pageSize=0, no=0, totalCnt=0, searchDiv=null, searchWord=null, searchMap={}, startNo=0, endNo=0, pre=false, next=false]]
2026-08-10 10:35:10 [http-nio-8080-exec-9] DEBUG c.p.e.service.impl.CustomUserDetails - ======================================
2026-08-10 10:35:10 [http-nio-8080-exec-9] DEBUG c.p.e.service.impl.CustomUserDetails - getUsername()
2026-08-10 10:35:10 [http-nio-8080-exec-9] DEBUG c.p.e.service.impl.CustomUserDetails - ======================================
2026-08-10 10:35:10 [http-nio-8080-exec-9] DEBUG c.p.e.service.impl.CustomUserDetails - ======================================
2026-08-10 10:35:10 [http-nio-8080-exec-9] DEBUG c.p.e.service.impl.CustomUserDetails - getUsername()
2026-08-10 10:35:10 [http-nio-8080-exec-9] DEBUG c.p.e.service.impl.CustomUserDetails - ======================================
2026-08-10 10:35:10 [http-nio-8080-exec-5] DEBUG c.p.e.service.impl.CustomUserDetails - ======================================
2026-08-10 10:35:10 [http-nio-8080-exec-5] DEBUG c.p.e.service.impl.CustomUserDetails - getUsername()
2026-08-10 10:35:10 [http-nio-8080-exec-5] DEBUG c.p.e.service.impl.CustomUserDetails - ======================================
2026-08-10 10:35:10 [http-nio-8080-exec-2] DEBUG c.p.e.service.impl.CustomUserDetails - ======================================
2026-08-10 10:35:10 [http-nio-8080-exec-2] DEBUG c.p.e.service.impl.CustomUserDetails - getUsername()
2026-08-10 10:35:10 [http-nio-8080-exec-2] DEBUG c.p.e.service.impl.CustomUserDetails - ======================================
2026-08-10 10:35:10 [http-nio-8080-exec-1] DEBUG c.p.e.service.impl.CustomUserDetails - ======================================
2026-08-10 10:35:10 [http-nio-8080-exec-1] DEBUG c.p.e.service.impl.CustomUserDetails - getUsername()
2026-08-10 10:35:10 [http-nio-8080-exec-1] DEBUG c.p.e.service.impl.CustomUserDetails - ======================================
2026-08-10 10:35:10 [http-nio-8080-exec-4] DEBUG c.p.e.service.impl.CustomUserDetails - ======================================
2026-08-10 10:35:10 [http-nio-8080-exec-4] DEBUG c.p.e.service.impl.CustomUserDetails - getUsername()
2026-08-10 10:35:10 [http-nio-8080-exec-4] DEBUG c.p.e.service.impl.CustomUserDetails - ======================================
2026-08-10 10:35:10 [http-nio-8080-exec-6] DEBUG c.p.e.service.impl.CustomUserDetails - ======================================
2026-08-10 10:35:10 [http-nio-8080-exec-6] DEBUG c.p.e.service.impl.CustomUserDetails - getUsername()
2026-08-10 10:35:10 [http-nio-8080-exec-6] DEBUG c.p.e.service.impl.CustomUserDetails - ======================================
2026-08-10 10:35:10 [http-nio-8080-exec-7] DEBUG c.p.e.service.impl.CustomUserDetails - ======================================
2026-08-10 10:35:10 [http-nio-8080-exec-10] DEBUG c.p.e.service.impl.CustomUserDetails - ======================================
2026-08-10 10:35:10 [http-nio-8080-exec-7] DEBUG c.p.e.service.impl.CustomUserDetails - getUsername()
2026-08-10 10:35:10 [http-nio-8080-exec-10] DEBUG c.p.e.service.impl.CustomUserDetails - getUsername()
2026-08-10 10:35:10 [http-nio-8080-exec-7] DEBUG c.p.e.service.impl.CustomUserDetails - ======================================
2026-08-10 10:35:10 [http-nio-8080-exec-10] DEBUG c.p.e.service.impl.CustomUserDetails - ======================================
2026-08-10 10:35:10 [http-nio-8080-exec-10] DEBUG c.p.e.service.impl.CustomUserDetails - ======================================
2026-08-10 10:35:10 [http-nio-8080-exec-10] DEBUG c.p.e.service.impl.CustomUserDetails - getUsername()
2026-08-10 10:35:10 [http-nio-8080-exec-10] DEBUG c.p.e.service.impl.CustomUserDetails - ======================================
2026-08-10 10:35:10 [http-nio-8080-exec-7] DEBUG c.p.e.service.impl.CustomUserDetails - ======================================
2026-08-10 10:35:10 [http-nio-8080-exec-7] DEBUG c.p.e.service.impl.CustomUserDetails - getUsername()
2026-08-10 10:35:10 [http-nio-8080-exec-7] DEBUG c.p.e.service.impl.CustomUserDetails - ======================================
2026-08-10 10:35:10 [http-nio-8080-exec-3] DEBUG c.p.e.service.impl.CustomUserDetails - ======================================
2026-08-10 10:35:10 [http-nio-8080-exec-3] DEBUG c.p.e.service.impl.CustomUserDetails - getUsername()
2026-08-10 10:35:10 [http-nio-8080-exec-3] DEBUG c.p.e.service.impl.CustomUserDetails - ======================================
2026-08-10 10:35:10 [http-nio-8080-exec-3] DEBUG c.p.e.service.impl.CustomUserDetails - ======================================
2026-08-10 10:35:10 [http-nio-8080-exec-3] DEBUG c.p.e.service.impl.CustomUserDetails - getUsername()
2026-08-10 10:35:10 [http-nio-8080-exec-3] DEBUG c.p.e.service.impl.CustomUserDetails - ======================================
2026-08-10 10:36:19 [http-nio-8080-exec-1] DEBUG c.pcwk.ehr.controller.UserController - ---------------------------
2026-08-10 10:36:19 [http-nio-8080-exec-1] DEBUG c.pcwk.ehr.controller.UserController - doSelectOne()*
2026-08-10 10:36:19 [http-nio-8080-exec-1] DEBUG c.pcwk.ehr.controller.UserController - ---------------------------
2026-08-10 10:36:19 [http-nio-8080-exec-1] DEBUG c.pcwk.ehr.controller.UserController - 1.userId: pcwk1
2026-08-10 10:36:19 [http-nio-8080-exec-1] DEBUG c.pcwk.ehr.controller.UserController - 1.1 param: UserVO [userId=pcwk1, name=null, password=null, login=0, recommend=0, email=null, grade=null, regDt=null, toString()=DTO [pageNo=0, pageSize=0, no=0, totalCnt=0, searchDiv=null, searchWord=null, searchMap={}, startNo=0, endNo=0, pre=false, next=false]]
2026-08-10 10:36:19 [http-nio-8080-exec-1] DEBUG c.p.ehr.service.impl.UserServiceImpl - ======================================
2026-08-10 10:36:19 [http-nio-8080-exec-1] DEBUG c.p.ehr.service.impl.UserServiceImpl - doSelectOne()
2026-08-10 10:36:19 [http-nio-8080-exec-1] DEBUG c.p.ehr.service.impl.UserServiceImpl - ======================================
2026-08-10 10:36:19 [http-nio-8080-exec-1] DEBUG org.mybatis.spring.SqlSessionUtils - Creating a new SqlSession
2026-08-10 10:36:19 [http-nio-8080-exec-1] DEBUG org.mybatis.spring.SqlSessionUtils - SqlSession [org.apache.ibatis.session.defaults.DefaultSqlSession@7abf1101] was not registered for synchronization because synchronization is not active
2026-08-10 10:36:19 [http-nio-8080-exec-1] DEBUG o.m.s.t.SpringManagedTransaction - JDBC Connection [HikariProxyConnection@272095071 wrapping oracle.jdbc.driver.T4CConnection@43ce55c0] will not be managed by Spring
2026-08-10 10:36:19 [http-nio-8080-exec-1] DEBUG c.p.e.mapper.UserMapper.doSelectOne - ==>  Preparing: SELECT user_id, name, password, login, recommend, email, DECODE(grade,1,'BASIC' ,2,'SILVER' ,3,'GOLD' ) grade, TO_CHAR(reg_dt,'YYYY/MM/DD HH24:MI:SS') reg_dt FROM member WHERE user_id = ?
2026-08-10 10:36:19 [http-nio-8080-exec-1] DEBUG c.p.e.mapper.UserMapper.doSelectOne - ==> Parameters: pcwk1(String)
2026-08-10 10:36:19 [http-nio-8080-exec-1] DEBUG c.p.e.mapper.UserMapper.doSelectOne - <==      Total: 1
2026-08-10 10:36:19 [http-nio-8080-exec-1] DEBUG org.mybatis.spring.SqlSessionUtils - Closing non transactional SqlSession [org.apache.ibatis.session.defaults.DefaultSqlSession@7abf1101]
2026-08-10 10:36:19 [http-nio-8080-exec-1] DEBUG c.pcwk.ehr.controller.UserController - 2. outVO: UserVO [userId=pcwk1, name=이상무01, password=$2a$12$HBp2ySacblGeTBWYnXCyeu49zWneNkNwg1Nx4YiN0Mea5PoGt1wSi, login=1, recommend=1, email=jamesol1@naver.com, grade=SILVER, regDt=2026/08/10 08:53:41, toString()=DTO [pageNo=0, pageSize=0, no=0, totalCnt=0, searchDiv=null, searchWord=null, searchMap={}, startNo=0, endNo=0, pre=false, next=false]]
2026-08-10 10:36:19 [http-nio-8080-exec-1] DEBUG c.p.e.service.impl.CustomUserDetails - ======================================
2026-08-10 10:36:19 [http-nio-8080-exec-1] DEBUG c.p.e.service.impl.CustomUserDetails - getUsername()
2026-08-10 10:36:19 [http-nio-8080-exec-1] DEBUG c.p.e.service.impl.CustomUserDetails - ======================================
2026-08-10 10:36:19 [http-nio-8080-exec-1] DEBUG c.p.e.service.impl.CustomUserDetails - ======================================
2026-08-10 10:36:19 [http-nio-8080-exec-1] DEBUG c.p.e.service.impl.CustomUserDetails - getUsername()
2026-08-10 10:36:19 [http-nio-8080-exec-1] DEBUG c.p.e.service.impl.CustomUserDetails - ======================================
2026-08-10 10:36:19 [http-nio-8080-exec-10] DEBUG c.p.e.service.impl.CustomUserDetails - ======================================
2026-08-10 10:36:19 [http-nio-8080-exec-10] DEBUG c.p.e.service.impl.CustomUserDetails - getUsername()
2026-08-10 10:36:19 [http-nio-8080-exec-10] DEBUG c.p.e.service.impl.CustomUserDetails - ======================================
2026-08-10 10:36:19 [http-nio-8080-exec-6] DEBUG c.p.e.service.impl.CustomUserDetails - ======================================
2026-08-10 10:36:19 [http-nio-8080-exec-6] DEBUG c.p.e.service.impl.CustomUserDetails - getUsername()
2026-08-10 10:36:19 [http-nio-8080-exec-6] DEBUG c.p.e.service.impl.CustomUserDetails - ======================================
2026-08-10 10:36:19 [http-nio-8080-exec-4] DEBUG c.p.e.service.impl.CustomUserDetails - ======================================
2026-08-10 10:36:19 [http-nio-8080-exec-7] DEBUG c.p.e.service.impl.CustomUserDetails - ======================================
2026-08-10 10:36:19 [http-nio-8080-exec-4] DEBUG c.p.e.service.impl.CustomUserDetails - getUsername()
2026-08-10 10:36:19 [http-nio-8080-exec-4] DEBUG c.p.e.service.impl.CustomUserDetails - ======================================
2026-08-10 10:36:19 [http-nio-8080-exec-7] DEBUG c.p.e.service.impl.CustomUserDetails - getUsername()
2026-08-10 10:36:19 [http-nio-8080-exec-7] DEBUG c.p.e.service.impl.CustomUserDetails - ======================================
2026-08-10 10:36:19 [http-nio-8080-exec-3] DEBUG c.p.e.service.impl.CustomUserDetails - ======================================
2026-08-10 10:36:19 [http-nio-8080-exec-3] DEBUG c.p.e.service.impl.CustomUserDetails - getUsername()
2026-08-10 10:36:19 [http-nio-8080-exec-3] DEBUG c.p.e.service.impl.CustomUserDetails - ======================================
2026-08-10 10:36:19 [http-nio-8080-exec-8] DEBUG c.p.e.service.impl.CustomUserDetails - ======================================
2026-08-10 10:36:19 [http-nio-8080-exec-8] DEBUG c.p.e.service.impl.CustomUserDetails - getUsername()
2026-08-10 10:36:19 [http-nio-8080-exec-8] DEBUG c.p.e.service.impl.CustomUserDetails - ======================================
2026-08-10 10:36:19 [http-nio-8080-exec-8] DEBUG c.p.e.service.impl.CustomUserDetails - ======================================
2026-08-10 10:36:19 [http-nio-8080-exec-8] DEBUG c.p.e.service.impl.CustomUserDetails - getUsername()
2026-08-10 10:36:19 [http-nio-8080-exec-8] DEBUG c.p.e.service.impl.CustomUserDetails - ======================================
2026-08-10 10:36:19 [http-nio-8080-exec-5] DEBUG c.p.e.service.impl.CustomUserDetails - ======================================
2026-08-10 10:36:19 [http-nio-8080-exec-5] DEBUG c.p.e.service.impl.CustomUserDetails - getUsername()
2026-08-10 10:36:19 [http-nio-8080-exec-5] DEBUG c.p.e.service.impl.CustomUserDetails - ======================================
2026-08-10 10:36:19 [http-nio-8080-exec-5] DEBUG c.p.e.service.impl.CustomUserDetails - ======================================
2026-08-10 10:36:19 [http-nio-8080-exec-5] DEBUG c.p.e.service.impl.CustomUserDetails - getUsername()
2026-08-10 10:36:19 [http-nio-8080-exec-5] DEBUG c.p.e.service.impl.CustomUserDetails - ======================================
2026-08-10 10:36:19 [http-nio-8080-exec-2] DEBUG c.p.e.service.impl.CustomUserDetails - ======================================
2026-08-10 10:36:19 [http-nio-8080-exec-2] DEBUG c.p.e.service.impl.CustomUserDetails - getUsername()
2026-08-10 10:36:19 [http-nio-8080-exec-2] DEBUG c.p.e.service.impl.CustomUserDetails - ======================================
2026-08-10 10:36:19 [http-nio-8080-exec-2] DEBUG c.p.e.service.impl.CustomUserDetails - ======================================
2026-08-10 10:36:19 [http-nio-8080-exec-2] DEBUG c.p.e.service.impl.CustomUserDetails - getUsername()
2026-08-10 10:36:19 [http-nio-8080-exec-2] DEBUG c.p.e.service.impl.CustomUserDetails - ======================================
2026-08-10 10:36:24 [http-nio-8080-exec-1] DEBUG c.p.e.service.impl.CustomUserDetails - ======================================
2026-08-10 10:36:24 [http-nio-8080-exec-1] DEBUG c.p.e.service.impl.CustomUserDetails - getUsername()
2026-08-10 10:36:24 [http-nio-8080-exec-1] DEBUG c.p.e.service.impl.CustomUserDetails - ======================================
2026-08-10 10:36:24 [http-nio-8080-exec-1] DEBUG c.p.e.service.impl.CustomUserDetails - ======================================
2026-08-10 10:36:24 [http-nio-8080-exec-1] DEBUG c.p.e.service.impl.CustomUserDetails - getUsername()
2026-08-10 10:36:24 [http-nio-8080-exec-1] DEBUG c.p.e.service.impl.CustomUserDetails - ======================================
2026-08-10 10:38:16 [File Watcher] INFO  o.s.b.d.a.LocalDevToolsAutoConfiguration$RestartingClassPathChangeChangedEventListener - Restarting due to 1 class path change (0 additions, 0 deletions, 1 modification)
2026-08-10 10:38:16 [Thread-5] INFO  o.s.b.w.e.tomcat.GracefulShutdown - Commencing graceful shutdown. Waiting for active requests to complete
2026-08-10 10:38:16 [tomcat-shutdown] INFO  o.s.b.w.e.tomcat.GracefulShutdown - Graceful shutdown complete
2026-08-10 10:38:16 [Thread-5] INFO  com.zaxxer.hikari.HikariDataSource - PCWK-HikariCP - Shutdown initiated...
2026-08-10 10:38:16 [Thread-5] INFO  com.zaxxer.hikari.HikariDataSource - PCWK-HikariCP - Shutdown completed.
2026-08-10 10:38:16 [restartedMain] INFO  com.pcwk.ehr.Sb04Application - Starting Sb04Application using Java 21.0.12 with PID 18980 (D:\CJFS_20260324\05_SPRING_BOOT\WORKSPACE\sb10\target\classes started by user in D:\CJFS_20260324\05_SPRING_BOOT\WORKSPACE\sb10)
2026-08-10 10:38:16 [restartedMain] DEBUG com.pcwk.ehr.Sb04Application - Running with Spring Boot v3.5.16, Spring v6.2.19
2026-08-10 10:38:16 [restartedMain] INFO  com.pcwk.ehr.Sb04Application - The following 1 profile is active: "app"
2026-08-10 10:38:16 [restartedMain] DEBUG o.m.s.b.a.MybatisAutoConfiguration - Searching for mappers annotated with @Mapper
2026-08-10 10:38:16 [restartedMain] DEBUG o.m.s.b.a.MybatisAutoConfiguration - Using auto-configuration base package 'com.pcwk.ehr'
2026-08-10 10:38:16 [restartedMain] DEBUG o.m.s.mapper.ClassPathMapperScanner - Identified candidate component class: file [D:\CJFS_20260324\05_SPRING_BOOT\WORKSPACE\sb10\target\classes\com\pcwk\ehr\mapper\TimeMapper.class]
2026-08-10 10:38:16 [restartedMain] DEBUG o.m.s.mapper.ClassPathMapperScanner - Identified candidate component class: file [D:\CJFS_20260324\05_SPRING_BOOT\WORKSPACE\sb10\target\classes\com\pcwk\ehr\mapper\UserMapper.class]
2026-08-10 10:38:16 [restartedMain] DEBUG o.m.s.mapper.ClassPathMapperScanner - Creating MapperFactoryBean with name 'timeMapper' and 'com.pcwk.ehr.mapper.TimeMapper' mapperInterface
2026-08-10 10:38:16 [restartedMain] DEBUG o.m.s.mapper.ClassPathMapperScanner - Creating MapperFactoryBean with name 'userMapper' and 'com.pcwk.ehr.mapper.UserMapper' mapperInterface
2026-08-10 10:38:16 [restartedMain] INFO  o.s.b.w.e.tomcat.TomcatWebServer - Tomcat initialized with port 8080 (http)
2026-08-10 10:38:16 [restartedMain] INFO  o.a.catalina.core.StandardService - Starting service [Tomcat]
2026-08-10 10:38:16 [restartedMain] INFO  o.a.catalina.core.StandardEngine - Starting Servlet engine: [Apache Tomcat/10.1.55]
2026-08-10 10:38:16 [restartedMain] INFO  o.a.c.c.C.[Tomcat].[localhost].[/] - Initializing Spring embedded WebApplicationContext
2026-08-10 10:38:16 [restartedMain] INFO  o.s.b.w.s.c.ServletWebServerApplicationContext - Root WebApplicationContext: initialization completed in 236 ms
2026-08-10 10:38:16 [restartedMain] WARN  o.a.c.c.C.[Tomcat].[localhost].[/] - Cannot deserialize session attribute [SPRING_SECURITY_CONTEXT] for session [46E466177E8FC9CCA26337829CF0E506]
2026-08-10 10:38:16 [restartedMain] DEBUG com.pcwk.ehr.cmn.AESCryptoUtil - ==============================
2026-08-10 10:38:16 [restartedMain] DEBUG com.pcwk.ehr.cmn.AESCryptoUtil - AESCryptoUtil.AESCryptoUtil()
2026-08-10 10:38:16 [restartedMain] DEBUG com.pcwk.ehr.cmn.AESCryptoUtil - ==============================
2026-08-10 10:38:16 [restartedMain] DEBUG c.p.e.c.DataSourceConfig$$SpringCGLIB$$0 - DataSouceConfig dataSource: HikariDataSource (null)
2026-08-10 10:38:16 [restartedMain] DEBUG o.m.spring.SqlSessionFactoryBean - Parsed mapper file: 'file [D:\CJFS_20260324\05_SPRING_BOOT\WORKSPACE\sb10\target\classes\mapper\time\TimeMapper.xml]'
2026-08-10 10:38:16 [restartedMain] DEBUG o.m.spring.SqlSessionFactoryBean - Parsed mapper file: 'file [D:\CJFS_20260324\05_SPRING_BOOT\WORKSPACE\sb10\target\classes\mapper\user\UserMapper.xml]'
2026-08-10 10:38:16 [restartedMain] DEBUG c.p.e.s.i.CustomerUserDetailsService - ======================================
2026-08-10 10:38:16 [restartedMain] DEBUG c.p.e.s.i.CustomerUserDetailsService - CustomerUserDetailsService()
2026-08-10 10:38:16 [restartedMain] DEBUG c.p.e.s.i.CustomerUserDetailsService - ======================================
2026-08-10 10:38:16 [restartedMain] DEBUG c.p.e.s.i.CustomerAuthenticationFailureHandler - ======================================
2026-08-10 10:38:16 [restartedMain] DEBUG c.p.e.s.i.CustomerAuthenticationFailureHandler - CustomerAuthenticationFailureHandler()
2026-08-10 10:38:16 [restartedMain] DEBUG c.p.e.s.i.CustomerAuthenticationFailureHandler - ======================================
2026-08-10 10:38:16 [restartedMain] DEBUG c.p.e.c.SecurityConfig$$SpringCGLIB$$0 - ┌──────────────────────────┐
2026-08-10 10:38:16 [restartedMain] DEBUG c.p.e.c.SecurityConfig$$SpringCGLIB$$0 - │SecrurityConfig()         │
2026-08-10 10:38:16 [restartedMain] DEBUG c.p.e.c.SecurityConfig$$SpringCGLIB$$0 - └──────────────────────────┘
2026-08-10 10:38:16 [restartedMain] DEBUG c.p.e.c.SecurityConfig$$SpringCGLIB$$0 - userDetailsService:com.pcwk.ehr.service.impl.CustomerUserDetailsService@7d23ec75
2026-08-10 10:38:16 [restartedMain] DEBUG c.p.e.c.SecurityConfig$$SpringCGLIB$$0 - failureHandler:com.pcwk.ehr.service.impl.CustomerAuthenticationFailureHandler@23d05071
2026-08-10 10:38:16 [restartedMain] DEBUG c.p.ehr.controller.BoardController - -----------------------
2026-08-10 10:38:16 [restartedMain] DEBUG c.p.ehr.controller.BoardController - -BoardController()-
2026-08-10 10:38:16 [restartedMain] DEBUG c.p.ehr.controller.BoardController - -----------------------
2026-08-10 10:38:16 [restartedMain] INFO  c.p.ehr.controller.HelloController - ===================
2026-08-10 10:38:16 [restartedMain] INFO  c.p.ehr.controller.HelloController - =HelloController1=
2026-08-10 10:38:16 [restartedMain] INFO  c.p.ehr.controller.HelloController - ===================
2026-08-10 10:38:16 [restartedMain] DEBUG c.p.ehr.controller.ThymeController - -----------------------
2026-08-10 10:38:16 [restartedMain] DEBUG c.p.ehr.controller.ThymeController - -ThymeController()-
2026-08-10 10:38:16 [restartedMain] DEBUG c.p.ehr.controller.ThymeController - -----------------------
2026-08-10 10:38:16 [restartedMain] DEBUG c.p.ehr.service.impl.UserServiceImpl - userMapper: org.apache.ibatis.binding.MapperProxy@6d286d1f
2026-08-10 10:38:16 [restartedMain] DEBUG c.p.ehr.service.impl.UserServiceImpl - aesCryptoUtil: com.pcwk.ehr.cmn.AESCryptoUtil@476cb038
2026-08-10 10:38:16 [restartedMain] DEBUG c.p.ehr.service.impl.UserServiceImpl - passwordEncoder: org.springframework.security.crypto.bcrypt.BCryptPasswordEncoder@1af2767a
2026-08-10 10:38:16 [restartedMain] DEBUG c.p.ehr.service.impl.UserServiceImpl - mailSender: org.springframework.mail.javamail.JavaMailSenderImpl@27084065
2026-08-10 10:38:16 [restartedMain] TRACE o.s.t.a.AnnotationTransactionAttributeSource - Adding transactional method 'com.pcwk.ehr.service.impl.UserServiceImpl.doDelete' with attribute: PROPAGATION_REQUIRED,ISOLATION_DEFAULT,-java.lang.Exception
2026-08-10 10:38:16 [restartedMain] TRACE o.s.t.a.AnnotationTransactionAttributeSource - Adding transactional method 'com.pcwk.ehr.service.impl.UserServiceImpl.upgradeLevels' with attribute: PROPAGATION_REQUIRES_NEW,ISOLATION_SERIALIZABLE,-java.lang.Exception
2026-08-10 10:38:16 [restartedMain] TRACE o.s.t.a.AnnotationTransactionAttributeSource - Adding transactional method 'com.pcwk.ehr.service.impl.UserServiceImpl.doUpdate' with attribute: PROPAGATION_REQUIRED,ISOLATION_DEFAULT,-java.lang.Exception
2026-08-10 10:38:16 [restartedMain] TRACE o.s.t.a.AnnotationTransactionAttributeSource - Adding transactional method 'com.pcwk.ehr.service.impl.UserServiceImpl.doSave' with attribute: PROPAGATION_REQUIRED,ISOLATION_DEFAULT,-java.lang.Exception
2026-08-10 10:38:16 [restartedMain] INFO  o.s.b.a.w.s.WelcomePageHandlerMapping - Adding welcome page template: index
2026-08-10 10:38:16 [restartedMain] INFO  o.s.s.c.a.a.c.InitializeUserDetailsBeanManagerConfigurer$InitializeUserDetailsManagerConfigurer - Global AuthenticationManager configured with UserDetailsService bean with name customerUserDetailsService
2026-08-10 10:38:16 [restartedMain] DEBUG c.p.e.c.SecurityConfig$$SpringCGLIB$$0 - ┌──────────────────────────┐
2026-08-10 10:38:16 [restartedMain] DEBUG c.p.e.c.SecurityConfig$$SpringCGLIB$$0 - │filterChain()             │
2026-08-10 10:38:16 [restartedMain] DEBUG c.p.e.c.SecurityConfig$$SpringCGLIB$$0 - └──────────────────────────┘
2026-08-10 10:38:16 [restartedMain] DEBUG c.p.e.c.SecurityConfig$$SpringCGLIB$$0 - http:org.springframework.security.config.annotation.web.builders.HttpSecurity@67c405d
2026-08-10 10:38:16 [restartedMain] DEBUG o.m.s.b.a.MybatisAutoConfiguration - Not found configuration for registering mapper bean using @MapperScan, MapperFactoryBean and MapperScannerConfigurer.
2026-08-10 10:38:16 [restartedMain] INFO  o.s.b.d.a.OptionalLiveReloadServer - LiveReload server is running on port 35729
2026-08-10 10:38:16 [restartedMain] INFO  o.s.b.w.e.tomcat.TomcatWebServer - Tomcat started on port 8080 (http) with context path '/'
2026-08-10 10:38:16 [restartedMain] INFO  com.pcwk.ehr.Sb04Application - Started Sb04Application in 0.433 seconds (process running for 4039.095)
2026-08-10 10:38:16 [restartedMain] INFO  o.s.b.d.a.ConditionEvaluationDeltaLoggingListener - Condition evaluation unchanged
2026-08-10 10:38:23 [File Watcher] INFO  o.s.b.d.a.LocalDevToolsAutoConfiguration$RestartingClassPathChangeChangedEventListener - Restarting due to 1 class path change (0 additions, 0 deletions, 1 modification)
2026-08-10 10:38:23 [Thread-9] INFO  o.s.b.w.e.tomcat.GracefulShutdown - Commencing graceful shutdown. Waiting for active requests to complete
2026-08-10 10:38:23 [tomcat-shutdown] INFO  o.s.b.w.e.tomcat.GracefulShutdown - Graceful shutdown complete
2026-08-10 10:38:23 [restartedMain] INFO  com.pcwk.ehr.Sb04Application - Starting Sb04Application using Java 21.0.12 with PID 18980 (D:\CJFS_20260324\05_SPRING_BOOT\WORKSPACE\sb10\target\classes started by user in D:\CJFS_20260324\05_SPRING_BOOT\WORKSPACE\sb10)
2026-08-10 10:38:23 [restartedMain] DEBUG com.pcwk.ehr.Sb04Application - Running with Spring Boot v3.5.16, Spring v6.2.19
2026-08-10 10:38:23 [restartedMain] INFO  com.pcwk.ehr.Sb04Application - The following 1 profile is active: "app"
2026-08-10 10:38:23 [restartedMain] DEBUG o.m.s.b.a.MybatisAutoConfiguration - Searching for mappers annotated with @Mapper
2026-08-10 10:38:23 [restartedMain] DEBUG o.m.s.b.a.MybatisAutoConfiguration - Using auto-configuration base package 'com.pcwk.ehr'
2026-08-10 10:38:23 [restartedMain] DEBUG o.m.s.mapper.ClassPathMapperScanner - Identified candidate component class: file [D:\CJFS_20260324\05_SPRING_BOOT\WORKSPACE\sb10\target\classes\com\pcwk\ehr\mapper\TimeMapper.class]
2026-08-10 10:38:23 [restartedMain] DEBUG o.m.s.mapper.ClassPathMapperScanner - Identified candidate component class: file [D:\CJFS_20260324\05_SPRING_BOOT\WORKSPACE\sb10\target\classes\com\pcwk\ehr\mapper\UserMapper.class]
2026-08-10 10:38:23 [restartedMain] DEBUG o.m.s.mapper.ClassPathMapperScanner - Creating MapperFactoryBean with name 'timeMapper' and 'com.pcwk.ehr.mapper.TimeMapper' mapperInterface
2026-08-10 10:38:23 [restartedMain] DEBUG o.m.s.mapper.ClassPathMapperScanner - Creating MapperFactoryBean with name 'userMapper' and 'com.pcwk.ehr.mapper.UserMapper' mapperInterface
2026-08-10 10:38:23 [restartedMain] INFO  o.s.b.w.e.tomcat.TomcatWebServer - Tomcat initialized with port 8080 (http)
2026-08-10 10:38:23 [restartedMain] INFO  o.a.catalina.core.StandardService - Starting service [Tomcat]
2026-08-10 10:38:23 [restartedMain] INFO  o.a.catalina.core.StandardEngine - Starting Servlet engine: [Apache Tomcat/10.1.55]
2026-08-10 10:38:23 [restartedMain] INFO  o.a.c.c.C.[Tomcat].[localhost].[/] - Initializing Spring embedded WebApplicationContext
2026-08-10 10:38:23 [restartedMain] INFO  o.s.b.w.s.c.ServletWebServerApplicationContext - Root WebApplicationContext: initialization completed in 136 ms
2026-08-10 10:38:23 [restartedMain] DEBUG com.pcwk.ehr.cmn.AESCryptoUtil - ==============================
2026-08-10 10:38:23 [restartedMain] DEBUG com.pcwk.ehr.cmn.AESCryptoUtil - AESCryptoUtil.AESCryptoUtil()
2026-08-10 10:38:23 [restartedMain] DEBUG com.pcwk.ehr.cmn.AESCryptoUtil - ==============================
2026-08-10 10:38:23 [restartedMain] DEBUG c.p.e.c.DataSourceConfig$$SpringCGLIB$$0 - DataSouceConfig dataSource: HikariDataSource (null)
2026-08-10 10:38:23 [restartedMain] DEBUG o.m.spring.SqlSessionFactoryBean - Parsed mapper file: 'file [D:\CJFS_20260324\05_SPRING_BOOT\WORKSPACE\sb10\target\classes\mapper\time\TimeMapper.xml]'
2026-08-10 10:38:23 [restartedMain] DEBUG o.m.spring.SqlSessionFactoryBean - Parsed mapper file: 'file [D:\CJFS_20260324\05_SPRING_BOOT\WORKSPACE\sb10\target\classes\mapper\user\UserMapper.xml]'
2026-08-10 10:38:23 [restartedMain] DEBUG c.p.e.s.i.CustomerUserDetailsService - ======================================
2026-08-10 10:38:23 [restartedMain] DEBUG c.p.e.s.i.CustomerUserDetailsService - CustomerUserDetailsService()
2026-08-10 10:38:23 [restartedMain] DEBUG c.p.e.s.i.CustomerUserDetailsService - ======================================
2026-08-10 10:38:23 [restartedMain] DEBUG c.p.e.s.i.CustomerAuthenticationFailureHandler - ======================================
2026-08-10 10:38:23 [restartedMain] DEBUG c.p.e.s.i.CustomerAuthenticationFailureHandler - CustomerAuthenticationFailureHandler()
2026-08-10 10:38:23 [restartedMain] DEBUG c.p.e.s.i.CustomerAuthenticationFailureHandler - ======================================
2026-08-10 10:38:23 [restartedMain] DEBUG c.p.e.c.SecurityConfig$$SpringCGLIB$$0 - ┌──────────────────────────┐
2026-08-10 10:38:23 [restartedMain] DEBUG c.p.e.c.SecurityConfig$$SpringCGLIB$$0 - │SecrurityConfig()         │
2026-08-10 10:38:23 [restartedMain] DEBUG c.p.e.c.SecurityConfig$$SpringCGLIB$$0 - └──────────────────────────┘
2026-08-10 10:38:23 [restartedMain] DEBUG c.p.e.c.SecurityConfig$$SpringCGLIB$$0 - userDetailsService:com.pcwk.ehr.service.impl.CustomerUserDetailsService@91adf6c
2026-08-10 10:38:23 [restartedMain] DEBUG c.p.e.c.SecurityConfig$$SpringCGLIB$$0 - failureHandler:com.pcwk.ehr.service.impl.CustomerAuthenticationFailureHandler@2c1fe8bb
2026-08-10 10:38:23 [restartedMain] DEBUG c.p.ehr.controller.BoardController - -----------------------
2026-08-10 10:38:23 [restartedMain] DEBUG c.p.ehr.controller.BoardController - -BoardController()-
2026-08-10 10:38:23 [restartedMain] DEBUG c.p.ehr.controller.BoardController - -----------------------
2026-08-10 10:38:23 [restartedMain] INFO  c.p.ehr.controller.HelloController - ===================
2026-08-10 10:38:23 [restartedMain] INFO  c.p.ehr.controller.HelloController - =HelloController1=
2026-08-10 10:38:23 [restartedMain] INFO  c.p.ehr.controller.HelloController - ===================
2026-08-10 10:38:23 [restartedMain] DEBUG c.p.ehr.controller.ThymeController - -----------------------
2026-08-10 10:38:23 [restartedMain] DEBUG c.p.ehr.controller.ThymeController - -ThymeController()-
2026-08-10 10:38:23 [restartedMain] DEBUG c.p.ehr.controller.ThymeController - -----------------------
2026-08-10 10:38:23 [restartedMain] DEBUG c.p.ehr.service.impl.UserServiceImpl - userMapper: org.apache.ibatis.binding.MapperProxy@6db84172
2026-08-10 10:38:23 [restartedMain] DEBUG c.p.ehr.service.impl.UserServiceImpl - aesCryptoUtil: com.pcwk.ehr.cmn.AESCryptoUtil@312d5ace
2026-08-10 10:38:23 [restartedMain] DEBUG c.p.ehr.service.impl.UserServiceImpl - passwordEncoder: org.springframework.security.crypto.bcrypt.BCryptPasswordEncoder@7ee49640
2026-08-10 10:38:23 [restartedMain] DEBUG c.p.ehr.service.impl.UserServiceImpl - mailSender: org.springframework.mail.javamail.JavaMailSenderImpl@3de9f7bb
2026-08-10 10:38:23 [restartedMain] TRACE o.s.t.a.AnnotationTransactionAttributeSource - Adding transactional method 'com.pcwk.ehr.service.impl.UserServiceImpl.doDelete' with attribute: PROPAGATION_REQUIRED,ISOLATION_DEFAULT,-java.lang.Exception
2026-08-10 10:38:23 [restartedMain] TRACE o.s.t.a.AnnotationTransactionAttributeSource - Adding transactional method 'com.pcwk.ehr.service.impl.UserServiceImpl.upgradeLevels' with attribute: PROPAGATION_REQUIRES_NEW,ISOLATION_SERIALIZABLE,-java.lang.Exception
2026-08-10 10:38:23 [restartedMain] TRACE o.s.t.a.AnnotationTransactionAttributeSource - Adding transactional method 'com.pcwk.ehr.service.impl.UserServiceImpl.doUpdate' with attribute: PROPAGATION_REQUIRED,ISOLATION_DEFAULT,-java.lang.Exception
2026-08-10 10:38:23 [restartedMain] TRACE o.s.t.a.AnnotationTransactionAttributeSource - Adding transactional method 'com.pcwk.ehr.service.impl.UserServiceImpl.doSave' with attribute: PROPAGATION_REQUIRED,ISOLATION_DEFAULT,-java.lang.Exception
2026-08-10 10:38:23 [restartedMain] INFO  o.s.b.a.w.s.WelcomePageHandlerMapping - Adding welcome page template: index
2026-08-10 10:38:23 [restartedMain] INFO  o.s.s.c.a.a.c.InitializeUserDetailsBeanManagerConfigurer$InitializeUserDetailsManagerConfigurer - Global AuthenticationManager configured with UserDetailsService bean with name customerUserDetailsService
2026-08-10 10:38:23 [restartedMain] DEBUG c.p.e.c.SecurityConfig$$SpringCGLIB$$0 - ┌──────────────────────────┐
2026-08-10 10:38:23 [restartedMain] DEBUG c.p.e.c.SecurityConfig$$SpringCGLIB$$0 - │filterChain()             │
2026-08-10 10:38:23 [restartedMain] DEBUG c.p.e.c.SecurityConfig$$SpringCGLIB$$0 - └──────────────────────────┘
2026-08-10 10:38:23 [restartedMain] DEBUG c.p.e.c.SecurityConfig$$SpringCGLIB$$0 - http:org.springframework.security.config.annotation.web.builders.HttpSecurity@56c418b1
2026-08-10 10:38:23 [restartedMain] DEBUG o.m.s.b.a.MybatisAutoConfiguration - Not found configuration for registering mapper bean using @MapperScan, MapperFactoryBean and MapperScannerConfigurer.
2026-08-10 10:38:23 [restartedMain] INFO  o.s.b.d.a.OptionalLiveReloadServer - LiveReload server is running on port 35729
2026-08-10 10:38:23 [restartedMain] INFO  o.s.b.w.e.tomcat.TomcatWebServer - Tomcat started on port 8080 (http) with context path '/'
2026-08-10 10:38:23 [restartedMain] INFO  com.pcwk.ehr.Sb04Application - Started Sb04Application in 0.273 seconds (process running for 4045.899)
2026-08-10 10:38:23 [restartedMain] INFO  o.s.b.d.a.ConditionEvaluationDeltaLoggingListener - Condition evaluation unchanged
2026-08-10 10:38:25 [RMI TCP Connection(79)-127.0.0.1] INFO  o.s.b.a.SpringApplicationAdminMXBeanRegistrar$SpringApplicationAdmin - Application shutdown requested.
2026-08-10 10:38:25 [RMI TCP Connection(79)-127.0.0.1] INFO  o.s.b.w.e.tomcat.GracefulShutdown - Commencing graceful shutdown. Waiting for active requests to complete
2026-08-10 10:38:25 [tomcat-shutdown] INFO  o.s.b.w.e.tomcat.GracefulShutdown - Graceful shutdown complete
2026-08-10 10:39:05 [restartedMain] INFO  com.pcwk.ehr.Sb04Application - Starting Sb04Application using Java 21.0.12 with PID 14228 (D:\CJFS_20260324\05_SPRING_BOOT\WORKSPACE\sb10\target\classes started by user in D:\CJFS_20260324\05_SPRING_BOOT\WORKSPACE\sb10)
2026-08-10 10:39:05 [restartedMain] DEBUG com.pcwk.ehr.Sb04Application - Running with Spring Boot v3.5.16, Spring v6.2.19
2026-08-10 10:39:05 [restartedMain] INFO  com.pcwk.ehr.Sb04Application - The following 1 profile is active: "app"
2026-08-10 10:39:05 [restartedMain] INFO  o.s.b.d.restart.ChangeableUrls - The Class-Path manifest attribute in C:\Users\user\.m2\repository\com\oracle\database\jdbc\ojdbc11\23.7.0.25.01\ojdbc11-23.7.0.25.01.jar referenced one or more files that do not exist: file:/C:/Users/user/.m2/repository/com/oracle/database/jdbc/ojdbc11/23.7.0.25.01/oraclepki.jar
2026-08-10 10:39:05 [restartedMain] INFO  o.s.b.d.e.DevToolsPropertyDefaultsPostProcessor - Devtools property defaults active! Set 'spring.devtools.add-properties' to 'false' to disable
2026-08-10 10:39:05 [restartedMain] INFO  o.s.b.d.e.DevToolsPropertyDefaultsPostProcessor - For additional web related logging consider setting the 'logging.level.web' property to 'DEBUG'
2026-08-10 10:39:05 [restartedMain] DEBUG o.m.s.b.a.MybatisAutoConfiguration - Searching for mappers annotated with @Mapper
2026-08-10 10:39:05 [restartedMain] DEBUG o.m.s.b.a.MybatisAutoConfiguration - Using auto-configuration base package 'com.pcwk.ehr'
2026-08-10 10:39:06 [restartedMain] DEBUG o.m.s.mapper.ClassPathMapperScanner - Identified candidate component class: file [D:\CJFS_20260324\05_SPRING_BOOT\WORKSPACE\sb10\target\classes\com\pcwk\ehr\mapper\TimeMapper.class]
2026-08-10 10:39:06 [restartedMain] DEBUG o.m.s.mapper.ClassPathMapperScanner - Identified candidate component class: file [D:\CJFS_20260324\05_SPRING_BOOT\WORKSPACE\sb10\target\classes\com\pcwk\ehr\mapper\UserMapper.class]
2026-08-10 10:39:06 [restartedMain] DEBUG o.m.s.mapper.ClassPathMapperScanner - Creating MapperFactoryBean with name 'timeMapper' and 'com.pcwk.ehr.mapper.TimeMapper' mapperInterface
2026-08-10 10:39:06 [restartedMain] DEBUG o.m.s.mapper.ClassPathMapperScanner - Creating MapperFactoryBean with name 'userMapper' and 'com.pcwk.ehr.mapper.UserMapper' mapperInterface
2026-08-10 10:39:06 [restartedMain] INFO  o.s.b.w.e.tomcat.TomcatWebServer - Tomcat initialized with port 8080 (http)
2026-08-10 10:39:06 [restartedMain] INFO  o.a.catalina.core.StandardService - Starting service [Tomcat]
2026-08-10 10:39:06 [restartedMain] INFO  o.a.catalina.core.StandardEngine - Starting Servlet engine: [Apache Tomcat/10.1.55]
2026-08-10 10:39:06 [restartedMain] INFO  o.a.c.c.C.[Tomcat].[localhost].[/] - Initializing Spring embedded WebApplicationContext
2026-08-10 10:39:06 [restartedMain] INFO  o.s.b.w.s.c.ServletWebServerApplicationContext - Root WebApplicationContext: initialization completed in 725 ms
2026-08-10 10:39:06 [restartedMain] DEBUG com.pcwk.ehr.cmn.AESCryptoUtil - ==============================
2026-08-10 10:39:06 [restartedMain] DEBUG com.pcwk.ehr.cmn.AESCryptoUtil - AESCryptoUtil.AESCryptoUtil()
2026-08-10 10:39:06 [restartedMain] DEBUG com.pcwk.ehr.cmn.AESCryptoUtil - ==============================
2026-08-10 10:39:06 [restartedMain] DEBUG c.p.e.c.DataSourceConfig$$SpringCGLIB$$0 - DataSouceConfig dataSource: HikariDataSource (null)
2026-08-10 10:39:06 [restartedMain] DEBUG o.m.spring.SqlSessionFactoryBean - Parsed mapper file: 'file [D:\CJFS_20260324\05_SPRING_BOOT\WORKSPACE\sb10\target\classes\mapper\time\TimeMapper.xml]'
2026-08-10 10:39:06 [restartedMain] DEBUG o.m.spring.SqlSessionFactoryBean - Parsed mapper file: 'file [D:\CJFS_20260324\05_SPRING_BOOT\WORKSPACE\sb10\target\classes\mapper\user\UserMapper.xml]'
2026-08-10 10:39:06 [restartedMain] DEBUG c.p.e.s.i.CustomerUserDetailsService - ======================================
2026-08-10 10:39:06 [restartedMain] DEBUG c.p.e.s.i.CustomerUserDetailsService - CustomerUserDetailsService()
2026-08-10 10:39:06 [restartedMain] DEBUG c.p.e.s.i.CustomerUserDetailsService - ======================================
2026-08-10 10:39:06 [restartedMain] DEBUG c.p.e.s.i.CustomerAuthenticationFailureHandler - ======================================
2026-08-10 10:39:06 [restartedMain] DEBUG c.p.e.s.i.CustomerAuthenticationFailureHandler - CustomerAuthenticationFailureHandler()
2026-08-10 10:39:06 [restartedMain] DEBUG c.p.e.s.i.CustomerAuthenticationFailureHandler - ======================================
2026-08-10 10:39:06 [restartedMain] DEBUG c.p.e.c.SecurityConfig$$SpringCGLIB$$0 - ┌──────────────────────────┐
2026-08-10 10:39:06 [restartedMain] DEBUG c.p.e.c.SecurityConfig$$SpringCGLIB$$0 - │SecrurityConfig()         │
2026-08-10 10:39:06 [restartedMain] DEBUG c.p.e.c.SecurityConfig$$SpringCGLIB$$0 - └──────────────────────────┘
2026-08-10 10:39:06 [restartedMain] DEBUG c.p.e.c.SecurityConfig$$SpringCGLIB$$0 - userDetailsService:com.pcwk.ehr.service.impl.CustomerUserDetailsService@312dc0ee
2026-08-10 10:39:06 [restartedMain] DEBUG c.p.e.c.SecurityConfig$$SpringCGLIB$$0 - failureHandler:com.pcwk.ehr.service.impl.CustomerAuthenticationFailureHandler@74e4075e
2026-08-10 10:39:06 [restartedMain] DEBUG c.p.ehr.controller.BoardController - -----------------------
2026-08-10 10:39:06 [restartedMain] DEBUG c.p.ehr.controller.BoardController - -BoardController()-
2026-08-10 10:39:06 [restartedMain] DEBUG c.p.ehr.controller.BoardController - -----------------------
2026-08-10 10:39:06 [restartedMain] INFO  c.p.ehr.controller.HelloController - ===================
2026-08-10 10:39:06 [restartedMain] INFO  c.p.ehr.controller.HelloController - =HelloController1=
2026-08-10 10:39:06 [restartedMain] INFO  c.p.ehr.controller.HelloController - ===================
2026-08-10 10:39:06 [restartedMain] DEBUG c.p.ehr.controller.ThymeController - -----------------------
2026-08-10 10:39:06 [restartedMain] DEBUG c.p.ehr.controller.ThymeController - -ThymeController()-
2026-08-10 10:39:06 [restartedMain] DEBUG c.p.ehr.controller.ThymeController - -----------------------
2026-08-10 10:39:06 [restartedMain] DEBUG c.p.ehr.service.impl.UserServiceImpl - userMapper: org.apache.ibatis.binding.MapperProxy@65c421e6
2026-08-10 10:39:06 [restartedMain] DEBUG c.p.ehr.service.impl.UserServiceImpl - aesCryptoUtil: com.pcwk.ehr.cmn.AESCryptoUtil@315b4486
2026-08-10 10:39:06 [restartedMain] DEBUG c.p.ehr.service.impl.UserServiceImpl - passwordEncoder: org.springframework.security.crypto.bcrypt.BCryptPasswordEncoder@284efac2
2026-08-10 10:39:06 [restartedMain] DEBUG c.p.ehr.service.impl.UserServiceImpl - mailSender: org.springframework.mail.javamail.JavaMailSenderImpl@25567c27
2026-08-10 10:39:06 [restartedMain] TRACE o.s.t.a.AnnotationTransactionAttributeSource - Adding transactional method 'com.pcwk.ehr.service.impl.UserServiceImpl.doDelete' with attribute: PROPAGATION_REQUIRED,ISOLATION_DEFAULT,-java.lang.Exception
2026-08-10 10:39:06 [restartedMain] TRACE o.s.t.a.AnnotationTransactionAttributeSource - Adding transactional method 'com.pcwk.ehr.service.impl.UserServiceImpl.upgradeLevels' with attribute: PROPAGATION_REQUIRES_NEW,ISOLATION_SERIALIZABLE,-java.lang.Exception
2026-08-10 10:39:06 [restartedMain] TRACE o.s.t.a.AnnotationTransactionAttributeSource - Adding transactional method 'com.pcwk.ehr.service.impl.UserServiceImpl.doSave' with attribute: PROPAGATION_REQUIRED,ISOLATION_DEFAULT,-java.lang.Exception
2026-08-10 10:39:06 [restartedMain] TRACE o.s.t.a.AnnotationTransactionAttributeSource - Adding transactional method 'com.pcwk.ehr.service.impl.UserServiceImpl.doUpdate' with attribute: PROPAGATION_REQUIRED,ISOLATION_DEFAULT,-java.lang.Exception
2026-08-10 10:39:06 [restartedMain] INFO  o.s.b.a.w.s.WelcomePageHandlerMapping - Adding welcome page template: index
2026-08-10 10:39:06 [restartedMain] INFO  o.s.s.c.a.a.c.InitializeUserDetailsBeanManagerConfigurer$InitializeUserDetailsManagerConfigurer - Global AuthenticationManager configured with UserDetailsService bean with name customerUserDetailsService
2026-08-10 10:39:06 [restartedMain] DEBUG c.p.e.c.SecurityConfig$$SpringCGLIB$$0 - ┌──────────────────────────┐
2026-08-10 10:39:06 [restartedMain] DEBUG c.p.e.c.SecurityConfig$$SpringCGLIB$$0 - │filterChain()             │
2026-08-10 10:39:06 [restartedMain] DEBUG c.p.e.c.SecurityConfig$$SpringCGLIB$$0 - └──────────────────────────┘
2026-08-10 10:39:06 [restartedMain] DEBUG c.p.e.c.SecurityConfig$$SpringCGLIB$$0 - http:org.springframework.security.config.annotation.web.builders.HttpSecurity@5c8d349d
2026-08-10 10:39:06 [restartedMain] DEBUG o.m.s.b.a.MybatisAutoConfiguration - Not found configuration for registering mapper bean using @MapperScan, MapperFactoryBean and MapperScannerConfigurer.
2026-08-10 10:39:06 [restartedMain] INFO  o.s.b.d.a.OptionalLiveReloadServer - LiveReload server is running on port 35729
2026-08-10 10:39:06 [restartedMain] INFO  o.s.b.w.e.tomcat.TomcatWebServer - Tomcat started on port 8080 (http) with context path '/'
2026-08-10 10:39:06 [restartedMain] INFO  com.pcwk.ehr.Sb04Application - Started Sb04Application in 1.791 seconds (process running for 2.203)
2026-08-10 10:39:08 [http-nio-8080-exec-1] INFO  o.a.c.c.C.[Tomcat].[localhost].[/] - Initializing Spring DispatcherServlet 'dispatcherServlet'
2026-08-10 10:39:08 [http-nio-8080-exec-1] INFO  o.s.web.servlet.DispatcherServlet - Initializing Servlet 'dispatcherServlet'
2026-08-10 10:39:08 [http-nio-8080-exec-1] INFO  o.s.web.servlet.DispatcherServlet - Completed initialization in 0 ms
2026-08-10 10:39:09 [http-nio-8080-exec-2] DEBUG c.p.ehr.controller.LoginController - -----------------------
2026-08-10 10:39:09 [http-nio-8080-exec-2] DEBUG c.p.ehr.controller.LoginController - -login()-
2026-08-10 10:39:09 [http-nio-8080-exec-2] DEBUG c.p.ehr.controller.LoginController - -----------------------
2026-08-10 10:39:10 [http-nio-8080-exec-8] DEBUG c.p.ehr.controller.LoginController - -----------------------
2026-08-10 10:39:10 [http-nio-8080-exec-8] DEBUG c.p.ehr.controller.LoginController - -login()-
2026-08-10 10:39:10 [http-nio-8080-exec-8] DEBUG c.p.ehr.controller.LoginController - -----------------------
2026-08-10 10:39:10 [http-nio-8080-exec-1] DEBUG c.p.ehr.controller.LoginController - -----------------------
2026-08-10 10:39:10 [http-nio-8080-exec-1] DEBUG c.p.ehr.controller.LoginController - -login()-
2026-08-10 10:39:10 [http-nio-8080-exec-1] DEBUG c.p.ehr.controller.LoginController - -----------------------
2026-08-10 10:39:10 [http-nio-8080-exec-2] DEBUG c.p.ehr.controller.LoginController - -----------------------
2026-08-10 10:39:10 [http-nio-8080-exec-2] DEBUG c.p.ehr.controller.LoginController - -login()-
2026-08-10 10:39:10 [http-nio-8080-exec-2] DEBUG c.p.ehr.controller.LoginController - -----------------------
2026-08-10 10:39:13 [http-nio-8080-exec-7] DEBUG c.p.e.s.i.CustomerUserDetailsService - ======================================
2026-08-10 10:39:13 [http-nio-8080-exec-7] DEBUG c.p.e.s.i.CustomerUserDetailsService - loadUserByUsername()
2026-08-10 10:39:13 [http-nio-8080-exec-7] DEBUG c.p.e.s.i.CustomerUserDetailsService - ======================================
2026-08-10 10:39:13 [http-nio-8080-exec-7] DEBUG c.p.e.s.i.CustomerUserDetailsService - 1.username: pcwk1
2026-08-10 10:39:13 [http-nio-8080-exec-7] DEBUG c.p.e.s.i.CustomerUserDetailsService - 2.param: UserVO [userId=pcwk1, name=null, password=null, login=0, recommend=0, email=null, grade=null, regDt=null, toString()=DTO [pageNo=0, pageSize=0, no=0, totalCnt=0, searchDiv=null, searchWord=null, searchMap={}, startNo=0, endNo=0, pre=false, next=false]]
2026-08-10 10:39:13 [http-nio-8080-exec-7] DEBUG org.mybatis.spring.SqlSessionUtils - Creating a new SqlSession
2026-08-10 10:39:13 [http-nio-8080-exec-7] DEBUG org.mybatis.spring.SqlSessionUtils - SqlSession [org.apache.ibatis.session.defaults.DefaultSqlSession@577af430] was not registered for synchronization because synchronization is not active
2026-08-10 10:39:13 [http-nio-8080-exec-7] INFO  com.zaxxer.hikari.HikariDataSource - PCWK-HikariCP - Starting...
2026-08-10 10:39:13 [http-nio-8080-exec-7] WARN  c.z.hikari.util.DriverDataSource - Registered driver with driverClassName=oracle.jdbc.driver.OracleDriver was not found, trying direct instantiation.
2026-08-10 10:39:14 [http-nio-8080-exec-7] INFO  com.zaxxer.hikari.pool.HikariPool - PCWK-HikariCP - Added connection oracle.jdbc.driver.T4CConnection@1ddd7265
2026-08-10 10:39:14 [http-nio-8080-exec-7] INFO  com.zaxxer.hikari.HikariDataSource - PCWK-HikariCP - Start completed.
2026-08-10 10:39:14 [http-nio-8080-exec-7] DEBUG o.m.s.t.SpringManagedTransaction - JDBC Connection [HikariProxyConnection@2144935154 wrapping oracle.jdbc.driver.T4CConnection@1ddd7265] will not be managed by Spring
2026-08-10 10:39:14 [http-nio-8080-exec-7] DEBUG c.p.e.mapper.UserMapper.doSelectOne - ==>  Preparing: SELECT user_id, name, password, login, recommend, email, DECODE(grade,1,'BASIC' ,2,'SILVER' ,3,'GOLD' ) grade, TO_CHAR(reg_dt,'YYYY/MM/DD HH24:MI:SS') reg_dt FROM member WHERE user_id = ?
2026-08-10 10:39:14 [http-nio-8080-exec-7] DEBUG c.p.e.mapper.UserMapper.doSelectOne - ==> Parameters: pcwk1(String)
2026-08-10 10:39:14 [http-nio-8080-exec-7] DEBUG c.p.e.mapper.UserMapper.doSelectOne - <==      Total: 1
2026-08-10 10:39:14 [http-nio-8080-exec-7] DEBUG org.mybatis.spring.SqlSessionUtils - Closing non transactional SqlSession [org.apache.ibatis.session.defaults.DefaultSqlSession@577af430]
2026-08-10 10:39:14 [http-nio-8080-exec-7] DEBUG c.p.e.s.i.CustomerUserDetailsService - 3.outVO: UserVO [userId=pcwk1, name=Q9/M7tWCdcex5ND3/bbM9w==, password=$2a$12$HBp2ySacblGeTBWYnXCyeu49zWneNkNwg1Nx4YiN0Mea5PoGt1wSi, login=1, recommend=1, email=jamesol1@naver.com, grade=SILVER, regDt=2026/08/10 08:53:41, toString()=DTO [pageNo=0, pageSize=0, no=0, totalCnt=0, searchDiv=null, searchWord=null, searchMap={}, startNo=0, endNo=0, pre=false, next=false]]
2026-08-10 10:39:14 [http-nio-8080-exec-7] DEBUG c.p.e.service.impl.CustomUserDetails - ======================================
2026-08-10 10:39:14 [http-nio-8080-exec-7] DEBUG c.p.e.service.impl.CustomUserDetails - CustomUserDetails()
2026-08-10 10:39:14 [http-nio-8080-exec-7] DEBUG c.p.e.service.impl.CustomUserDetails - ======================================
2026-08-10 10:39:14 [http-nio-8080-exec-7] DEBUG c.p.e.service.impl.CustomUserDetails - ======================================
2026-08-10 10:39:14 [http-nio-8080-exec-7] DEBUG c.p.e.service.impl.CustomUserDetails - getAuthorities()
2026-08-10 10:39:14 [http-nio-8080-exec-7] DEBUG c.p.e.service.impl.CustomUserDetails - ======================================
2026-08-10 10:39:15 [http-nio-8080-exec-6] DEBUG c.pcwk.ehr.controller.MainController - ==============================
2026-08-10 10:39:15 [http-nio-8080-exec-6] DEBUG c.pcwk.ehr.controller.MainController - index()
2026-08-10 10:39:15 [http-nio-8080-exec-6] DEBUG c.pcwk.ehr.controller.MainController - ==============================
2026-08-10 10:39:15 [http-nio-8080-exec-6] DEBUG c.pcwk.ehr.controller.MainController - user:com.pcwk.ehr.service.impl.CustomUserDetails@4045a24a
2026-08-10 10:39:15 [http-nio-8080-exec-6] DEBUG c.p.e.service.impl.CustomUserDetails - ======================================
2026-08-10 10:39:15 [http-nio-8080-exec-6] DEBUG c.p.e.service.impl.CustomUserDetails - getUsername()
2026-08-10 10:39:15 [http-nio-8080-exec-6] DEBUG c.p.e.service.impl.CustomUserDetails - ======================================
2026-08-10 10:39:15 [http-nio-8080-exec-6] DEBUG c.pcwk.ehr.controller.MainController - user.getUsername():pcwk1
2026-08-10 10:39:15 [http-nio-8080-exec-6] DEBUG c.p.e.service.impl.CustomUserDetails - ======================================
2026-08-10 10:39:15 [http-nio-8080-exec-6] DEBUG c.p.e.service.impl.CustomUserDetails - getUsername()
2026-08-10 10:39:15 [http-nio-8080-exec-6] DEBUG c.p.e.service.impl.CustomUserDetails - ======================================
2026-08-10 10:39:15 [http-nio-8080-exec-6] DEBUG c.p.e.service.impl.CustomUserDetails - ======================================
2026-08-10 10:39:15 [http-nio-8080-exec-6] DEBUG c.p.e.service.impl.CustomUserDetails - getUsername()
2026-08-10 10:39:15 [http-nio-8080-exec-6] DEBUG c.p.e.service.impl.CustomUserDetails - ======================================
2026-08-10 10:39:15 [http-nio-8080-exec-3] DEBUG c.p.e.service.impl.CustomUserDetails - ======================================
2026-08-10 10:39:15 [http-nio-8080-exec-5] DEBUG c.p.e.service.impl.CustomUserDetails - ======================================
2026-08-10 10:39:15 [http-nio-8080-exec-3] DEBUG c.p.e.service.impl.CustomUserDetails - getUsername()
2026-08-10 10:39:15 [http-nio-8080-exec-3] DEBUG c.p.e.service.impl.CustomUserDetails - ======================================
2026-08-10 10:39:15 [http-nio-8080-exec-5] DEBUG c.p.e.service.impl.CustomUserDetails - getUsername()
2026-08-10 10:39:15 [http-nio-8080-exec-5] DEBUG c.p.e.service.impl.CustomUserDetails - ======================================
2026-08-10 10:39:15 [http-nio-8080-exec-10] DEBUG c.p.e.service.impl.CustomUserDetails - ======================================
2026-08-10 10:39:15 [http-nio-8080-exec-10] DEBUG c.p.e.service.impl.CustomUserDetails - getUsername()
2026-08-10 10:39:15 [http-nio-8080-exec-10] DEBUG c.p.e.service.impl.CustomUserDetails - ======================================
2026-08-10 10:39:15 [http-nio-8080-exec-4] DEBUG c.p.e.service.impl.CustomUserDetails - ======================================
2026-08-10 10:39:15 [http-nio-8080-exec-4] DEBUG c.p.e.service.impl.CustomUserDetails - getUsername()
2026-08-10 10:39:15 [http-nio-8080-exec-4] DEBUG c.p.e.service.impl.CustomUserDetails - ======================================
2026-08-10 10:39:15 [http-nio-8080-exec-9] DEBUG c.p.e.service.impl.CustomUserDetails - ======================================
2026-08-10 10:39:15 [http-nio-8080-exec-9] DEBUG c.p.e.service.impl.CustomUserDetails - getUsername()
2026-08-10 10:39:15 [http-nio-8080-exec-9] DEBUG c.p.e.service.impl.CustomUserDetails - ======================================
2026-08-10 10:39:15 [http-nio-8080-exec-8] DEBUG c.p.e.service.impl.CustomUserDetails - ======================================
2026-08-10 10:39:15 [http-nio-8080-exec-8] DEBUG c.p.e.service.impl.CustomUserDetails - getUsername()
2026-08-10 10:39:15 [http-nio-8080-exec-8] DEBUG c.p.e.service.impl.CustomUserDetails - ======================================
2026-08-10 10:39:15 [http-nio-8080-exec-1] DEBUG c.p.e.service.impl.CustomUserDetails - ======================================
2026-08-10 10:39:15 [http-nio-8080-exec-1] DEBUG c.p.e.service.impl.CustomUserDetails - getUsername()
2026-08-10 10:39:15 [http-nio-8080-exec-1] DEBUG c.p.e.service.impl.CustomUserDetails - ======================================
2026-08-10 10:39:15 [http-nio-8080-exec-8] DEBUG c.p.e.service.impl.CustomUserDetails - ======================================
2026-08-10 10:39:15 [http-nio-8080-exec-1] DEBUG c.p.e.service.impl.CustomUserDetails - ======================================
2026-08-10 10:39:15 [http-nio-8080-exec-8] DEBUG c.p.e.service.impl.CustomUserDetails - getUsername()
2026-08-10 10:39:15 [http-nio-8080-exec-1] DEBUG c.p.e.service.impl.CustomUserDetails - getUsername()
2026-08-10 10:39:15 [http-nio-8080-exec-8] DEBUG c.p.e.service.impl.CustomUserDetails - ======================================
2026-08-10 10:39:15 [http-nio-8080-exec-1] DEBUG c.p.e.service.impl.CustomUserDetails - ======================================
2026-08-10 10:39:15 [http-nio-8080-exec-9] DEBUG c.p.e.service.impl.CustomUserDetails - ======================================
2026-08-10 10:39:15 [http-nio-8080-exec-9] DEBUG c.p.e.service.impl.CustomUserDetails - getUsername()
2026-08-10 10:39:15 [http-nio-8080-exec-9] DEBUG c.p.e.service.impl.CustomUserDetails - ======================================
2026-08-10 10:39:15 [http-nio-8080-exec-2] DEBUG c.pcwk.ehr.controller.UserController - ---------------------------
2026-08-10 10:39:15 [http-nio-8080-exec-2] DEBUG c.pcwk.ehr.controller.UserController - doRetrieve()*
2026-08-10 10:39:15 [http-nio-8080-exec-2] DEBUG c.pcwk.ehr.controller.UserController - ---------------------------
2026-08-10 10:39:15 [http-nio-8080-exec-2] DEBUG c.pcwk.ehr.controller.UserController - 1.searchDiv: 
2026-08-10 10:39:15 [http-nio-8080-exec-2] DEBUG c.pcwk.ehr.controller.UserController - 2.searchWord: 
2026-08-10 10:39:15 [http-nio-8080-exec-2] DEBUG c.pcwk.ehr.controller.UserController - 2.1 dto: DTO [pageNo=1, pageSize=10, no=0, totalCnt=0, searchDiv=, searchWord=, searchMap={}, startNo=0, endNo=0, pre=false, next=false]
2026-08-10 10:39:15 [http-nio-8080-exec-2] DEBUG c.p.ehr.service.impl.UserServiceImpl - ======================================
2026-08-10 10:39:15 [http-nio-8080-exec-2] DEBUG c.p.ehr.service.impl.UserServiceImpl - doRetrieve()
2026-08-10 10:39:15 [http-nio-8080-exec-2] DEBUG c.p.ehr.service.impl.UserServiceImpl - ======================================
2026-08-10 10:39:15 [http-nio-8080-exec-2] DEBUG org.mybatis.spring.SqlSessionUtils - Creating a new SqlSession
2026-08-10 10:39:15 [http-nio-8080-exec-2] DEBUG org.mybatis.spring.SqlSessionUtils - SqlSession [org.apache.ibatis.session.defaults.DefaultSqlSession@2581be17] was not registered for synchronization because synchronization is not active
2026-08-10 10:39:15 [http-nio-8080-exec-2] DEBUG o.m.s.t.SpringManagedTransaction - JDBC Connection [HikariProxyConnection@1432527139 wrapping oracle.jdbc.driver.T4CConnection@1ddd7265] will not be managed by Spring
2026-08-10 10:39:15 [http-nio-8080-exec-2] DEBUG c.p.ehr.mapper.UserMapper.doRetrieve - ==>  Preparing: SELECT A.*,B.* FROM( SELECT tt1.rnum no, tt1.user_id, tt1.name, tt1.password, tt1.login, tt1.recommend, tt1.email, DECODE(tt1.grade,1,'BASIC',2,'SILVER',3,'GOLD') grade, TO_CHAR(tt1.reg_dt,'YYYY/MM/DD') reg_dt FROM( SELECT ROWNUM rnum, t1.* FROM ( SELECT * FROM member ORDER BY reg_dt DESC )t1 WHERE ROWNUM <= ( ? * (? -1 ) + ? ) )tt1 WHERE rnum >= ( ? * (? -1 ) + 1 ) ) A CROSS JOIN ( SELECT COUNT(*) total_cnt FROM member ) B
2026-08-10 10:39:15 [http-nio-8080-exec-2] DEBUG c.p.ehr.mapper.UserMapper.doRetrieve - ==> Parameters: 10(Integer), 1(Integer), 10(Integer), 10(Integer), 1(Integer)
2026-08-10 10:39:15 [http-nio-8080-exec-2] DEBUG c.p.ehr.mapper.UserMapper.doRetrieve - <==      Total: 10
2026-08-10 10:39:15 [http-nio-8080-exec-2] DEBUG org.mybatis.spring.SqlSessionUtils - Closing non transactional SqlSession [org.apache.ibatis.session.defaults.DefaultSqlSession@2581be17]
2026-08-10 10:39:15 [http-nio-8080-exec-2] DEBUG c.p.e.service.impl.CustomUserDetails - ======================================
2026-08-10 10:39:15 [http-nio-8080-exec-2] DEBUG c.p.e.service.impl.CustomUserDetails - getUsername()
2026-08-10 10:39:15 [http-nio-8080-exec-2] DEBUG c.p.e.service.impl.CustomUserDetails - ======================================
2026-08-10 10:39:15 [http-nio-8080-exec-2] DEBUG c.p.e.service.impl.CustomUserDetails - ======================================
2026-08-10 10:39:15 [http-nio-8080-exec-6] DEBUG c.p.e.service.impl.CustomUserDetails - ======================================
2026-08-10 10:39:15 [http-nio-8080-exec-6] DEBUG c.p.e.service.impl.CustomUserDetails - getUsername()
2026-08-10 10:39:15 [http-nio-8080-exec-6] DEBUG c.p.e.service.impl.CustomUserDetails - ======================================
2026-08-10 10:39:15 [http-nio-8080-exec-3] DEBUG c.p.e.service.impl.CustomUserDetails - ======================================
2026-08-10 10:39:15 [http-nio-8080-exec-3] DEBUG c.p.e.service.impl.CustomUserDetails - getUsername()
2026-08-10 10:39:15 [http-nio-8080-exec-3] DEBUG c.p.e.service.impl.CustomUserDetails - ======================================
2026-08-10 10:39:15 [http-nio-8080-exec-7] DEBUG c.p.e.service.impl.CustomUserDetails - ======================================
2026-08-10 10:39:15 [http-nio-8080-exec-2] DEBUG c.p.e.service.impl.CustomUserDetails - getUsername()
2026-08-10 10:39:15 [http-nio-8080-exec-7] DEBUG c.p.e.service.impl.CustomUserDetails - getUsername()
2026-08-10 10:39:15 [http-nio-8080-exec-2] DEBUG c.p.e.service.impl.CustomUserDetails - ======================================
2026-08-10 10:39:15 [http-nio-8080-exec-7] DEBUG c.p.e.service.impl.CustomUserDetails - ======================================
2026-08-10 10:39:15 [http-nio-8080-exec-5] DEBUG c.p.e.service.impl.CustomUserDetails - ======================================
2026-08-10 10:39:15 [http-nio-8080-exec-5] DEBUG c.p.e.service.impl.CustomUserDetails - getUsername()
2026-08-10 10:39:15 [http-nio-8080-exec-5] DEBUG c.p.e.service.impl.CustomUserDetails - ======================================
2026-08-10 10:39:15 [http-nio-8080-exec-4] DEBUG c.p.e.service.impl.CustomUserDetails - ======================================
2026-08-10 10:39:15 [http-nio-8080-exec-4] DEBUG c.p.e.service.impl.CustomUserDetails - getUsername()
2026-08-10 10:39:15 [http-nio-8080-exec-4] DEBUG c.p.e.service.impl.CustomUserDetails - ======================================
2026-08-10 10:39:15 [http-nio-8080-exec-10] DEBUG c.p.e.service.impl.CustomUserDetails - ======================================
2026-08-10 10:39:15 [http-nio-8080-exec-10] DEBUG c.p.e.service.impl.CustomUserDetails - getUsername()
2026-08-10 10:39:15 [http-nio-8080-exec-10] DEBUG c.p.e.service.impl.CustomUserDetails - ======================================
2026-08-10 10:39:15 [http-nio-8080-exec-4] DEBUG c.p.e.service.impl.CustomUserDetails - ======================================
2026-08-10 10:39:15 [http-nio-8080-exec-4] DEBUG c.p.e.service.impl.CustomUserDetails - getUsername()
2026-08-10 10:39:15 [http-nio-8080-exec-4] DEBUG c.p.e.service.impl.CustomUserDetails - ======================================
2026-08-10 10:39:15 [http-nio-8080-exec-9] DEBUG c.p.e.service.impl.CustomUserDetails - ======================================
2026-08-10 10:39:15 [http-nio-8080-exec-8] DEBUG c.p.e.service.impl.CustomUserDetails - ======================================
2026-08-10 10:39:15 [http-nio-8080-exec-9] DEBUG c.p.e.service.impl.CustomUserDetails - getUsername()
2026-08-10 10:39:15 [http-nio-8080-exec-8] DEBUG c.p.e.service.impl.CustomUserDetails - getUsername()
2026-08-10 10:39:15 [http-nio-8080-exec-9] DEBUG c.p.e.service.impl.CustomUserDetails - ======================================
2026-08-10 10:39:15 [http-nio-8080-exec-8] DEBUG c.p.e.service.impl.CustomUserDetails - ======================================
2026-08-10 10:39:15 [http-nio-8080-exec-9] DEBUG c.p.e.service.impl.CustomUserDetails - ======================================
2026-08-10 10:39:15 [http-nio-8080-exec-8] DEBUG c.p.e.service.impl.CustomUserDetails - ======================================
2026-08-10 10:39:15 [http-nio-8080-exec-9] DEBUG c.p.e.service.impl.CustomUserDetails - getUsername()
2026-08-10 10:39:15 [http-nio-8080-exec-9] DEBUG c.p.e.service.impl.CustomUserDetails - ======================================
2026-08-10 10:39:15 [http-nio-8080-exec-8] DEBUG c.p.e.service.impl.CustomUserDetails - getUsername()
2026-08-10 10:39:15 [http-nio-8080-exec-8] DEBUG c.p.e.service.impl.CustomUserDetails - ======================================
2026-08-10 10:39:17 [http-nio-8080-exec-1] DEBUG c.pcwk.ehr.controller.UserController - ---------------------------
2026-08-10 10:39:17 [http-nio-8080-exec-1] DEBUG c.pcwk.ehr.controller.UserController - doSelectOne()*
2026-08-10 10:39:17 [http-nio-8080-exec-1] DEBUG c.pcwk.ehr.controller.UserController - ---------------------------
2026-08-10 10:39:17 [http-nio-8080-exec-1] DEBUG c.pcwk.ehr.controller.UserController - 1.userId: pcwk2
2026-08-10 10:39:17 [http-nio-8080-exec-1] DEBUG c.pcwk.ehr.controller.UserController - 1.1 param: UserVO [userId=pcwk2, name=null, password=null, login=0, recommend=0, email=null, grade=null, regDt=null, toString()=DTO [pageNo=0, pageSize=0, no=0, totalCnt=0, searchDiv=null, searchWord=null, searchMap={}, startNo=0, endNo=0, pre=false, next=false]]
2026-08-10 10:39:17 [http-nio-8080-exec-1] DEBUG c.p.ehr.service.impl.UserServiceImpl - ======================================
2026-08-10 10:39:17 [http-nio-8080-exec-1] DEBUG c.p.ehr.service.impl.UserServiceImpl - doSelectOne()
2026-08-10 10:39:17 [http-nio-8080-exec-1] DEBUG c.p.ehr.service.impl.UserServiceImpl - ======================================
2026-08-10 10:39:17 [http-nio-8080-exec-1] DEBUG org.mybatis.spring.SqlSessionUtils - Creating a new SqlSession
2026-08-10 10:39:17 [http-nio-8080-exec-1] DEBUG org.mybatis.spring.SqlSessionUtils - SqlSession [org.apache.ibatis.session.defaults.DefaultSqlSession@14854062] was not registered for synchronization because synchronization is not active
2026-08-10 10:39:17 [http-nio-8080-exec-1] DEBUG o.m.s.t.SpringManagedTransaction - JDBC Connection [HikariProxyConnection@1399146410 wrapping oracle.jdbc.driver.T4CConnection@1ddd7265] will not be managed by Spring
2026-08-10 10:39:17 [http-nio-8080-exec-1] DEBUG c.p.e.mapper.UserMapper.doSelectOne - ==>  Preparing: SELECT user_id, name, password, login, recommend, email, DECODE(grade,1,'BASIC' ,2,'SILVER' ,3,'GOLD' ) grade, TO_CHAR(reg_dt,'YYYY/MM/DD HH24:MI:SS') reg_dt FROM member WHERE user_id = ?
2026-08-10 10:39:17 [http-nio-8080-exec-1] DEBUG c.p.e.mapper.UserMapper.doSelectOne - ==> Parameters: pcwk2(String)
2026-08-10 10:39:17 [http-nio-8080-exec-1] DEBUG c.p.e.mapper.UserMapper.doSelectOne - <==      Total: 1
2026-08-10 10:39:17 [http-nio-8080-exec-1] DEBUG org.mybatis.spring.SqlSessionUtils - Closing non transactional SqlSession [org.apache.ibatis.session.defaults.DefaultSqlSession@14854062]
2026-08-10 10:39:17 [http-nio-8080-exec-1] DEBUG c.pcwk.ehr.controller.UserController - 2. outVO: UserVO [userId=pcwk2, name=이상무01, password=$2a$12$HBp2ySacblGeTBWYnXCyeu49zWneNkNwg1Nx4YiN0Mea5PoGt1wSi, login=2, recommend=2, email=jamesol2@naver.com, grade=GOLD, regDt=2026/08/10 08:29:41, toString()=DTO [pageNo=0, pageSize=0, no=0, totalCnt=0, searchDiv=null, searchWord=null, searchMap={}, startNo=0, endNo=0, pre=false, next=false]]
2026-08-10 10:39:17 [http-nio-8080-exec-1] DEBUG c.p.e.service.impl.CustomUserDetails - ======================================
2026-08-10 10:39:17 [http-nio-8080-exec-1] DEBUG c.p.e.service.impl.CustomUserDetails - getUsername()
2026-08-10 10:39:17 [http-nio-8080-exec-1] DEBUG c.p.e.service.impl.CustomUserDetails - ======================================
2026-08-10 10:39:17 [http-nio-8080-exec-1] DEBUG c.p.e.service.impl.CustomUserDetails - ======================================
2026-08-10 10:39:17 [http-nio-8080-exec-1] DEBUG c.p.e.service.impl.CustomUserDetails - getUsername()
2026-08-10 10:39:17 [http-nio-8080-exec-1] DEBUG c.p.e.service.impl.CustomUserDetails - ======================================
2026-08-10 10:39:17 [http-nio-8080-exec-3] DEBUG c.p.e.service.impl.CustomUserDetails - ======================================
2026-08-10 10:39:17 [http-nio-8080-exec-3] DEBUG c.p.e.service.impl.CustomUserDetails - getUsername()
2026-08-10 10:39:17 [http-nio-8080-exec-3] DEBUG c.p.e.service.impl.CustomUserDetails - ======================================
2026-08-10 10:39:17 [http-nio-8080-exec-2] DEBUG c.p.e.service.impl.CustomUserDetails - ======================================
2026-08-10 10:39:17 [http-nio-8080-exec-2] DEBUG c.p.e.service.impl.CustomUserDetails - getUsername()
2026-08-10 10:39:17 [http-nio-8080-exec-2] DEBUG c.p.e.service.impl.CustomUserDetails - ======================================
2026-08-10 10:39:17 [http-nio-8080-exec-6] DEBUG c.p.e.service.impl.CustomUserDetails - ======================================
2026-08-10 10:39:17 [http-nio-8080-exec-6] DEBUG c.p.e.service.impl.CustomUserDetails - getUsername()
2026-08-10 10:39:17 [http-nio-8080-exec-6] DEBUG c.p.e.service.impl.CustomUserDetails - ======================================
2026-08-10 10:39:17 [http-nio-8080-exec-7] DEBUG c.p.e.service.impl.CustomUserDetails - ======================================
2026-08-10 10:39:17 [http-nio-8080-exec-7] DEBUG c.p.e.service.impl.CustomUserDetails - getUsername()
2026-08-10 10:39:17 [http-nio-8080-exec-7] DEBUG c.p.e.service.impl.CustomUserDetails - ======================================
2026-08-10 10:39:17 [http-nio-8080-exec-5] DEBUG c.p.e.service.impl.CustomUserDetails - ======================================
2026-08-10 10:39:17 [http-nio-8080-exec-5] DEBUG c.p.e.service.impl.CustomUserDetails - getUsername()
2026-08-10 10:39:17 [http-nio-8080-exec-5] DEBUG c.p.e.service.impl.CustomUserDetails - ======================================
2026-08-10 10:39:17 [http-nio-8080-exec-10] DEBUG c.p.e.service.impl.CustomUserDetails - ======================================
2026-08-10 10:39:17 [http-nio-8080-exec-10] DEBUG c.p.e.service.impl.CustomUserDetails - getUsername()
2026-08-10 10:39:17 [http-nio-8080-exec-10] DEBUG c.p.e.service.impl.CustomUserDetails - ======================================
2026-08-10 10:39:17 [http-nio-8080-exec-10] DEBUG c.p.e.service.impl.CustomUserDetails - ======================================
2026-08-10 10:39:17 [http-nio-8080-exec-10] DEBUG c.p.e.service.impl.CustomUserDetails - getUsername()
2026-08-10 10:39:17 [http-nio-8080-exec-10] DEBUG c.p.e.service.impl.CustomUserDetails - ======================================
2026-08-10 10:39:17 [http-nio-8080-exec-4] DEBUG c.p.e.service.impl.CustomUserDetails - ======================================
2026-08-10 10:39:17 [http-nio-8080-exec-4] DEBUG c.p.e.service.impl.CustomUserDetails - getUsername()
2026-08-10 10:39:17 [http-nio-8080-exec-4] DEBUG c.p.e.service.impl.CustomUserDetails - ======================================
2026-08-10 10:39:17 [http-nio-8080-exec-9] DEBUG c.p.e.service.impl.CustomUserDetails - ======================================
2026-08-10 10:39:17 [http-nio-8080-exec-9] DEBUG c.p.e.service.impl.CustomUserDetails - getUsername()
2026-08-10 10:39:17 [http-nio-8080-exec-9] DEBUG c.p.e.service.impl.CustomUserDetails - ======================================
2026-08-10 10:39:17 [http-nio-8080-exec-9] DEBUG c.p.e.service.impl.CustomUserDetails - ======================================
2026-08-10 10:39:17 [http-nio-8080-exec-4] DEBUG c.p.e.service.impl.CustomUserDetails - ======================================
2026-08-10 10:39:17 [http-nio-8080-exec-9] DEBUG c.p.e.service.impl.CustomUserDetails - getUsername()
2026-08-10 10:39:17 [http-nio-8080-exec-9] DEBUG c.p.e.service.impl.CustomUserDetails - ======================================
2026-08-10 10:39:17 [http-nio-8080-exec-4] DEBUG c.p.e.service.impl.CustomUserDetails - getUsername()
2026-08-10 10:39:17 [http-nio-8080-exec-4] DEBUG c.p.e.service.impl.CustomUserDetails - ======================================
2026-08-10 10:39:20 [http-nio-8080-exec-8] DEBUG c.p.e.service.impl.CustomUserDetails - ======================================
2026-08-10 10:39:20 [http-nio-8080-exec-8] DEBUG c.p.e.service.impl.CustomUserDetails - getUsername()
2026-08-10 10:39:20 [http-nio-8080-exec-8] DEBUG c.p.e.service.impl.CustomUserDetails - ======================================
2026-08-10 10:39:20 [http-nio-8080-exec-8] DEBUG c.p.e.service.impl.CustomUserDetails - ======================================
2026-08-10 10:39:20 [http-nio-8080-exec-8] DEBUG c.p.e.service.impl.CustomUserDetails - getUsername()
2026-08-10 10:39:20 [http-nio-8080-exec-8] DEBUG c.p.e.service.impl.CustomUserDetails - ======================================
2026-08-10 10:39:20 [http-nio-8080-exec-1] DEBUG c.p.e.service.impl.CustomUserDetails - ======================================
2026-08-10 10:39:20 [http-nio-8080-exec-1] DEBUG c.p.e.service.impl.CustomUserDetails - getUsername()
2026-08-10 10:39:20 [http-nio-8080-exec-1] DEBUG c.p.e.service.impl.CustomUserDetails - ======================================
2026-08-10 10:39:20 [http-nio-8080-exec-3] DEBUG c.p.e.service.impl.CustomUserDetails - ======================================
2026-08-10 10:39:20 [http-nio-8080-exec-3] DEBUG c.p.e.service.impl.CustomUserDetails - getUsername()
2026-08-10 10:39:20 [http-nio-8080-exec-3] DEBUG c.p.e.service.impl.CustomUserDetails - ======================================
2026-08-10 10:39:20 [http-nio-8080-exec-1] DEBUG c.p.e.service.impl.CustomUserDetails - ======================================
2026-08-10 10:39:20 [http-nio-8080-exec-1] DEBUG c.p.e.service.impl.CustomUserDetails - getUsername()
2026-08-10 10:39:20 [http-nio-8080-exec-1] DEBUG c.p.e.service.impl.CustomUserDetails - ======================================
2026-08-10 10:39:20 [http-nio-8080-exec-2] DEBUG c.p.e.service.impl.CustomUserDetails - ======================================
2026-08-10 10:39:20 [http-nio-8080-exec-2] DEBUG c.p.e.service.impl.CustomUserDetails - getUsername()
2026-08-10 10:39:20 [http-nio-8080-exec-2] DEBUG c.p.e.service.impl.CustomUserDetails - ======================================
2026-08-10 10:39:20 [http-nio-8080-exec-6] DEBUG c.p.e.service.impl.CustomUserDetails - ======================================
2026-08-10 10:39:20 [http-nio-8080-exec-6] DEBUG c.p.e.service.impl.CustomUserDetails - getUsername()
2026-08-10 10:39:20 [http-nio-8080-exec-6] DEBUG c.p.e.service.impl.CustomUserDetails - ======================================
2026-08-10 10:39:20 [http-nio-8080-exec-2] DEBUG c.p.e.service.impl.CustomUserDetails - ======================================
2026-08-10 10:39:20 [http-nio-8080-exec-2] DEBUG c.p.e.service.impl.CustomUserDetails - getUsername()
2026-08-10 10:39:20 [http-nio-8080-exec-2] DEBUG c.p.e.service.impl.CustomUserDetails - ======================================
2026-08-10 10:39:20 [http-nio-8080-exec-6] DEBUG c.p.e.service.impl.CustomUserDetails - ======================================
2026-08-10 10:39:20 [http-nio-8080-exec-6] DEBUG c.p.e.service.impl.CustomUserDetails - getUsername()
2026-08-10 10:39:20 [http-nio-8080-exec-6] DEBUG c.p.e.service.impl.CustomUserDetails - ======================================
2026-08-10 10:39:21 [http-nio-8080-exec-5] DEBUG c.pcwk.ehr.controller.UserController - ---------------------------
2026-08-10 10:39:21 [http-nio-8080-exec-5] DEBUG c.pcwk.ehr.controller.UserController - doSelectOne()*
2026-08-10 10:39:21 [http-nio-8080-exec-5] DEBUG c.pcwk.ehr.controller.UserController - ---------------------------
2026-08-10 10:39:21 [http-nio-8080-exec-5] DEBUG c.pcwk.ehr.controller.UserController - 1.userId: pcwk1
2026-08-10 10:39:21 [http-nio-8080-exec-5] DEBUG c.pcwk.ehr.controller.UserController - 1.1 param: UserVO [userId=pcwk1, name=null, password=null, login=0, recommend=0, email=null, grade=null, regDt=null, toString()=DTO [pageNo=0, pageSize=0, no=0, totalCnt=0, searchDiv=null, searchWord=null, searchMap={}, startNo=0, endNo=0, pre=false, next=false]]
2026-08-10 10:39:21 [http-nio-8080-exec-5] DEBUG c.p.ehr.service.impl.UserServiceImpl - ======================================
2026-08-10 10:39:21 [http-nio-8080-exec-5] DEBUG c.p.ehr.service.impl.UserServiceImpl - doSelectOne()
2026-08-10 10:39:21 [http-nio-8080-exec-5] DEBUG c.p.ehr.service.impl.UserServiceImpl - ======================================
2026-08-10 10:39:21 [http-nio-8080-exec-5] DEBUG org.mybatis.spring.SqlSessionUtils - Creating a new SqlSession
2026-08-10 10:39:21 [http-nio-8080-exec-5] DEBUG org.mybatis.spring.SqlSessionUtils - SqlSession [org.apache.ibatis.session.defaults.DefaultSqlSession@7f5692e0] was not registered for synchronization because synchronization is not active
2026-08-10 10:39:21 [http-nio-8080-exec-5] DEBUG o.m.s.t.SpringManagedTransaction - JDBC Connection [HikariProxyConnection@294273371 wrapping oracle.jdbc.driver.T4CConnection@1ddd7265] will not be managed by Spring
2026-08-10 10:39:21 [http-nio-8080-exec-5] DEBUG c.p.e.mapper.UserMapper.doSelectOne - ==>  Preparing: SELECT user_id, name, password, login, recommend, email, DECODE(grade,1,'BASIC' ,2,'SILVER' ,3,'GOLD' ) grade, TO_CHAR(reg_dt,'YYYY/MM/DD HH24:MI:SS') reg_dt FROM member WHERE user_id = ?
2026-08-10 10:39:21 [http-nio-8080-exec-5] DEBUG c.p.e.mapper.UserMapper.doSelectOne - ==> Parameters: pcwk1(String)
2026-08-10 10:39:21 [http-nio-8080-exec-5] DEBUG c.p.e.mapper.UserMapper.doSelectOne - <==      Total: 1
2026-08-10 10:39:21 [http-nio-8080-exec-5] DEBUG org.mybatis.spring.SqlSessionUtils - Closing non transactional SqlSession [org.apache.ibatis.session.defaults.DefaultSqlSession@7f5692e0]
2026-08-10 10:39:21 [http-nio-8080-exec-5] DEBUG c.pcwk.ehr.controller.UserController - 2. outVO: UserVO [userId=pcwk1, name=이상무01, password=$2a$12$HBp2ySacblGeTBWYnXCyeu49zWneNkNwg1Nx4YiN0Mea5PoGt1wSi, login=1, recommend=1, email=jamesol1@naver.com, grade=SILVER, regDt=2026/08/10 08:53:41, toString()=DTO [pageNo=0, pageSize=0, no=0, totalCnt=0, searchDiv=null, searchWord=null, searchMap={}, startNo=0, endNo=0, pre=false, next=false]]
2026-08-10 10:39:21 [http-nio-8080-exec-5] DEBUG c.p.e.service.impl.CustomUserDetails - ======================================
2026-08-10 10:39:21 [http-nio-8080-exec-5] DEBUG c.p.e.service.impl.CustomUserDetails - getUsername()
2026-08-10 10:39:21 [http-nio-8080-exec-5] DEBUG c.p.e.service.impl.CustomUserDetails - ======================================
2026-08-10 10:39:21 [http-nio-8080-exec-5] DEBUG c.p.e.service.impl.CustomUserDetails - ======================================
2026-08-10 10:39:21 [http-nio-8080-exec-5] DEBUG c.p.e.service.impl.CustomUserDetails - getUsername()
2026-08-10 10:39:21 [http-nio-8080-exec-5] DEBUG c.p.e.service.impl.CustomUserDetails - ======================================
2026-08-10 10:39:21 [http-nio-8080-exec-9] DEBUG c.p.e.service.impl.CustomUserDetails - ======================================
2026-08-10 10:39:21 [http-nio-8080-exec-9] DEBUG c.p.e.service.impl.CustomUserDetails - getUsername()
2026-08-10 10:39:21 [http-nio-8080-exec-9] DEBUG c.p.e.service.impl.CustomUserDetails - ======================================
2026-08-10 10:39:21 [http-nio-8080-exec-4] DEBUG c.p.e.service.impl.CustomUserDetails - ======================================
2026-08-10 10:39:21 [http-nio-8080-exec-4] DEBUG c.p.e.service.impl.CustomUserDetails - getUsername()
2026-08-10 10:39:21 [http-nio-8080-exec-4] DEBUG c.p.e.service.impl.CustomUserDetails - ======================================
2026-08-10 10:39:21 [http-nio-8080-exec-8] DEBUG c.p.e.service.impl.CustomUserDetails - ======================================
2026-08-10 10:39:21 [http-nio-8080-exec-8] DEBUG c.p.e.service.impl.CustomUserDetails - getUsername()
2026-08-10 10:39:21 [http-nio-8080-exec-8] DEBUG c.p.e.service.impl.CustomUserDetails - ======================================
2026-08-10 10:39:21 [http-nio-8080-exec-10] DEBUG c.p.e.service.impl.CustomUserDetails - ======================================
2026-08-10 10:39:21 [http-nio-8080-exec-10] DEBUG c.p.e.service.impl.CustomUserDetails - getUsername()
2026-08-10 10:39:21 [http-nio-8080-exec-10] DEBUG c.p.e.service.impl.CustomUserDetails - ======================================
2026-08-10 10:39:21 [http-nio-8080-exec-3] DEBUG c.p.e.service.impl.CustomUserDetails - ======================================
2026-08-10 10:39:21 [http-nio-8080-exec-3] DEBUG c.p.e.service.impl.CustomUserDetails - getUsername()
2026-08-10 10:39:21 [http-nio-8080-exec-3] DEBUG c.p.e.service.impl.CustomUserDetails - ======================================
2026-08-10 10:39:21 [http-nio-8080-exec-1] DEBUG c.p.e.service.impl.CustomUserDetails - ======================================
2026-08-10 10:39:21 [http-nio-8080-exec-1] DEBUG c.p.e.service.impl.CustomUserDetails - getUsername()
2026-08-10 10:39:21 [http-nio-8080-exec-1] DEBUG c.p.e.service.impl.CustomUserDetails - ======================================
2026-08-10 10:39:21 [http-nio-8080-exec-1] DEBUG c.p.e.service.impl.CustomUserDetails - ======================================
2026-08-10 10:39:21 [http-nio-8080-exec-1] DEBUG c.p.e.service.impl.CustomUserDetails - getUsername()
2026-08-10 10:39:21 [http-nio-8080-exec-1] DEBUG c.p.e.service.impl.CustomUserDetails - ======================================
2026-08-10 10:39:21 [http-nio-8080-exec-2] DEBUG c.p.e.service.impl.CustomUserDetails - ======================================
2026-08-10 10:39:21 [http-nio-8080-exec-2] DEBUG c.p.e.service.impl.CustomUserDetails - getUsername()
2026-08-10 10:39:21 [http-nio-8080-exec-2] DEBUG c.p.e.service.impl.CustomUserDetails - ======================================
2026-08-10 10:39:21 [http-nio-8080-exec-2] DEBUG c.p.e.service.impl.CustomUserDetails - ======================================
2026-08-10 10:39:21 [http-nio-8080-exec-2] DEBUG c.p.e.service.impl.CustomUserDetails - getUsername()
2026-08-10 10:39:21 [http-nio-8080-exec-2] DEBUG c.p.e.service.impl.CustomUserDetails - ======================================
2026-08-10 10:39:21 [http-nio-8080-exec-6] DEBUG c.p.e.service.impl.CustomUserDetails - ======================================
2026-08-10 10:39:21 [http-nio-8080-exec-6] DEBUG c.p.e.service.impl.CustomUserDetails - getUsername()
2026-08-10 10:39:21 [http-nio-8080-exec-6] DEBUG c.p.e.service.impl.CustomUserDetails - ======================================
2026-08-10 10:39:21 [http-nio-8080-exec-6] DEBUG c.p.e.service.impl.CustomUserDetails - ======================================
2026-08-10 10:39:21 [http-nio-8080-exec-6] DEBUG c.p.e.service.impl.CustomUserDetails - getUsername()
2026-08-10 10:39:21 [http-nio-8080-exec-6] DEBUG c.p.e.service.impl.CustomUserDetails - ======================================
2026-08-10 10:39:23 [http-nio-8080-exec-5] DEBUG c.p.e.service.impl.CustomUserDetails - ======================================
2026-08-10 10:39:23 [http-nio-8080-exec-5] DEBUG c.p.e.service.impl.CustomUserDetails - getUsername()
2026-08-10 10:39:23 [http-nio-8080-exec-5] DEBUG c.p.e.service.impl.CustomUserDetails - ======================================
2026-08-10 10:39:23 [http-nio-8080-exec-7] DEBUG c.p.e.service.impl.CustomUserDetails - ======================================
2026-08-10 10:39:23 [http-nio-8080-exec-7] DEBUG c.p.e.service.impl.CustomUserDetails - getUsername()
2026-08-10 10:39:23 [http-nio-8080-exec-7] DEBUG c.p.e.service.impl.CustomUserDetails - ======================================
2026-08-10 10:39:23 [http-nio-8080-exec-7] DEBUG c.p.e.service.impl.CustomUserDetails - ======================================
2026-08-10 10:39:23 [http-nio-8080-exec-7] DEBUG c.p.e.service.impl.CustomUserDetails - getUsername()
2026-08-10 10:39:23 [http-nio-8080-exec-7] DEBUG c.p.e.service.impl.CustomUserDetails - ======================================
2026-08-10 10:39:23 [http-nio-8080-exec-5] DEBUG c.p.e.service.impl.CustomUserDetails - ======================================
2026-08-10 10:39:23 [http-nio-8080-exec-5] DEBUG c.p.e.service.impl.CustomUserDetails - getUsername()
2026-08-10 10:39:23 [http-nio-8080-exec-5] DEBUG c.p.e.service.impl.CustomUserDetails - ======================================
2026-08-10 10:39:23 [http-nio-8080-exec-9] DEBUG c.p.e.service.impl.CustomUserDetails - ======================================
2026-08-10 10:39:23 [http-nio-8080-exec-9] DEBUG c.p.e.service.impl.CustomUserDetails - getUsername()
2026-08-10 10:39:23 [http-nio-8080-exec-9] DEBUG c.p.e.service.impl.CustomUserDetails - ======================================
2026-08-10 10:39:23 [http-nio-8080-exec-9] DEBUG c.p.e.service.impl.CustomUserDetails - ======================================
2026-08-10 10:39:23 [http-nio-8080-exec-9] DEBUG c.p.e.service.impl.CustomUserDetails - getUsername()
2026-08-10 10:39:23 [http-nio-8080-exec-9] DEBUG c.p.e.service.impl.CustomUserDetails - ======================================
2026-08-10 10:39:23 [http-nio-8080-exec-4] DEBUG c.p.e.service.impl.CustomUserDetails - ======================================
2026-08-10 10:39:23 [http-nio-8080-exec-4] DEBUG c.p.e.service.impl.CustomUserDetails - getUsername()
2026-08-10 10:39:23 [http-nio-8080-exec-4] DEBUG c.p.e.service.impl.CustomUserDetails - ======================================
2026-08-10 10:39:23 [http-nio-8080-exec-8] DEBUG c.p.e.service.impl.CustomUserDetails - ======================================
2026-08-10 10:39:23 [http-nio-8080-exec-8] DEBUG c.p.e.service.impl.CustomUserDetails - getUsername()
2026-08-10 10:39:23 [http-nio-8080-exec-8] DEBUG c.p.e.service.impl.CustomUserDetails - ======================================
2026-08-10 10:39:23 [http-nio-8080-exec-4] DEBUG c.p.e.service.impl.CustomUserDetails - ======================================
2026-08-10 10:39:23 [http-nio-8080-exec-4] DEBUG c.p.e.service.impl.CustomUserDetails - getUsername()
2026-08-10 10:39:23 [http-nio-8080-exec-4] DEBUG c.p.e.service.impl.CustomUserDetails - ======================================
2026-08-10 10:39:23 [http-nio-8080-exec-8] DEBUG c.p.e.service.impl.CustomUserDetails - ======================================
2026-08-10 10:39:23 [http-nio-8080-exec-8] DEBUG c.p.e.service.impl.CustomUserDetails - getUsername()
2026-08-10 10:39:23 [http-nio-8080-exec-8] DEBUG c.p.e.service.impl.CustomUserDetails - ======================================
2026-08-10 10:39:32 [http-nio-8080-exec-3] DEBUG c.pcwk.ehr.controller.UserController - ---------------------------
2026-08-10 10:39:32 [http-nio-8080-exec-3] DEBUG c.pcwk.ehr.controller.UserController - doSelectOne()*
2026-08-10 10:39:32 [http-nio-8080-exec-3] DEBUG c.pcwk.ehr.controller.UserController - ---------------------------
2026-08-10 10:39:32 [http-nio-8080-exec-3] DEBUG c.pcwk.ehr.controller.UserController - 1.userId: pcwk10
2026-08-10 10:39:32 [http-nio-8080-exec-3] DEBUG c.pcwk.ehr.controller.UserController - 1.1 param: UserVO [userId=pcwk10, name=null, password=null, login=0, recommend=0, email=null, grade=null, regDt=null, toString()=DTO [pageNo=0, pageSize=0, no=0, totalCnt=0, searchDiv=null, searchWord=null, searchMap={}, startNo=0, endNo=0, pre=false, next=false]]
2026-08-10 10:39:32 [http-nio-8080-exec-3] DEBUG c.p.ehr.service.impl.UserServiceImpl - ======================================
2026-08-10 10:39:32 [http-nio-8080-exec-3] DEBUG c.p.ehr.service.impl.UserServiceImpl - doSelectOne()
2026-08-10 10:39:32 [http-nio-8080-exec-3] DEBUG c.p.ehr.service.impl.UserServiceImpl - ======================================
2026-08-10 10:39:32 [http-nio-8080-exec-3] DEBUG org.mybatis.spring.SqlSessionUtils - Creating a new SqlSession
2026-08-10 10:39:32 [http-nio-8080-exec-3] DEBUG org.mybatis.spring.SqlSessionUtils - SqlSession [org.apache.ibatis.session.defaults.DefaultSqlSession@6aa92800] was not registered for synchronization because synchronization is not active
2026-08-10 10:39:32 [http-nio-8080-exec-3] DEBUG o.m.s.t.SpringManagedTransaction - JDBC Connection [HikariProxyConnection@1186755011 wrapping oracle.jdbc.driver.T4CConnection@1ddd7265] will not be managed by Spring
2026-08-10 10:39:32 [http-nio-8080-exec-3] DEBUG c.p.e.mapper.UserMapper.doSelectOne - ==>  Preparing: SELECT user_id, name, password, login, recommend, email, DECODE(grade,1,'BASIC' ,2,'SILVER' ,3,'GOLD' ) grade, TO_CHAR(reg_dt,'YYYY/MM/DD HH24:MI:SS') reg_dt FROM member WHERE user_id = ?
2026-08-10 10:39:32 [http-nio-8080-exec-3] DEBUG c.p.e.mapper.UserMapper.doSelectOne - ==> Parameters: pcwk10(String)
2026-08-10 10:39:32 [http-nio-8080-exec-3] DEBUG c.p.e.mapper.UserMapper.doSelectOne - <==      Total: 1
2026-08-10 10:39:32 [http-nio-8080-exec-3] DEBUG org.mybatis.spring.SqlSessionUtils - Closing non transactional SqlSession [org.apache.ibatis.session.defaults.DefaultSqlSession@6aa92800]
2026-08-10 10:39:32 [http-nio-8080-exec-3] DEBUG c.pcwk.ehr.controller.UserController - 2. outVO: UserVO [userId=pcwk10, name=이상무01, password=$2a$12$HBp2ySacblGeTBWYnXCyeu49zWneNkNwg1Nx4YiN0Mea5PoGt1wSi, login=10, recommend=10, email=jamesol10@naver.com, grade=SILVER, regDt=2026/08/10 05:17:41, toString()=DTO [pageNo=0, pageSize=0, no=0, totalCnt=0, searchDiv=null, searchWord=null, searchMap={}, startNo=0, endNo=0, pre=false, next=false]]
2026-08-10 10:39:32 [http-nio-8080-exec-3] DEBUG c.p.e.service.impl.CustomUserDetails - ======================================
2026-08-10 10:39:32 [http-nio-8080-exec-3] DEBUG c.p.e.service.impl.CustomUserDetails - getUsername()
2026-08-10 10:39:32 [http-nio-8080-exec-3] DEBUG c.p.e.service.impl.CustomUserDetails - ======================================
2026-08-10 10:39:32 [http-nio-8080-exec-3] DEBUG c.p.e.service.impl.CustomUserDetails - ======================================
2026-08-10 10:39:32 [http-nio-8080-exec-3] DEBUG c.p.e.service.impl.CustomUserDetails - getUsername()
2026-08-10 10:39:32 [http-nio-8080-exec-3] DEBUG c.p.e.service.impl.CustomUserDetails - ======================================
2026-08-10 10:39:32 [http-nio-8080-exec-1] DEBUG c.p.e.service.impl.CustomUserDetails - ======================================
2026-08-10 10:39:32 [http-nio-8080-exec-1] DEBUG c.p.e.service.impl.CustomUserDetails - getUsername()
2026-08-10 10:39:32 [http-nio-8080-exec-1] DEBUG c.p.e.service.impl.CustomUserDetails - ======================================
2026-08-10 10:39:32 [http-nio-8080-exec-10] DEBUG c.p.e.service.impl.CustomUserDetails - ======================================
2026-08-10 10:39:32 [http-nio-8080-exec-2] DEBUG c.p.e.service.impl.CustomUserDetails - ======================================
2026-08-10 10:39:32 [http-nio-8080-exec-10] DEBUG c.p.e.service.impl.CustomUserDetails - getUsername()
2026-08-10 10:39:32 [http-nio-8080-exec-2] DEBUG c.p.e.service.impl.CustomUserDetails - getUsername()
2026-08-10 10:39:32 [http-nio-8080-exec-2] DEBUG c.p.e.service.impl.CustomUserDetails - ======================================
2026-08-10 10:39:32 [http-nio-8080-exec-6] DEBUG c.p.e.service.impl.CustomUserDetails - ======================================
2026-08-10 10:39:32 [http-nio-8080-exec-10] DEBUG c.p.e.service.impl.CustomUserDetails - ======================================
2026-08-10 10:39:32 [http-nio-8080-exec-6] DEBUG c.p.e.service.impl.CustomUserDetails - getUsername()
2026-08-10 10:39:32 [http-nio-8080-exec-6] DEBUG c.p.e.service.impl.CustomUserDetails - ======================================
2026-08-10 10:39:32 [http-nio-8080-exec-5] DEBUG c.p.e.service.impl.CustomUserDetails - ======================================
2026-08-10 10:39:32 [http-nio-8080-exec-5] DEBUG c.p.e.service.impl.CustomUserDetails - getUsername()
2026-08-10 10:39:32 [http-nio-8080-exec-5] DEBUG c.p.e.service.impl.CustomUserDetails - ======================================
2026-08-10 10:39:32 [http-nio-8080-exec-7] DEBUG c.p.e.service.impl.CustomUserDetails - ======================================
2026-08-10 10:39:32 [http-nio-8080-exec-7] DEBUG c.p.e.service.impl.CustomUserDetails - getUsername()
2026-08-10 10:39:32 [http-nio-8080-exec-7] DEBUG c.p.e.service.impl.CustomUserDetails - ======================================
2026-08-10 10:39:32 [http-nio-8080-exec-7] DEBUG c.p.e.service.impl.CustomUserDetails - ======================================
2026-08-10 10:39:32 [http-nio-8080-exec-7] DEBUG c.p.e.service.impl.CustomUserDetails - getUsername()
2026-08-10 10:39:32 [http-nio-8080-exec-7] DEBUG c.p.e.service.impl.CustomUserDetails - ======================================
2026-08-10 10:39:32 [http-nio-8080-exec-9] DEBUG c.p.e.service.impl.CustomUserDetails - ======================================
2026-08-10 10:39:32 [http-nio-8080-exec-9] DEBUG c.p.e.service.impl.CustomUserDetails - getUsername()
2026-08-10 10:39:32 [http-nio-8080-exec-9] DEBUG c.p.e.service.impl.CustomUserDetails - ======================================
2026-08-10 10:39:32 [http-nio-8080-exec-9] DEBUG c.p.e.service.impl.CustomUserDetails - ======================================
2026-08-10 10:39:32 [http-nio-8080-exec-9] DEBUG c.p.e.service.impl.CustomUserDetails - getUsername()
2026-08-10 10:39:32 [http-nio-8080-exec-9] DEBUG c.p.e.service.impl.CustomUserDetails - ======================================
2026-08-10 10:39:32 [http-nio-8080-exec-4] DEBUG c.p.e.service.impl.CustomUserDetails - ======================================
2026-08-10 10:39:32 [http-nio-8080-exec-4] DEBUG c.p.e.service.impl.CustomUserDetails - getUsername()
2026-08-10 10:39:32 [http-nio-8080-exec-4] DEBUG c.p.e.service.impl.CustomUserDetails - ======================================
2026-08-10 10:39:32 [http-nio-8080-exec-4] DEBUG c.p.e.service.impl.CustomUserDetails - ======================================
2026-08-10 10:39:32 [http-nio-8080-exec-4] DEBUG c.p.e.service.impl.CustomUserDetails - getUsername()
2026-08-10 10:39:32 [http-nio-8080-exec-4] DEBUG c.p.e.service.impl.CustomUserDetails - ======================================
2026-08-10 10:39:36 [http-nio-8080-exec-8] DEBUG c.p.e.service.impl.CustomUserDetails - ======================================
2026-08-10 10:39:36 [http-nio-8080-exec-8] DEBUG c.p.e.service.impl.CustomUserDetails - getUsername()
2026-08-10 10:39:36 [http-nio-8080-exec-8] DEBUG c.p.e.service.impl.CustomUserDetails - ======================================
2026-08-10 10:39:36 [http-nio-8080-exec-3] DEBUG c.p.e.service.impl.CustomUserDetails - ======================================
2026-08-10 10:39:36 [http-nio-8080-exec-3] DEBUG c.p.e.service.impl.CustomUserDetails - getUsername()
2026-08-10 10:39:36 [http-nio-8080-exec-3] DEBUG c.p.e.service.impl.CustomUserDetails - ======================================
2026-08-10 10:39:36 [http-nio-8080-exec-8] DEBUG c.p.e.service.impl.CustomUserDetails - ======================================
2026-08-10 10:39:36 [http-nio-8080-exec-8] DEBUG c.p.e.service.impl.CustomUserDetails - getUsername()
2026-08-10 10:39:36 [http-nio-8080-exec-8] DEBUG c.p.e.service.impl.CustomUserDetails - ======================================
2026-08-10 10:39:36 [http-nio-8080-exec-2] DEBUG c.p.e.service.impl.CustomUserDetails - ======================================
2026-08-10 10:39:36 [http-nio-8080-exec-2] DEBUG c.p.e.service.impl.CustomUserDetails - getUsername()
2026-08-10 10:39:36 [http-nio-8080-exec-2] DEBUG c.p.e.service.impl.CustomUserDetails - ======================================
2026-08-10 10:39:36 [http-nio-8080-exec-3] DEBUG c.p.e.service.impl.CustomUserDetails - ======================================
2026-08-10 10:39:36 [http-nio-8080-exec-3] DEBUG c.p.e.service.impl.CustomUserDetails - getUsername()
2026-08-10 10:39:36 [http-nio-8080-exec-3] DEBUG c.p.e.service.impl.CustomUserDetails - ======================================
2026-08-10 10:39:36 [http-nio-8080-exec-2] DEBUG c.p.e.service.impl.CustomUserDetails - ======================================
2026-08-10 10:39:36 [http-nio-8080-exec-2] DEBUG c.p.e.service.impl.CustomUserDetails - getUsername()
2026-08-10 10:39:36 [http-nio-8080-exec-2] DEBUG c.p.e.service.impl.CustomUserDetails - ======================================
2026-08-10 10:39:36 [http-nio-8080-exec-1] DEBUG c.p.e.service.impl.CustomUserDetails - ======================================
2026-08-10 10:39:36 [http-nio-8080-exec-1] DEBUG c.p.e.service.impl.CustomUserDetails - getUsername()
2026-08-10 10:39:36 [http-nio-8080-exec-1] DEBUG c.p.e.service.impl.CustomUserDetails - ======================================
2026-08-10 10:39:36 [http-nio-8080-exec-6] DEBUG c.p.e.service.impl.CustomUserDetails - ======================================
2026-08-10 10:39:36 [http-nio-8080-exec-6] DEBUG c.p.e.service.impl.CustomUserDetails - getUsername()
2026-08-10 10:39:36 [http-nio-8080-exec-6] DEBUG c.p.e.service.impl.CustomUserDetails - ======================================
2026-08-10 10:39:36 [http-nio-8080-exec-1] DEBUG c.p.e.service.impl.CustomUserDetails - ======================================
2026-08-10 10:39:36 [http-nio-8080-exec-1] DEBUG c.p.e.service.impl.CustomUserDetails - getUsername()
2026-08-10 10:39:36 [http-nio-8080-exec-1] DEBUG c.p.e.service.impl.CustomUserDetails - ======================================
2026-08-10 10:39:36 [http-nio-8080-exec-6] DEBUG c.p.e.service.impl.CustomUserDetails - ======================================
2026-08-10 10:39:36 [http-nio-8080-exec-6] DEBUG c.p.e.service.impl.CustomUserDetails - getUsername()
2026-08-10 10:39:36 [http-nio-8080-exec-6] DEBUG c.p.e.service.impl.CustomUserDetails - ======================================
2026-08-10 10:39:37 [http-nio-8080-exec-5] DEBUG c.pcwk.ehr.controller.UserController - ---------------------------
2026-08-10 10:39:37 [http-nio-8080-exec-5] DEBUG c.pcwk.ehr.controller.UserController - doSelectOne()*
2026-08-10 10:39:37 [http-nio-8080-exec-5] DEBUG c.pcwk.ehr.controller.UserController - ---------------------------
2026-08-10 10:39:37 [http-nio-8080-exec-5] DEBUG c.pcwk.ehr.controller.UserController - 1.userId: pcwk2
2026-08-10 10:39:37 [http-nio-8080-exec-5] DEBUG c.pcwk.ehr.controller.UserController - 1.1 param: UserVO [userId=pcwk2, name=null, password=null, login=0, recommend=0, email=null, grade=null, regDt=null, toString()=DTO [pageNo=0, pageSize=0, no=0, totalCnt=0, searchDiv=null, searchWord=null, searchMap={}, startNo=0, endNo=0, pre=false, next=false]]
2026-08-10 10:39:37 [http-nio-8080-exec-5] DEBUG c.p.ehr.service.impl.UserServiceImpl - ======================================
2026-08-10 10:39:37 [http-nio-8080-exec-5] DEBUG c.p.ehr.service.impl.UserServiceImpl - doSelectOne()
2026-08-10 10:39:37 [http-nio-8080-exec-5] DEBUG c.p.ehr.service.impl.UserServiceImpl - ======================================
2026-08-10 10:39:37 [http-nio-8080-exec-5] DEBUG org.mybatis.spring.SqlSessionUtils - Creating a new SqlSession
2026-08-10 10:39:37 [http-nio-8080-exec-5] DEBUG org.mybatis.spring.SqlSessionUtils - SqlSession [org.apache.ibatis.session.defaults.DefaultSqlSession@1c110d4d] was not registered for synchronization because synchronization is not active
2026-08-10 10:39:37 [http-nio-8080-exec-5] DEBUG o.m.s.t.SpringManagedTransaction - JDBC Connection [HikariProxyConnection@1214333693 wrapping oracle.jdbc.driver.T4CConnection@1ddd7265] will not be managed by Spring
2026-08-10 10:39:37 [http-nio-8080-exec-5] DEBUG c.p.e.mapper.UserMapper.doSelectOne - ==>  Preparing: SELECT user_id, name, password, login, recommend, email, DECODE(grade,1,'BASIC' ,2,'SILVER' ,3,'GOLD' ) grade, TO_CHAR(reg_dt,'YYYY/MM/DD HH24:MI:SS') reg_dt FROM member WHERE user_id = ?
2026-08-10 10:39:37 [http-nio-8080-exec-5] DEBUG c.p.e.mapper.UserMapper.doSelectOne - ==> Parameters: pcwk2(String)
2026-08-10 10:39:37 [http-nio-8080-exec-5] DEBUG c.p.e.mapper.UserMapper.doSelectOne - <==      Total: 1
2026-08-10 10:39:37 [http-nio-8080-exec-5] DEBUG org.mybatis.spring.SqlSessionUtils - Closing non transactional SqlSession [org.apache.ibatis.session.defaults.DefaultSqlSession@1c110d4d]
2026-08-10 10:39:37 [http-nio-8080-exec-5] DEBUG c.pcwk.ehr.controller.UserController - 2. outVO: UserVO [userId=pcwk2, name=이상무01, password=$2a$12$HBp2ySacblGeTBWYnXCyeu49zWneNkNwg1Nx4YiN0Mea5PoGt1wSi, login=2, recommend=2, email=jamesol2@naver.com, grade=GOLD, regDt=2026/08/10 08:29:41, toString()=DTO [pageNo=0, pageSize=0, no=0, totalCnt=0, searchDiv=null, searchWord=null, searchMap={}, startNo=0, endNo=0, pre=false, next=false]]
2026-08-10 10:39:37 [http-nio-8080-exec-5] DEBUG c.p.e.service.impl.CustomUserDetails - ======================================
2026-08-10 10:39:37 [http-nio-8080-exec-5] DEBUG c.p.e.service.impl.CustomUserDetails - getUsername()
2026-08-10 10:39:37 [http-nio-8080-exec-5] DEBUG c.p.e.service.impl.CustomUserDetails - ======================================
2026-08-10 10:39:37 [http-nio-8080-exec-5] DEBUG c.p.e.service.impl.CustomUserDetails - ======================================
2026-08-10 10:39:37 [http-nio-8080-exec-5] DEBUG c.p.e.service.impl.CustomUserDetails - getUsername()
2026-08-10 10:39:37 [http-nio-8080-exec-5] DEBUG c.p.e.service.impl.CustomUserDetails - ======================================
2026-08-10 10:39:37 [http-nio-8080-exec-4] DEBUG c.p.e.service.impl.CustomUserDetails - ======================================
2026-08-10 10:39:37 [http-nio-8080-exec-4] DEBUG c.p.e.service.impl.CustomUserDetails - getUsername()
2026-08-10 10:39:37 [http-nio-8080-exec-4] DEBUG c.p.e.service.impl.CustomUserDetails - ======================================
2026-08-10 10:39:37 [http-nio-8080-exec-9] DEBUG c.p.e.service.impl.CustomUserDetails - ======================================
2026-08-10 10:39:37 [http-nio-8080-exec-9] DEBUG c.p.e.service.impl.CustomUserDetails - getUsername()
2026-08-10 10:39:37 [http-nio-8080-exec-9] DEBUG c.p.e.service.impl.CustomUserDetails - ======================================
2026-08-10 10:39:37 [http-nio-8080-exec-7] DEBUG c.p.e.service.impl.CustomUserDetails - ======================================
2026-08-10 10:39:37 [http-nio-8080-exec-7] DEBUG c.p.e.service.impl.CustomUserDetails - getUsername()
2026-08-10 10:39:37 [http-nio-8080-exec-7] DEBUG c.p.e.service.impl.CustomUserDetails - ======================================
2026-08-10 10:39:37 [http-nio-8080-exec-8] DEBUG c.p.e.service.impl.CustomUserDetails - ======================================
2026-08-10 10:39:37 [http-nio-8080-exec-8] DEBUG c.p.e.service.impl.CustomUserDetails - getUsername()
2026-08-10 10:39:37 [http-nio-8080-exec-8] DEBUG c.p.e.service.impl.CustomUserDetails - ======================================
2026-08-10 10:39:37 [http-nio-8080-exec-3] DEBUG c.p.e.service.impl.CustomUserDetails - ======================================
2026-08-10 10:39:37 [http-nio-8080-exec-3] DEBUG c.p.e.service.impl.CustomUserDetails - getUsername()
2026-08-10 10:39:37 [http-nio-8080-exec-3] DEBUG c.p.e.service.impl.CustomUserDetails - ======================================
2026-08-10 10:39:37 [http-nio-8080-exec-2] DEBUG c.p.e.service.impl.CustomUserDetails - ======================================
2026-08-10 10:39:37 [http-nio-8080-exec-2] DEBUG c.p.e.service.impl.CustomUserDetails - getUsername()
2026-08-10 10:39:37 [http-nio-8080-exec-2] DEBUG c.p.e.service.impl.CustomUserDetails - ======================================
2026-08-10 10:39:37 [http-nio-8080-exec-2] DEBUG c.p.e.service.impl.CustomUserDetails - ======================================
2026-08-10 10:39:37 [http-nio-8080-exec-2] DEBUG c.p.e.service.impl.CustomUserDetails - getUsername()
2026-08-10 10:39:37 [http-nio-8080-exec-2] DEBUG c.p.e.service.impl.CustomUserDetails - ======================================
2026-08-10 10:39:37 [http-nio-8080-exec-10] DEBUG c.p.e.service.impl.CustomUserDetails - ======================================
2026-08-10 10:39:37 [http-nio-8080-exec-10] DEBUG c.p.e.service.impl.CustomUserDetails - getUsername()
2026-08-10 10:39:37 [http-nio-8080-exec-10] DEBUG c.p.e.service.impl.CustomUserDetails - ======================================
2026-08-10 10:39:37 [http-nio-8080-exec-10] DEBUG c.p.e.service.impl.CustomUserDetails - ======================================
2026-08-10 10:39:37 [http-nio-8080-exec-10] DEBUG c.p.e.service.impl.CustomUserDetails - getUsername()
2026-08-10 10:39:37 [http-nio-8080-exec-10] DEBUG c.p.e.service.impl.CustomUserDetails - ======================================
2026-08-10 10:39:37 [http-nio-8080-exec-1] DEBUG c.p.e.service.impl.CustomUserDetails - ======================================
2026-08-10 10:39:37 [http-nio-8080-exec-1] DEBUG c.p.e.service.impl.CustomUserDetails - getUsername()
2026-08-10 10:39:37 [http-nio-8080-exec-1] DEBUG c.p.e.service.impl.CustomUserDetails - ======================================
2026-08-10 10:39:37 [http-nio-8080-exec-1] DEBUG c.p.e.service.impl.CustomUserDetails - ======================================
2026-08-10 10:39:37 [http-nio-8080-exec-1] DEBUG c.p.e.service.impl.CustomUserDetails - getUsername()
2026-08-10 10:39:37 [http-nio-8080-exec-1] DEBUG c.p.e.service.impl.CustomUserDetails - ======================================
2026-08-10 10:39:40 [http-nio-8080-exec-6] DEBUG c.pcwk.ehr.controller.UserController - ---------------------------
2026-08-10 10:39:40 [http-nio-8080-exec-6] DEBUG c.pcwk.ehr.controller.UserController - doDelete()*
2026-08-10 10:39:40 [http-nio-8080-exec-6] DEBUG c.pcwk.ehr.controller.UserController - ---------------------------
2026-08-10 10:39:40 [http-nio-8080-exec-6] DEBUG c.pcwk.ehr.controller.UserController - 1.userId: pcwk2
2026-08-10 10:39:40 [http-nio-8080-exec-6] DEBUG c.pcwk.ehr.controller.UserController - 1.1 param: UserVO [userId=pcwk2, name=null, password=null, login=0, recommend=0, email=null, grade=null, regDt=null, toString()=DTO [pageNo=0, pageSize=0, no=0, totalCnt=0, searchDiv=null, searchWord=null, searchMap={}, startNo=0, endNo=0, pre=false, next=false]]
2026-08-10 10:39:40 [http-nio-8080-exec-6] TRACE o.s.t.i.TransactionInterceptor - Getting transaction for [com.pcwk.ehr.service.impl.UserServiceImpl.doDelete]
2026-08-10 10:39:40 [http-nio-8080-exec-6] DEBUG c.p.ehr.service.impl.UserServiceImpl - ======================================
2026-08-10 10:39:40 [http-nio-8080-exec-6] DEBUG c.p.ehr.service.impl.UserServiceImpl - doDelete()
2026-08-10 10:39:40 [http-nio-8080-exec-6] DEBUG c.p.ehr.service.impl.UserServiceImpl - ======================================
2026-08-10 10:39:40 [http-nio-8080-exec-6] DEBUG org.mybatis.spring.SqlSessionUtils - Creating a new SqlSession
2026-08-10 10:39:40 [http-nio-8080-exec-6] DEBUG org.mybatis.spring.SqlSessionUtils - Registering transaction synchronization for SqlSession [org.apache.ibatis.session.defaults.DefaultSqlSession@177b1ef8]
2026-08-10 10:39:40 [http-nio-8080-exec-6] DEBUG o.m.s.t.SpringManagedTransaction - JDBC Connection [HikariProxyConnection@789873067 wrapping oracle.jdbc.driver.T4CConnection@1ddd7265] will be managed by Spring
2026-08-10 10:39:40 [http-nio-8080-exec-6] DEBUG c.p.ehr.mapper.UserMapper.doDelete - ==>  Preparing: DELETE FROM member WHERE user_id = ?
2026-08-10 10:39:40 [http-nio-8080-exec-6] DEBUG c.p.ehr.mapper.UserMapper.doDelete - ==> Parameters: pcwk2(String)
2026-08-10 10:39:40 [http-nio-8080-exec-6] DEBUG c.p.ehr.mapper.UserMapper.doDelete - <==    Updates: 1
2026-08-10 10:39:40 [http-nio-8080-exec-6] DEBUG org.mybatis.spring.SqlSessionUtils - Releasing transactional SqlSession [org.apache.ibatis.session.defaults.DefaultSqlSession@177b1ef8]
2026-08-10 10:39:40 [http-nio-8080-exec-6] TRACE o.s.t.i.TransactionInterceptor - Completing transaction for [com.pcwk.ehr.service.impl.UserServiceImpl.doDelete]
2026-08-10 10:39:40 [http-nio-8080-exec-6] DEBUG org.mybatis.spring.SqlSessionUtils - Transaction synchronization committing SqlSession [org.apache.ibatis.session.defaults.DefaultSqlSession@177b1ef8]
2026-08-10 10:39:40 [http-nio-8080-exec-6] DEBUG org.mybatis.spring.SqlSessionUtils - Transaction synchronization deregistering SqlSession [org.apache.ibatis.session.defaults.DefaultSqlSession@177b1ef8]
2026-08-10 10:39:40 [http-nio-8080-exec-6] DEBUG org.mybatis.spring.SqlSessionUtils - Transaction synchronization closing SqlSession [org.apache.ibatis.session.defaults.DefaultSqlSession@177b1ef8]
2026-08-10 10:39:40 [http-nio-8080-exec-6] DEBUG c.pcwk.ehr.controller.UserController - 2. flag: 1
2026-08-10 10:39:40 [http-nio-8080-exec-6] DEBUG c.pcwk.ehr.controller.UserController - 3. messsage: MessageVO [id=1, message=pcwk2님이 삭제 되었습니다., detailMessage=No Detail Message.]
2026-08-10 10:39:40 [http-nio-8080-exec-6] DEBUG c.p.e.service.impl.CustomUserDetails - ======================================
2026-08-10 10:39:40 [http-nio-8080-exec-6] DEBUG c.p.e.service.impl.CustomUserDetails - getUsername()
2026-08-10 10:39:40 [http-nio-8080-exec-6] DEBUG c.p.e.service.impl.CustomUserDetails - ======================================
2026-08-10 10:45:39 [http-nio-8080-exec-8] DEBUG c.pcwk.ehr.controller.UserController - ---------------------------
2026-08-10 10:45:39 [http-nio-8080-exec-8] DEBUG c.pcwk.ehr.controller.UserController - doSelectOne()*
2026-08-10 10:45:39 [http-nio-8080-exec-8] DEBUG c.pcwk.ehr.controller.UserController - ---------------------------
2026-08-10 10:45:39 [http-nio-8080-exec-8] DEBUG c.pcwk.ehr.controller.UserController - 1.userId: pcwk2
2026-08-10 10:45:39 [http-nio-8080-exec-8] DEBUG c.pcwk.ehr.controller.UserController - 1.1 param: UserVO [userId=pcwk2, name=null, password=null, login=0, recommend=0, email=null, grade=null, regDt=null, toString()=DTO [pageNo=0, pageSize=0, no=0, totalCnt=0, searchDiv=null, searchWord=null, searchMap={}, startNo=0, endNo=0, pre=false, next=false]]
2026-08-10 10:45:39 [http-nio-8080-exec-8] DEBUG c.p.ehr.service.impl.UserServiceImpl - ======================================
2026-08-10 10:45:39 [http-nio-8080-exec-8] DEBUG c.p.ehr.service.impl.UserServiceImpl - doSelectOne()
2026-08-10 10:45:39 [http-nio-8080-exec-8] DEBUG c.p.ehr.service.impl.UserServiceImpl - ======================================
2026-08-10 10:45:39 [http-nio-8080-exec-8] DEBUG org.mybatis.spring.SqlSessionUtils - Creating a new SqlSession
2026-08-10 10:45:39 [http-nio-8080-exec-8] DEBUG org.mybatis.spring.SqlSessionUtils - SqlSession [org.apache.ibatis.session.defaults.DefaultSqlSession@78bd5838] was not registered for synchronization because synchronization is not active
2026-08-10 10:45:39 [http-nio-8080-exec-8] DEBUG o.m.s.t.SpringManagedTransaction - JDBC Connection [HikariProxyConnection@748621536 wrapping oracle.jdbc.driver.T4CConnection@1ddd7265] will not be managed by Spring
2026-08-10 10:45:39 [http-nio-8080-exec-8] DEBUG c.p.e.mapper.UserMapper.doSelectOne - ==>  Preparing: SELECT user_id, name, password, login, recommend, email, DECODE(grade,1,'BASIC' ,2,'SILVER' ,3,'GOLD' ) grade, TO_CHAR(reg_dt,'YYYY/MM/DD HH24:MI:SS') reg_dt FROM member WHERE user_id = ?
2026-08-10 10:45:39 [http-nio-8080-exec-8] DEBUG c.p.e.mapper.UserMapper.doSelectOne - ==> Parameters: pcwk2(String)
2026-08-10 10:45:39 [http-nio-8080-exec-8] DEBUG c.p.e.mapper.UserMapper.doSelectOne - <==      Total: 0
2026-08-10 10:45:39 [http-nio-8080-exec-8] DEBUG org.mybatis.spring.SqlSessionUtils - Closing non transactional SqlSession [org.apache.ibatis.session.defaults.DefaultSqlSession@78bd5838]
2026-08-10 10:45:39 [http-nio-8080-exec-8] DEBUG c.p.ehr.service.impl.UserServiceImpl - Exception:Cannot invoke "com.pcwk.ehr.domain.UserVO.getName()" because "outVO" is null
2026-08-10 10:45:39 [http-nio-8080-exec-8] DEBUG c.pcwk.ehr.controller.UserController - 2. outVO: null
2026-08-10 10:45:39 [http-nio-8080-exec-8] DEBUG c.p.e.service.impl.CustomUserDetails - ======================================
2026-08-10 10:45:39 [http-nio-8080-exec-8] DEBUG c.p.e.service.impl.CustomUserDetails - getUsername()
2026-08-10 10:45:39 [http-nio-8080-exec-8] DEBUG c.p.e.service.impl.CustomUserDetails - ======================================
2026-08-10 10:45:39 [http-nio-8080-exec-8] ERROR org.thymeleaf.TemplateEngine - [THYMELEAF][http-nio-8080-exec-8] Exception processing template "user/user_mng": An error happened during template parsing (template: "class path resource [templates/user/user_mng.html]")
org.thymeleaf.exceptions.TemplateInputException: An error happened during template parsing (template: "class path resource [templates/user/user_mng.html]")
	at org.thymeleaf.templateparser.markup.AbstractMarkupTemplateParser.parse(AbstractMarkupTemplateParser.java:241)
	at org.thymeleaf.templateparser.markup.AbstractMarkupTemplateParser.parseStandalone(AbstractMarkupTemplateParser.java:100)
	at org.thymeleaf.engine.TemplateManager.parseAndProcess(TemplateManager.java:666)
	at org.thymeleaf.TemplateEngine.process(TemplateEngine.java:1103)
	at org.thymeleaf.TemplateEngine.process(TemplateEngine.java:1077)
	at org.thymeleaf.spring6.view.ThymeleafView.renderFragment(ThymeleafView.java:374)
	at org.thymeleaf.spring6.view.ThymeleafView.render(ThymeleafView.java:193)
	at org.springframework.web.servlet.DispatcherServlet.render(DispatcherServlet.java:1438)
	at org.springframework.web.servlet.DispatcherServlet.processDispatchResult(DispatcherServlet.java:1168)
	at org.springframework.web.servlet.DispatcherServlet.doDispatch(DispatcherServlet.java:1106)
	at org.springframework.web.servlet.DispatcherServlet.doService(DispatcherServlet.java:979)
	at org.springframework.web.servlet.FrameworkServlet.processRequest(FrameworkServlet.java:1014)
	at org.springframework.web.servlet.FrameworkServlet.doGet(FrameworkServlet.java:903)
	at jakarta.servlet.http.HttpServlet.service(HttpServlet.java:564)
	at org.springframework.web.servlet.FrameworkServlet.service(FrameworkServlet.java:885)
	at jakarta.servlet.http.HttpServlet.service(HttpServlet.java:658)
	at org.apache.catalina.core.ApplicationFilterChain.internalDoFilter(ApplicationFilterChain.java:193)
	at org.apache.catalina.core.ApplicationFilterChain.doFilter(ApplicationFilterChain.java:138)
	at org.apache.tomcat.websocket.server.WsFilter.doFilter(WsFilter.java:51)
	at org.apache.catalina.core.ApplicationFilterChain.internalDoFilter(ApplicationFilterChain.java:162)
	at org.apache.catalina.core.ApplicationFilterChain.doFilter(ApplicationFilterChain.java:138)
	at org.springframework.web.filter.CompositeFilter$VirtualFilterChain.doFilter(CompositeFilter.java:108)
	at org.springframework.web.filter.CompositeFilter$VirtualFilterChain.doFilter(CompositeFilter.java:108)
	at org.springframework.security.web.FilterChainProxy.lambda$doFilterInternal$3(FilterChainProxy.java:231)
	at org.springframework.security.web.FilterChainProxy$VirtualFilterChain.doFilter(FilterChainProxy.java:370)
	at org.springframework.security.web.access.intercept.AuthorizationFilter.doFilter(AuthorizationFilter.java:101)
	at org.springframework.security.web.FilterChainProxy$VirtualFilterChain.doFilter(FilterChainProxy.java:379)
	at org.springframework.security.web.access.ExceptionTranslationFilter.doFilter(ExceptionTranslationFilter.java:125)
	at org.springframework.security.web.access.ExceptionTranslationFilter.doFilter(ExceptionTranslationFilter.java:119)
	at org.springframework.security.web.FilterChainProxy$VirtualFilterChain.doFilter(FilterChainProxy.java:379)
	at org.springframework.security.web.authentication.AnonymousAuthenticationFilter.doFilter(AnonymousAuthenticationFilter.java:100)
	at org.springframework.security.web.FilterChainProxy$VirtualFilterChain.doFilter(FilterChainProxy.java:379)
	at org.springframework.security.web.servletapi.SecurityContextHolderAwareRequestFilter.doFilter(SecurityContextHolderAwareRequestFilter.java:179)
	at org.springframework.security.web.FilterChainProxy$VirtualFilterChain.doFilter(FilterChainProxy.java:379)
	at org.springframework.security.web.savedrequest.RequestCacheAwareFilter.doFilter(RequestCacheAwareFilter.java:63)
	at org.springframework.security.web.FilterChainProxy$VirtualFilterChain.doFilter(FilterChainProxy.java:379)
	at org.springframework.security.web.authentication.AbstractAuthenticationProcessingFilter.doFilter(AbstractAuthenticationProcessingFilter.java:235)
	at org.springframework.security.web.authentication.AbstractAuthenticationProcessingFilter.doFilter(AbstractAuthenticationProcessingFilter.java:229)
	at org.springframework.security.web.FilterChainProxy$VirtualFilterChain.doFilter(FilterChainProxy.java:379)
	at org.springframework.security.web.authentication.logout.LogoutFilter.doFilter(LogoutFilter.java:107)
	at org.springframework.security.web.authentication.logout.LogoutFilter.doFilter(LogoutFilter.java:93)
	at org.springframework.security.web.FilterChainProxy$VirtualFilterChain.doFilter(FilterChainProxy.java:379)
	at org.springframework.security.web.csrf.CsrfFilter.doFilterInternal(CsrfFilter.java:117)
	at org.springframework.web.filter.OncePerRequestFilter.doFilter(OncePerRequestFilter.java:116)
	at org.springframework.security.web.FilterChainProxy$VirtualFilterChain.doFilter(FilterChainProxy.java:379)
	at org.springframework.security.web.header.HeaderWriterFilter.doHeadersAfter(HeaderWriterFilter.java:90)
	at org.springframework.security.web.header.HeaderWriterFilter.doFilterInternal(HeaderWriterFilter.java:75)
	at org.springframework.web.filter.OncePerRequestFilter.doFilter(OncePerRequestFilter.java:116)
	at org.springframework.security.web.FilterChainProxy$VirtualFilterChain.doFilter(FilterChainProxy.java:379)
	at org.springframework.security.web.context.SecurityContextHolderFilter.doFilter(SecurityContextHolderFilter.java:82)
	at org.springframework.security.web.context.SecurityContextHolderFilter.doFilter(SecurityContextHolderFilter.java:69)
	at org.springframework.security.web.FilterChainProxy$VirtualFilterChain.doFilter(FilterChainProxy.java:379)
	at org.springframework.security.web.context.request.async.WebAsyncManagerIntegrationFilter.doFilterInternal(WebAsyncManagerIntegrationFilter.java:62)
	at org.springframework.web.filter.OncePerRequestFilter.doFilter(OncePerRequestFilter.java:116)
	at org.springframework.security.web.FilterChainProxy$VirtualFilterChain.doFilter(FilterChainProxy.java:379)
	at org.springframework.security.web.session.DisableEncodeUrlFilter.doFilterInternal(DisableEncodeUrlFilter.java:42)
	at org.springframework.web.filter.OncePerRequestFilter.doFilter(OncePerRequestFilter.java:116)
	at org.springframework.security.web.FilterChainProxy$VirtualFilterChain.doFilter(FilterChainProxy.java:379)
	at org.springframework.security.web.FilterChainProxy.doFilterInternal(FilterChainProxy.java:233)
	at org.springframework.security.web.FilterChainProxy.doFilter(FilterChainProxy.java:191)
	at org.springframework.web.filter.CompositeFilter$VirtualFilterChain.doFilter(CompositeFilter.java:113)
	at org.springframework.web.filter.ServletRequestPathFilter.doFilter(ServletRequestPathFilter.java:52)
	at org.springframework.web.filter.CompositeFilter$VirtualFilterChain.doFilter(CompositeFilter.java:113)
	at org.springframework.web.filter.CompositeFilter.doFilter(CompositeFilter.java:74)
	at org.springframework.security.config.annotation.web.configuration.WebSecurityConfiguration$CompositeFilterChainProxy.doFilter(WebSecurityConfiguration.java:319)
	at org.springframework.web.filter.CompositeFilter$VirtualFilterChain.doFilter(CompositeFilter.java:113)
	at org.springframework.web.servlet.handler.HandlerMappingIntrospector.lambda$createCacheFilter$4(HandlerMappingIntrospector.java:267)
	at org.springframework.web.filter.CompositeFilter$VirtualFilterChain.doFilter(CompositeFilter.java:113)
	at org.springframework.web.filter.CompositeFilter.doFilter(CompositeFilter.java:74)
	at org.springframework.security.config.annotation.web.configuration.WebMvcSecurityConfiguration$CompositeFilterChainProxy.doFilter(WebMvcSecurityConfiguration.java:240)
	at org.springframework.web.filter.DelegatingFilterProxy.invokeDelegate(DelegatingFilterProxy.java:362)
	at org.springframework.web.filter.DelegatingFilterProxy.doFilter(DelegatingFilterProxy.java:278)
	at org.apache.catalina.core.ApplicationFilterChain.internalDoFilter(ApplicationFilterChain.java:162)
	at org.apache.catalina.core.ApplicationFilterChain.doFilter(ApplicationFilterChain.java:138)
	at org.springframework.web.filter.RequestContextFilter.doFilterInternal(RequestContextFilter.java:100)
	at org.springframework.web.filter.OncePerRequestFilter.doFilter(OncePerRequestFilter.java:116)
	at org.apache.catalina.core.ApplicationFilterChain.internalDoFilter(ApplicationFilterChain.java:162)
	at org.apache.catalina.core.ApplicationFilterChain.doFilter(ApplicationFilterChain.java:138)
	at org.springframework.web.filter.FormContentFilter.doFilterInternal(FormContentFilter.java:93)
	at org.springframework.web.filter.OncePerRequestFilter.doFilter(OncePerRequestFilter.java:116)
	at org.apache.catalina.core.ApplicationFilterChain.internalDoFilter(ApplicationFilterChain.java:162)
	at org.apache.catalina.core.ApplicationFilterChain.doFilter(ApplicationFilterChain.java:138)
	at org.springframework.web.filter.CharacterEncodingFilter.doFilterInternal(CharacterEncodingFilter.java:201)
	at org.springframework.web.filter.OncePerRequestFilter.doFilter(OncePerRequestFilter.java:116)
	at org.apache.catalina.core.ApplicationFilterChain.internalDoFilter(ApplicationFilterChain.java:162)
	at org.apache.catalina.core.ApplicationFilterChain.doFilter(ApplicationFilterChain.java:138)
	at org.apache.catalina.core.StandardWrapperValve.invoke(StandardWrapperValve.java:165)
	at org.apache.catalina.core.StandardContextValve.invoke(StandardContextValve.java:88)
	at org.apache.catalina.authenticator.AuthenticatorBase.invoke(AuthenticatorBase.java:492)
	at org.apache.catalina.core.StandardHostValve.invoke(StandardHostValve.java:113)
	at org.apache.catalina.valves.ErrorReportValve.invoke(ErrorReportValve.java:83)
	at org.apache.catalina.core.StandardEngineValve.invoke(StandardEngineValve.java:72)
	at org.apache.catalina.connector.CoyoteAdapter.service(CoyoteAdapter.java:342)
	at org.apache.coyote.http11.Http11Processor.service(Http11Processor.java:399)
	at org.apache.coyote.AbstractProcessorLight.process(AbstractProcessorLight.java:63)
	at org.apache.coyote.AbstractProtocol$ConnectionHandler.process(AbstractProtocol.java:1272)
	at org.apache.tomcat.util.net.NioEndpoint$SocketProcessor.doRun(NioEndpoint.java:1797)
	at org.apache.tomcat.util.net.SocketProcessorBase.run(SocketProcessorBase.java:52)
	at org.apache.tomcat.util.threads.ThreadPoolExecutor.runWorker(ThreadPoolExecutor.java:973)
	at org.apache.tomcat.util.threads.ThreadPoolExecutor$Worker.run(ThreadPoolExecutor.java:491)
	at org.apache.tomcat.util.threads.TaskThread$WrappingRunnable.run(TaskThread.java:63)
	at java.base/java.lang.Thread.run(Thread.java:1583)
Caused by: org.attoparser.ParseException: Exception evaluating SpringEL expression: "user.userId" (template: "user/user_mng" - line 57, col 32)
	at org.attoparser.MarkupParser.parseDocument(MarkupParser.java:393)
	at org.attoparser.MarkupParser.parse(MarkupParser.java:257)
	at org.thymeleaf.templateparser.markup.AbstractMarkupTemplateParser.parse(AbstractMarkupTemplateParser.java:230)
	... 101 common frames omitted
Caused by: org.thymeleaf.exceptions.TemplateProcessingException: Exception evaluating SpringEL expression: "user.userId" (template: "user/user_mng" - line 57, col 32)
	at org.thymeleaf.spring6.expression.SPELVariableExpressionEvaluator.evaluate(SPELVariableExpressionEvaluator.java:302)
	at org.thymeleaf.standard.expression.VariableExpression.executeVariableExpression(VariableExpression.java:166)
	at org.thymeleaf.standard.expression.SimpleExpression.executeSimple(SimpleExpression.java:66)
	at org.thymeleaf.standard.expression.Expression.execute(Expression.java:109)
	at org.thymeleaf.standard.expression.Expression.execute(Expression.java:138)
	at org.thymeleaf.standard.processor.AbstractStandardExpressionAttributeTagProcessor.doProcess(AbstractStandardExpressionAttributeTagProcessor.java:144)
	at org.thymeleaf.processor.element.AbstractAttributeTagProcessor.doProcess(AbstractAttributeTagProcessor.java:74)
	at org.thymeleaf.processor.element.AbstractElementTagProcessor.process(AbstractElementTagProcessor.java:95)
	at org.thymeleaf.util.ProcessorConfigurationUtils$ElementTagProcessorWrapper.process(ProcessorConfigurationUtils.java:633)
	at org.thymeleaf.engine.ProcessorTemplateHandler.handleStandaloneElement(ProcessorTemplateHandler.java:918)
	at org.thymeleaf.engine.StandaloneElementTag.beHandled(StandaloneElementTag.java:228)
	at org.thymeleaf.engine.Model.process(Model.java:282)
	at org.thymeleaf.engine.ProcessorTemplateHandler.handleOpenElement(ProcessorTemplateHandler.java:1587)
	at org.thymeleaf.engine.OpenElementTag.beHandled(OpenElementTag.java:205)
	at org.thymeleaf.engine.Model.process(Model.java:282)
	at org.thymeleaf.engine.ProcessorTemplateHandler.handleOpenElement(ProcessorTemplateHandler.java:1587)
	at org.thymeleaf.engine.OpenElementTag.beHandled(OpenElementTag.java:205)
	at org.thymeleaf.engine.Model.process(Model.java:282)
	at org.thymeleaf.engine.Model.process(Model.java:290)
	at org.thymeleaf.engine.GatheringModelProcessable.process(GatheringModelProcessable.java:78)
	at org.thymeleaf.engine.ProcessorTemplateHandler.handleCloseElement(ProcessorTemplateHandler.java:1640)
	at org.thymeleaf.engine.TemplateHandlerAdapterMarkupHandler.handleCloseElementEnd(TemplateHandlerAdapterMarkupHandler.java:388)
	at org.thymeleaf.templateparser.markup.InlinedOutputExpressionMarkupHandler$InlineMarkupAdapterPreProcessorHandler.handleCloseElementEnd(InlinedOutputExpressionMarkupHandler.java:322)
	at org.thymeleaf.standard.inline.OutputExpressionInlinePreProcessorHandler.handleCloseElementEnd(OutputExpressionInlinePreProcessorHandler.java:220)
	at org.thymeleaf.templateparser.markup.InlinedOutputExpressionMarkupHandler.handleCloseElementEnd(InlinedOutputExpressionMarkupHandler.java:164)
	at org.attoparser.HtmlElement.handleCloseElementEnd(HtmlElement.java:169)
	at org.attoparser.HtmlMarkupHandler.handleCloseElementEnd(HtmlMarkupHandler.java:412)
	at org.attoparser.MarkupEventProcessorHandler.handleCloseElementEnd(MarkupEventProcessorHandler.java:473)
	at org.attoparser.ParsingElementMarkupUtil.parseCloseElement(ParsingElementMarkupUtil.java:201)
	at org.attoparser.MarkupParser.parseBuffer(MarkupParser.java:725)
	at org.attoparser.MarkupParser.parseDocument(MarkupParser.java:301)
	... 103 common frames omitted
Caused by: org.springframework.expression.spel.SpelEvaluationException: EL1007E: Property or field 'userId' cannot be found on null
	at org.springframework.expression.spel.ast.PropertyOrFieldReference.readProperty(PropertyOrFieldReference.java:233)
	at org.springframework.expression.spel.ast.PropertyOrFieldReference.getValueInternal(PropertyOrFieldReference.java:112)
	at org.springframework.expression.spel.ast.PropertyOrFieldReference$AccessorValueRef.getValue(PropertyOrFieldReference.java:388)
	at org.springframework.expression.spel.ast.CompoundExpression.getValueInternal(CompoundExpression.java:97)
	at org.springframework.expression.spel.ast.SpelNodeImpl.getValue(SpelNodeImpl.java:116)
	at org.springframework.expression.spel.standard.SpelExpression.getValue(SpelExpression.java:338)
	at org.thymeleaf.spring6.expression.SPELVariableExpressionEvaluator.evaluate(SPELVariableExpressionEvaluator.java:275)
	... 133 common frames omitted
2026-08-10 10:45:39 [http-nio-8080-exec-8] DEBUG c.p.e.service.impl.CustomUserDetails - ======================================
2026-08-10 10:45:39 [http-nio-8080-exec-8] DEBUG c.p.e.service.impl.CustomUserDetails - getUsername()
2026-08-10 10:45:39 [http-nio-8080-exec-8] DEBUG c.p.e.service.impl.CustomUserDetails - ======================================
2026-08-10 10:45:39 [http-nio-8080-exec-8] ERROR o.a.c.c.C.[.[.[.[dispatcherServlet] - Servlet.service() for servlet [dispatcherServlet] in context with path [] threw exception [Request processing failed: org.thymeleaf.exceptions.TemplateInputException: An error happened during template parsing (template: "class path resource [templates/user/user_mng.html]")] with root cause
org.springframework.expression.spel.SpelEvaluationException: EL1007E: Property or field 'userId' cannot be found on null
	at org.springframework.expression.spel.ast.PropertyOrFieldReference.readProperty(PropertyOrFieldReference.java:233)
	at org.springframework.expression.spel.ast.PropertyOrFieldReference.getValueInternal(PropertyOrFieldReference.java:112)
	at org.springframework.expression.spel.ast.PropertyOrFieldReference$AccessorValueRef.getValue(PropertyOrFieldReference.java:388)
	at org.springframework.expression.spel.ast.CompoundExpression.getValueInternal(CompoundExpression.java:97)
	at org.springframework.expression.spel.ast.SpelNodeImpl.getValue(SpelNodeImpl.java:116)
	at org.springframework.expression.spel.standard.SpelExpression.getValue(SpelExpression.java:338)
	at org.thymeleaf.spring6.expression.SPELVariableExpressionEvaluator.evaluate(SPELVariableExpressionEvaluator.java:275)
	at org.thymeleaf.standard.expression.VariableExpression.executeVariableExpression(VariableExpression.java:166)
	at org.thymeleaf.standard.expression.SimpleExpression.executeSimple(SimpleExpression.java:66)
	at org.thymeleaf.standard.expression.Expression.execute(Expression.java:109)
	at org.thymeleaf.standard.expression.Expression.execute(Expression.java:138)
	at org.thymeleaf.standard.processor.AbstractStandardExpressionAttributeTagProcessor.doProcess(AbstractStandardExpressionAttributeTagProcessor.java:144)
	at org.thymeleaf.processor.element.AbstractAttributeTagProcessor.doProcess(AbstractAttributeTagProcessor.java:74)
	at org.thymeleaf.processor.element.AbstractElementTagProcessor.process(AbstractElementTagProcessor.java:95)
	at org.thymeleaf.util.ProcessorConfigurationUtils$ElementTagProcessorWrapper.process(ProcessorConfigurationUtils.java:633)
	at org.thymeleaf.engine.ProcessorTemplateHandler.handleStandaloneElement(ProcessorTemplateHandler.java:918)
	at org.thymeleaf.engine.StandaloneElementTag.beHandled(StandaloneElementTag.java:228)
	at org.thymeleaf.engine.Model.process(Model.java:282)
	at org.thymeleaf.engine.ProcessorTemplateHandler.handleOpenElement(ProcessorTemplateHandler.java:1587)
	at org.thymeleaf.engine.OpenElementTag.beHandled(OpenElementTag.java:205)
	at org.thymeleaf.engine.Model.process(Model.java:282)
	at org.thymeleaf.engine.ProcessorTemplateHandler.handleOpenElement(ProcessorTemplateHandler.java:1587)
	at org.thymeleaf.engine.OpenElementTag.beHandled(OpenElementTag.java:205)
	at org.thymeleaf.engine.Model.process(Model.java:282)
	at org.thymeleaf.engine.Model.process(Model.java:290)
	at org.thymeleaf.engine.GatheringModelProcessable.process(GatheringModelProcessable.java:78)
	at org.thymeleaf.engine.ProcessorTemplateHandler.handleCloseElement(ProcessorTemplateHandler.java:1640)
	at org.thymeleaf.engine.TemplateHandlerAdapterMarkupHandler.handleCloseElementEnd(TemplateHandlerAdapterMarkupHandler.java:388)
	at org.thymeleaf.templateparser.markup.InlinedOutputExpressionMarkupHandler$InlineMarkupAdapterPreProcessorHandler.handleCloseElementEnd(InlinedOutputExpressionMarkupHandler.java:322)
	at org.thymeleaf.standard.inline.OutputExpressionInlinePreProcessorHandler.handleCloseElementEnd(OutputExpressionInlinePreProcessorHandler.java:220)
	at org.thymeleaf.templateparser.markup.InlinedOutputExpressionMarkupHandler.handleCloseElementEnd(InlinedOutputExpressionMarkupHandler.java:164)
	at org.attoparser.HtmlElement.handleCloseElementEnd(HtmlElement.java:169)
	at org.attoparser.HtmlMarkupHandler.handleCloseElementEnd(HtmlMarkupHandler.java:412)
	at org.attoparser.MarkupEventProcessorHandler.handleCloseElementEnd(MarkupEventProcessorHandler.java:473)
	at org.attoparser.ParsingElementMarkupUtil.parseCloseElement(ParsingElementMarkupUtil.java:201)
	at org.attoparser.MarkupParser.parseBuffer(MarkupParser.java:725)
	at org.attoparser.MarkupParser.parseDocument(MarkupParser.java:301)
	at org.attoparser.MarkupParser.parse(MarkupParser.java:257)
	at org.thymeleaf.templateparser.markup.AbstractMarkupTemplateParser.parse(AbstractMarkupTemplateParser.java:230)
	at org.thymeleaf.templateparser.markup.AbstractMarkupTemplateParser.parseStandalone(AbstractMarkupTemplateParser.java:100)
	at org.thymeleaf.engine.TemplateManager.parseAndProcess(TemplateManager.java:666)
	at org.thymeleaf.TemplateEngine.process(TemplateEngine.java:1103)
	at org.thymeleaf.TemplateEngine.process(TemplateEngine.java:1077)
	at org.thymeleaf.spring6.view.ThymeleafView.renderFragment(ThymeleafView.java:374)
	at org.thymeleaf.spring6.view.ThymeleafView.render(ThymeleafView.java:193)
	at org.springframework.web.servlet.DispatcherServlet.render(DispatcherServlet.java:1438)
	at org.springframework.web.servlet.DispatcherServlet.processDispatchResult(DispatcherServlet.java:1168)
	at org.springframework.web.servlet.DispatcherServlet.doDispatch(DispatcherServlet.java:1106)
	at org.springframework.web.servlet.DispatcherServlet.doService(DispatcherServlet.java:979)
	at org.springframework.web.servlet.FrameworkServlet.processRequest(FrameworkServlet.java:1014)
	at org.springframework.web.servlet.FrameworkServlet.doGet(FrameworkServlet.java:903)
	at jakarta.servlet.http.HttpServlet.service(HttpServlet.java:564)
	at org.springframework.web.servlet.FrameworkServlet.service(FrameworkServlet.java:885)
	at jakarta.servlet.http.HttpServlet.service(HttpServlet.java:658)
	at org.apache.catalina.core.ApplicationFilterChain.internalDoFilter(ApplicationFilterChain.java:193)
	at org.apache.catalina.core.ApplicationFilterChain.doFilter(ApplicationFilterChain.java:138)
	at org.apache.tomcat.websocket.server.WsFilter.doFilter(WsFilter.java:51)
	at org.apache.catalina.core.ApplicationFilterChain.internalDoFilter(ApplicationFilterChain.java:162)
	at org.apache.catalina.core.ApplicationFilterChain.doFilter(ApplicationFilterChain.java:138)
	at org.springframework.web.filter.CompositeFilter$VirtualFilterChain.doFilter(CompositeFilter.java:108)
	at org.springframework.web.filter.CompositeFilter$VirtualFilterChain.doFilter(CompositeFilter.java:108)
	at org.springframework.security.web.FilterChainProxy.lambda$doFilterInternal$3(FilterChainProxy.java:231)
	at org.springframework.security.web.FilterChainProxy$VirtualFilterChain.doFilter(FilterChainProxy.java:370)
	at org.springframework.security.web.access.intercept.AuthorizationFilter.doFilter(AuthorizationFilter.java:101)
	at org.springframework.security.web.FilterChainProxy$VirtualFilterChain.doFilter(FilterChainProxy.java:379)
	at org.springframework.security.web.access.ExceptionTranslationFilter.doFilter(ExceptionTranslationFilter.java:125)
	at org.springframework.security.web.access.ExceptionTranslationFilter.doFilter(ExceptionTranslationFilter.java:119)
	at org.springframework.security.web.FilterChainProxy$VirtualFilterChain.doFilter(FilterChainProxy.java:379)
	at org.springframework.security.web.authentication.AnonymousAuthenticationFilter.doFilter(AnonymousAuthenticationFilter.java:100)
	at org.springframework.security.web.FilterChainProxy$VirtualFilterChain.doFilter(FilterChainProxy.java:379)
	at org.springframework.security.web.servletapi.SecurityContextHolderAwareRequestFilter.doFilter(SecurityContextHolderAwareRequestFilter.java:179)
	at org.springframework.security.web.FilterChainProxy$VirtualFilterChain.doFilter(FilterChainProxy.java:379)
	at org.springframework.security.web.savedrequest.RequestCacheAwareFilter.doFilter(RequestCacheAwareFilter.java:63)
	at org.springframework.security.web.FilterChainProxy$VirtualFilterChain.doFilter(FilterChainProxy.java:379)
	at org.springframework.security.web.authentication.AbstractAuthenticationProcessingFilter.doFilter(AbstractAuthenticationProcessingFilter.java:235)
	at org.springframework.security.web.authentication.AbstractAuthenticationProcessingFilter.doFilter(AbstractAuthenticationProcessingFilter.java:229)
	at org.springframework.security.web.FilterChainProxy$VirtualFilterChain.doFilter(FilterChainProxy.java:379)
	at org.springframework.security.web.authentication.logout.LogoutFilter.doFilter(LogoutFilter.java:107)
	at org.springframework.security.web.authentication.logout.LogoutFilter.doFilter(LogoutFilter.java:93)
	at org.springframework.security.web.FilterChainProxy$VirtualFilterChain.doFilter(FilterChainProxy.java:379)
	at org.springframework.security.web.csrf.CsrfFilter.doFilterInternal(CsrfFilter.java:117)
	at org.springframework.web.filter.OncePerRequestFilter.doFilter(OncePerRequestFilter.java:116)
	at org.springframework.security.web.FilterChainProxy$VirtualFilterChain.doFilter(FilterChainProxy.java:379)
	at org.springframework.security.web.header.HeaderWriterFilter.doHeadersAfter(HeaderWriterFilter.java:90)
	at org.springframework.security.web.header.HeaderWriterFilter.doFilterInternal(HeaderWriterFilter.java:75)
	at org.springframework.web.filter.OncePerRequestFilter.doFilter(OncePerRequestFilter.java:116)
	at org.springframework.security.web.FilterChainProxy$VirtualFilterChain.doFilter(FilterChainProxy.java:379)
	at org.springframework.security.web.context.SecurityContextHolderFilter.doFilter(SecurityContextHolderFilter.java:82)
	at org.springframework.security.web.context.SecurityContextHolderFilter.doFilter(SecurityContextHolderFilter.java:69)
	at org.springframework.security.web.FilterChainProxy$VirtualFilterChain.doFilter(FilterChainProxy.java:379)
	at org.springframework.security.web.context.request.async.WebAsyncManagerIntegrationFilter.doFilterInternal(WebAsyncManagerIntegrationFilter.java:62)
	at org.springframework.web.filter.OncePerRequestFilter.doFilter(OncePerRequestFilter.java:116)
	at org.springframework.security.web.FilterChainProxy$VirtualFilterChain.doFilter(FilterChainProxy.java:379)
	at org.springframework.security.web.session.DisableEncodeUrlFilter.doFilterInternal(DisableEncodeUrlFilter.java:42)
	at org.springframework.web.filter.OncePerRequestFilter.doFilter(OncePerRequestFilter.java:116)
	at org.springframework.security.web.FilterChainProxy$VirtualFilterChain.doFilter(FilterChainProxy.java:379)
	at org.springframework.security.web.FilterChainProxy.doFilterInternal(FilterChainProxy.java:233)
	at org.springframework.security.web.FilterChainProxy.doFilter(FilterChainProxy.java:191)
	at org.springframework.web.filter.CompositeFilter$VirtualFilterChain.doFilter(CompositeFilter.java:113)
	at org.springframework.web.filter.ServletRequestPathFilter.doFilter(ServletRequestPathFilter.java:52)
	at org.springframework.web.filter.CompositeFilter$VirtualFilterChain.doFilter(CompositeFilter.java:113)
	at org.springframework.web.filter.CompositeFilter.doFilter(CompositeFilter.java:74)
	at org.springframework.security.config.annotation.web.configuration.WebSecurityConfiguration$CompositeFilterChainProxy.doFilter(WebSecurityConfiguration.java:319)
	at org.springframework.web.filter.CompositeFilter$VirtualFilterChain.doFilter(CompositeFilter.java:113)
	at org.springframework.web.servlet.handler.HandlerMappingIntrospector.lambda$createCacheFilter$4(HandlerMappingIntrospector.java:267)
	at org.springframework.web.filter.CompositeFilter$VirtualFilterChain.doFilter(CompositeFilter.java:113)
	at org.springframework.web.filter.CompositeFilter.doFilter(CompositeFilter.java:74)
	at org.springframework.security.config.annotation.web.configuration.WebMvcSecurityConfiguration$CompositeFilterChainProxy.doFilter(WebMvcSecurityConfiguration.java:240)
	at org.springframework.web.filter.DelegatingFilterProxy.invokeDelegate(DelegatingFilterProxy.java:362)
	at org.springframework.web.filter.DelegatingFilterProxy.doFilter(DelegatingFilterProxy.java:278)
	at org.apache.catalina.core.ApplicationFilterChain.internalDoFilter(ApplicationFilterChain.java:162)
	at org.apache.catalina.core.ApplicationFilterChain.doFilter(ApplicationFilterChain.java:138)
	at org.springframework.web.filter.RequestContextFilter.doFilterInternal(RequestContextFilter.java:100)
	at org.springframework.web.filter.OncePerRequestFilter.doFilter(OncePerRequestFilter.java:116)
	at org.apache.catalina.core.ApplicationFilterChain.internalDoFilter(ApplicationFilterChain.java:162)
	at org.apache.catalina.core.ApplicationFilterChain.doFilter(ApplicationFilterChain.java:138)
	at org.springframework.web.filter.FormContentFilter.doFilterInternal(FormContentFilter.java:93)
	at org.springframework.web.filter.OncePerRequestFilter.doFilter(OncePerRequestFilter.java:116)
	at org.apache.catalina.core.ApplicationFilterChain.internalDoFilter(ApplicationFilterChain.java:162)
	at org.apache.catalina.core.ApplicationFilterChain.doFilter(ApplicationFilterChain.java:138)
	at org.springframework.web.filter.CharacterEncodingFilter.doFilterInternal(CharacterEncodingFilter.java:201)
	at org.springframework.web.filter.OncePerRequestFilter.doFilter(OncePerRequestFilter.java:116)
	at org.apache.catalina.core.ApplicationFilterChain.internalDoFilter(ApplicationFilterChain.java:162)
	at org.apache.catalina.core.ApplicationFilterChain.doFilter(ApplicationFilterChain.java:138)
	at org.apache.catalina.core.StandardWrapperValve.invoke(StandardWrapperValve.java:165)
	at org.apache.catalina.core.StandardContextValve.invoke(StandardContextValve.java:88)
	at org.apache.catalina.authenticator.AuthenticatorBase.invoke(AuthenticatorBase.java:492)
	at org.apache.catalina.core.StandardHostValve.invoke(StandardHostValve.java:113)
	at org.apache.catalina.valves.ErrorReportValve.invoke(ErrorReportValve.java:83)
	at org.apache.catalina.core.StandardEngineValve.invoke(StandardEngineValve.java:72)
	at org.apache.catalina.connector.CoyoteAdapter.service(CoyoteAdapter.java:342)
	at org.apache.coyote.http11.Http11Processor.service(Http11Processor.java:399)
	at org.apache.coyote.AbstractProcessorLight.process(AbstractProcessorLight.java:63)
	at org.apache.coyote.AbstractProtocol$ConnectionHandler.process(AbstractProtocol.java:1272)
	at org.apache.tomcat.util.net.NioEndpoint$SocketProcessor.doRun(NioEndpoint.java:1797)
	at org.apache.tomcat.util.net.SocketProcessorBase.run(SocketProcessorBase.java:52)
	at org.apache.tomcat.util.threads.ThreadPoolExecutor.runWorker(ThreadPoolExecutor.java:973)
	at org.apache.tomcat.util.threads.ThreadPoolExecutor$Worker.run(ThreadPoolExecutor.java:491)
	at org.apache.tomcat.util.threads.TaskThread$WrappingRunnable.run(TaskThread.java:63)
	at java.base/java.lang.Thread.run(Thread.java:1583)
2026-08-10 10:45:39 [http-nio-8080-exec-8] DEBUG c.p.e.service.impl.CustomUserDetails - ======================================
2026-08-10 10:45:39 [http-nio-8080-exec-8] DEBUG c.p.e.service.impl.CustomUserDetails - getUsername()
2026-08-10 10:45:39 [http-nio-8080-exec-8] DEBUG c.p.e.service.impl.CustomUserDetails - ======================================
2026-08-10 10:45:39 [http-nio-8080-exec-3] DEBUG c.p.e.service.impl.CustomUserDetails - ======================================
2026-08-10 10:45:39 [http-nio-8080-exec-3] DEBUG c.p.e.service.impl.CustomUserDetails - getUsername()
2026-08-10 10:45:39 [http-nio-8080-exec-3] DEBUG c.p.e.service.impl.CustomUserDetails - ======================================
2026-08-10 10:45:39 [http-nio-8080-exec-3] DEBUG c.p.e.service.impl.CustomUserDetails - ======================================
2026-08-10 10:45:39 [http-nio-8080-exec-3] DEBUG c.p.e.service.impl.CustomUserDetails - getUsername()
2026-08-10 10:45:39 [http-nio-8080-exec-3] DEBUG c.p.e.service.impl.CustomUserDetails - ======================================
2026-08-10 10:46:00 [http-nio-8080-exec-2] DEBUG c.pcwk.ehr.controller.UserController - ---------------------------
2026-08-10 10:46:00 [http-nio-8080-exec-2] DEBUG c.pcwk.ehr.controller.UserController - doSelectOne()*
2026-08-10 10:46:00 [http-nio-8080-exec-2] DEBUG c.pcwk.ehr.controller.UserController - ---------------------------
2026-08-10 10:46:00 [http-nio-8080-exec-2] DEBUG c.pcwk.ehr.controller.UserController - 1.userId: pcwk3
2026-08-10 10:46:00 [http-nio-8080-exec-2] DEBUG c.pcwk.ehr.controller.UserController - 1.1 param: UserVO [userId=pcwk3, name=null, password=null, login=0, recommend=0, email=null, grade=null, regDt=null, toString()=DTO [pageNo=0, pageSize=0, no=0, totalCnt=0, searchDiv=null, searchWord=null, searchMap={}, startNo=0, endNo=0, pre=false, next=false]]
2026-08-10 10:46:00 [http-nio-8080-exec-2] DEBUG c.p.ehr.service.impl.UserServiceImpl - ======================================
2026-08-10 10:46:00 [http-nio-8080-exec-2] DEBUG c.p.ehr.service.impl.UserServiceImpl - doSelectOne()
2026-08-10 10:46:00 [http-nio-8080-exec-2] DEBUG c.p.ehr.service.impl.UserServiceImpl - ======================================
2026-08-10 10:46:00 [http-nio-8080-exec-2] DEBUG org.mybatis.spring.SqlSessionUtils - Creating a new SqlSession
2026-08-10 10:46:00 [http-nio-8080-exec-2] DEBUG org.mybatis.spring.SqlSessionUtils - SqlSession [org.apache.ibatis.session.defaults.DefaultSqlSession@1d039544] was not registered for synchronization because synchronization is not active
2026-08-10 10:46:00 [http-nio-8080-exec-2] DEBUG o.m.s.t.SpringManagedTransaction - JDBC Connection [HikariProxyConnection@1787537679 wrapping oracle.jdbc.driver.T4CConnection@1ddd7265] will not be managed by Spring
2026-08-10 10:46:00 [http-nio-8080-exec-2] DEBUG c.p.e.mapper.UserMapper.doSelectOne - ==>  Preparing: SELECT user_id, name, password, login, recommend, email, DECODE(grade,1,'BASIC' ,2,'SILVER' ,3,'GOLD' ) grade, TO_CHAR(reg_dt,'YYYY/MM/DD HH24:MI:SS') reg_dt FROM member WHERE user_id = ?
2026-08-10 10:46:00 [http-nio-8080-exec-2] DEBUG c.p.e.mapper.UserMapper.doSelectOne - ==> Parameters: pcwk3(String)
2026-08-10 10:46:00 [http-nio-8080-exec-2] DEBUG c.p.e.mapper.UserMapper.doSelectOne - <==      Total: 1
2026-08-10 10:46:00 [http-nio-8080-exec-2] DEBUG org.mybatis.spring.SqlSessionUtils - Closing non transactional SqlSession [org.apache.ibatis.session.defaults.DefaultSqlSession@1d039544]
2026-08-10 10:46:00 [http-nio-8080-exec-2] DEBUG c.pcwk.ehr.controller.UserController - 2. outVO: UserVO [userId=pcwk3, name=이상무01, password=$2a$12$HBp2ySacblGeTBWYnXCyeu49zWneNkNwg1Nx4YiN0Mea5PoGt1wSi, login=3, recommend=3, email=jamesol3@naver.com, grade=BASIC, regDt=2026/08/10 08:05:41, toString()=DTO [pageNo=0, pageSize=0, no=0, totalCnt=0, searchDiv=null, searchWord=null, searchMap={}, startNo=0, endNo=0, pre=false, next=false]]
2026-08-10 10:46:00 [http-nio-8080-exec-2] DEBUG c.p.e.service.impl.CustomUserDetails - ======================================
2026-08-10 10:46:00 [http-nio-8080-exec-2] DEBUG c.p.e.service.impl.CustomUserDetails - getUsername()
2026-08-10 10:46:00 [http-nio-8080-exec-2] DEBUG c.p.e.service.impl.CustomUserDetails - ======================================
2026-08-10 10:46:00 [http-nio-8080-exec-2] DEBUG c.p.e.service.impl.CustomUserDetails - ======================================
2026-08-10 10:46:00 [http-nio-8080-exec-2] DEBUG c.p.e.service.impl.CustomUserDetails - getUsername()
2026-08-10 10:46:00 [http-nio-8080-exec-2] DEBUG c.p.e.service.impl.CustomUserDetails - ======================================
2026-08-10 10:46:00 [http-nio-8080-exec-1] DEBUG c.p.e.service.impl.CustomUserDetails - ======================================
2026-08-10 10:46:00 [http-nio-8080-exec-1] DEBUG c.p.e.service.impl.CustomUserDetails - getUsername()
2026-08-10 10:46:00 [http-nio-8080-exec-1] DEBUG c.p.e.service.impl.CustomUserDetails - ======================================
2026-08-10 10:46:00 [http-nio-8080-exec-5] DEBUG c.p.e.service.impl.CustomUserDetails - ======================================
2026-08-10 10:46:00 [http-nio-8080-exec-5] DEBUG c.p.e.service.impl.CustomUserDetails - getUsername()
2026-08-10 10:46:00 [http-nio-8080-exec-5] DEBUG c.p.e.service.impl.CustomUserDetails - ======================================
2026-08-10 10:46:00 [http-nio-8080-exec-6] DEBUG c.p.e.service.impl.CustomUserDetails - ======================================
2026-08-10 10:46:00 [http-nio-8080-exec-6] DEBUG c.p.e.service.impl.CustomUserDetails - getUsername()
2026-08-10 10:46:00 [http-nio-8080-exec-6] DEBUG c.p.e.service.impl.CustomUserDetails - ======================================
2026-08-10 10:46:00 [http-nio-8080-exec-10] DEBUG c.p.e.service.impl.CustomUserDetails - ======================================
2026-08-10 10:46:00 [http-nio-8080-exec-10] DEBUG c.p.e.service.impl.CustomUserDetails - getUsername()
2026-08-10 10:46:00 [http-nio-8080-exec-10] DEBUG c.p.e.service.impl.CustomUserDetails - ======================================
2026-08-10 10:46:00 [http-nio-8080-exec-4] DEBUG c.p.e.service.impl.CustomUserDetails - ======================================
2026-08-10 10:46:00 [http-nio-8080-exec-4] DEBUG c.p.e.service.impl.CustomUserDetails - getUsername()
2026-08-10 10:46:00 [http-nio-8080-exec-4] DEBUG c.p.e.service.impl.CustomUserDetails - ======================================
2026-08-10 10:46:00 [http-nio-8080-exec-9] DEBUG c.p.e.service.impl.CustomUserDetails - ======================================
2026-08-10 10:46:00 [http-nio-8080-exec-9] DEBUG c.p.e.service.impl.CustomUserDetails - getUsername()
2026-08-10 10:46:00 [http-nio-8080-exec-9] DEBUG c.p.e.service.impl.CustomUserDetails - ======================================
2026-08-10 10:46:00 [http-nio-8080-exec-9] DEBUG c.p.e.service.impl.CustomUserDetails - ======================================
2026-08-10 10:46:00 [http-nio-8080-exec-9] DEBUG c.p.e.service.impl.CustomUserDetails - getUsername()
2026-08-10 10:46:00 [http-nio-8080-exec-9] DEBUG c.p.e.service.impl.CustomUserDetails - ======================================
2026-08-10 10:46:00 [http-nio-8080-exec-7] DEBUG c.p.e.service.impl.CustomUserDetails - ======================================
2026-08-10 10:46:00 [http-nio-8080-exec-7] DEBUG c.p.e.service.impl.CustomUserDetails - getUsername()
2026-08-10 10:46:00 [http-nio-8080-exec-7] DEBUG c.p.e.service.impl.CustomUserDetails - ======================================
2026-08-10 10:46:00 [http-nio-8080-exec-7] DEBUG c.p.e.service.impl.CustomUserDetails - ======================================
2026-08-10 10:46:00 [http-nio-8080-exec-7] DEBUG c.p.e.service.impl.CustomUserDetails - getUsername()
2026-08-10 10:46:00 [http-nio-8080-exec-7] DEBUG c.p.e.service.impl.CustomUserDetails - ======================================
2026-08-10 10:46:00 [http-nio-8080-exec-8] DEBUG c.p.e.service.impl.CustomUserDetails - ======================================
2026-08-10 10:46:00 [http-nio-8080-exec-8] DEBUG c.p.e.service.impl.CustomUserDetails - getUsername()
2026-08-10 10:46:00 [http-nio-8080-exec-8] DEBUG c.p.e.service.impl.CustomUserDetails - ======================================
2026-08-10 10:46:00 [http-nio-8080-exec-8] DEBUG c.p.e.service.impl.CustomUserDetails - ======================================
2026-08-10 10:46:00 [http-nio-8080-exec-8] DEBUG c.p.e.service.impl.CustomUserDetails - getUsername()
2026-08-10 10:46:00 [http-nio-8080-exec-8] DEBUG c.p.e.service.impl.CustomUserDetails - ======================================
2026-08-10 10:46:07 [http-nio-8080-exec-3] DEBUG c.pcwk.ehr.controller.UserController - ---------------------------
2026-08-10 10:46:07 [http-nio-8080-exec-3] DEBUG c.pcwk.ehr.controller.UserController - doDelete()*
2026-08-10 10:46:07 [http-nio-8080-exec-3] DEBUG c.pcwk.ehr.controller.UserController - ---------------------------
2026-08-10 10:46:07 [http-nio-8080-exec-3] DEBUG c.pcwk.ehr.controller.UserController - 1.userId: pcwk3
2026-08-10 10:46:07 [http-nio-8080-exec-3] DEBUG c.pcwk.ehr.controller.UserController - 1.1 param: UserVO [userId=pcwk3, name=null, password=null, login=0, recommend=0, email=null, grade=null, regDt=null, toString()=DTO [pageNo=0, pageSize=0, no=0, totalCnt=0, searchDiv=null, searchWord=null, searchMap={}, startNo=0, endNo=0, pre=false, next=false]]
2026-08-10 10:46:07 [http-nio-8080-exec-3] TRACE o.s.t.i.TransactionInterceptor - Getting transaction for [com.pcwk.ehr.service.impl.UserServiceImpl.doDelete]
2026-08-10 10:46:07 [http-nio-8080-exec-3] DEBUG c.p.ehr.service.impl.UserServiceImpl - ======================================
2026-08-10 10:46:07 [http-nio-8080-exec-3] DEBUG c.p.ehr.service.impl.UserServiceImpl - doDelete()
2026-08-10 10:46:07 [http-nio-8080-exec-3] DEBUG c.p.ehr.service.impl.UserServiceImpl - ======================================
2026-08-10 10:46:07 [http-nio-8080-exec-3] DEBUG org.mybatis.spring.SqlSessionUtils - Creating a new SqlSession
2026-08-10 10:46:07 [http-nio-8080-exec-3] DEBUG org.mybatis.spring.SqlSessionUtils - Registering transaction synchronization for SqlSession [org.apache.ibatis.session.defaults.DefaultSqlSession@73cf52d5]
2026-08-10 10:46:07 [http-nio-8080-exec-3] DEBUG o.m.s.t.SpringManagedTransaction - JDBC Connection [HikariProxyConnection@2039717473 wrapping oracle.jdbc.driver.T4CConnection@1ddd7265] will be managed by Spring
2026-08-10 10:46:07 [http-nio-8080-exec-3] DEBUG c.p.ehr.mapper.UserMapper.doDelete - ==>  Preparing: DELETE FROM member WHERE user_id = ?
2026-08-10 10:46:07 [http-nio-8080-exec-3] DEBUG c.p.ehr.mapper.UserMapper.doDelete - ==> Parameters: pcwk3(String)
2026-08-10 10:46:07 [http-nio-8080-exec-3] DEBUG c.p.ehr.mapper.UserMapper.doDelete - <==    Updates: 1
2026-08-10 10:46:07 [http-nio-8080-exec-3] DEBUG org.mybatis.spring.SqlSessionUtils - Releasing transactional SqlSession [org.apache.ibatis.session.defaults.DefaultSqlSession@73cf52d5]
2026-08-10 10:46:07 [http-nio-8080-exec-3] TRACE o.s.t.i.TransactionInterceptor - Completing transaction for [com.pcwk.ehr.service.impl.UserServiceImpl.doDelete]
2026-08-10 10:46:07 [http-nio-8080-exec-3] DEBUG org.mybatis.spring.SqlSessionUtils - Transaction synchronization committing SqlSession [org.apache.ibatis.session.defaults.DefaultSqlSession@73cf52d5]
2026-08-10 10:46:07 [http-nio-8080-exec-3] DEBUG org.mybatis.spring.SqlSessionUtils - Transaction synchronization deregistering SqlSession [org.apache.ibatis.session.defaults.DefaultSqlSession@73cf52d5]
2026-08-10 10:46:07 [http-nio-8080-exec-3] DEBUG org.mybatis.spring.SqlSessionUtils - Transaction synchronization closing SqlSession [org.apache.ibatis.session.defaults.DefaultSqlSession@73cf52d5]
2026-08-10 10:46:07 [http-nio-8080-exec-3] DEBUG c.pcwk.ehr.controller.UserController - 2. flag: 1
2026-08-10 10:46:07 [http-nio-8080-exec-3] DEBUG c.pcwk.ehr.controller.UserController - 3. messsage: MessageVO [id=1, message=pcwk3님이 삭제 되었습니다., detailMessage=No Detail Message.]
2026-08-10 10:46:07 [http-nio-8080-exec-3] DEBUG c.p.e.service.impl.CustomUserDetails - ======================================
2026-08-10 10:46:07 [http-nio-8080-exec-3] DEBUG c.p.e.service.impl.CustomUserDetails - getUsername()
2026-08-10 10:46:07 [http-nio-8080-exec-3] DEBUG c.p.e.service.impl.CustomUserDetails - ======================================
2026-08-10 10:46:20 [http-nio-8080-exec-2] DEBUG c.pcwk.ehr.controller.UserController - ---------------------------
2026-08-10 10:46:20 [http-nio-8080-exec-2] DEBUG c.pcwk.ehr.controller.UserController - doRetrieve()*
2026-08-10 10:46:20 [http-nio-8080-exec-2] DEBUG c.pcwk.ehr.controller.UserController - ---------------------------
2026-08-10 10:46:20 [http-nio-8080-exec-2] DEBUG c.pcwk.ehr.controller.UserController - 1.searchDiv: 
2026-08-10 10:46:20 [http-nio-8080-exec-2] DEBUG c.pcwk.ehr.controller.UserController - 2.searchWord: 
2026-08-10 10:46:20 [http-nio-8080-exec-2] DEBUG c.pcwk.ehr.controller.UserController - 2.1 dto: DTO [pageNo=1, pageSize=10, no=0, totalCnt=0, searchDiv=, searchWord=, searchMap={}, startNo=0, endNo=0, pre=false, next=false]
2026-08-10 10:46:20 [http-nio-8080-exec-2] DEBUG c.p.ehr.service.impl.UserServiceImpl - ======================================
2026-08-10 10:46:20 [http-nio-8080-exec-2] DEBUG c.p.ehr.service.impl.UserServiceImpl - doRetrieve()
2026-08-10 10:46:20 [http-nio-8080-exec-2] DEBUG c.p.ehr.service.impl.UserServiceImpl - ======================================
2026-08-10 10:46:20 [http-nio-8080-exec-2] DEBUG org.mybatis.spring.SqlSessionUtils - Creating a new SqlSession
2026-08-10 10:46:20 [http-nio-8080-exec-2] DEBUG org.mybatis.spring.SqlSessionUtils - SqlSession [org.apache.ibatis.session.defaults.DefaultSqlSession@6ff13922] was not registered for synchronization because synchronization is not active
2026-08-10 10:46:20 [http-nio-8080-exec-2] DEBUG o.m.s.t.SpringManagedTransaction - JDBC Connection [HikariProxyConnection@932275268 wrapping oracle.jdbc.driver.T4CConnection@1ddd7265] will not be managed by Spring
2026-08-10 10:46:20 [http-nio-8080-exec-2] DEBUG c.p.ehr.mapper.UserMapper.doRetrieve - ==>  Preparing: SELECT A.*,B.* FROM( SELECT tt1.rnum no, tt1.user_id, tt1.name, tt1.password, tt1.login, tt1.recommend, tt1.email, DECODE(tt1.grade,1,'BASIC',2,'SILVER',3,'GOLD') grade, TO_CHAR(tt1.reg_dt,'YYYY/MM/DD') reg_dt FROM( SELECT ROWNUM rnum, t1.* FROM ( SELECT * FROM member ORDER BY reg_dt DESC )t1 WHERE ROWNUM <= ( ? * (? -1 ) + ? ) )tt1 WHERE rnum >= ( ? * (? -1 ) + 1 ) ) A CROSS JOIN ( SELECT COUNT(*) total_cnt FROM member ) B
2026-08-10 10:46:20 [http-nio-8080-exec-2] DEBUG c.p.ehr.mapper.UserMapper.doRetrieve - ==> Parameters: 10(Integer), 1(Integer), 10(Integer), 10(Integer), 1(Integer)
2026-08-10 10:46:20 [http-nio-8080-exec-2] DEBUG c.p.ehr.mapper.UserMapper.doRetrieve - <==      Total: 10
2026-08-10 10:46:20 [http-nio-8080-exec-2] DEBUG org.mybatis.spring.SqlSessionUtils - Closing non transactional SqlSession [org.apache.ibatis.session.defaults.DefaultSqlSession@6ff13922]
2026-08-10 10:46:20 [http-nio-8080-exec-2] DEBUG c.p.e.service.impl.CustomUserDetails - ======================================
2026-08-10 10:46:20 [http-nio-8080-exec-2] DEBUG c.p.e.service.impl.CustomUserDetails - getUsername()
2026-08-10 10:46:20 [http-nio-8080-exec-2] DEBUG c.p.e.service.impl.CustomUserDetails - ======================================
2026-08-10 10:46:20 [http-nio-8080-exec-2] DEBUG c.p.e.service.impl.CustomUserDetails - ======================================
2026-08-10 10:46:20 [http-nio-8080-exec-2] DEBUG c.p.e.service.impl.CustomUserDetails - getUsername()
2026-08-10 10:46:20 [http-nio-8080-exec-2] DEBUG c.p.e.service.impl.CustomUserDetails - ======================================
2026-08-10 10:46:20 [http-nio-8080-exec-6] DEBUG c.p.e.service.impl.CustomUserDetails - ======================================
2026-08-10 10:46:20 [http-nio-8080-exec-10] DEBUG c.p.e.service.impl.CustomUserDetails - ======================================
2026-08-10 10:46:20 [http-nio-8080-exec-5] DEBUG c.p.e.service.impl.CustomUserDetails - ======================================
2026-08-10 10:46:20 [http-nio-8080-exec-5] DEBUG c.p.e.service.impl.CustomUserDetails - getUsername()
2026-08-10 10:46:20 [http-nio-8080-exec-5] DEBUG c.p.e.service.impl.CustomUserDetails - ======================================
2026-08-10 10:46:20 [http-nio-8080-exec-6] DEBUG c.p.e.service.impl.CustomUserDetails - getUsername()
2026-08-10 10:46:20 [http-nio-8080-exec-10] DEBUG c.p.e.service.impl.CustomUserDetails - getUsername()
2026-08-10 10:46:20 [http-nio-8080-exec-1] DEBUG c.p.e.service.impl.CustomUserDetails - ======================================
2026-08-10 10:46:20 [http-nio-8080-exec-1] DEBUG c.p.e.service.impl.CustomUserDetails - getUsername()
2026-08-10 10:46:20 [http-nio-8080-exec-1] DEBUG c.p.e.service.impl.CustomUserDetails - ======================================
2026-08-10 10:46:20 [http-nio-8080-exec-10] DEBUG c.p.e.service.impl.CustomUserDetails - ======================================
2026-08-10 10:46:20 [http-nio-8080-exec-6] DEBUG c.p.e.service.impl.CustomUserDetails - ======================================
2026-08-10 10:46:20 [http-nio-8080-exec-4] DEBUG c.p.e.service.impl.CustomUserDetails - ======================================
2026-08-10 10:46:20 [http-nio-8080-exec-4] DEBUG c.p.e.service.impl.CustomUserDetails - getUsername()
2026-08-10 10:46:20 [http-nio-8080-exec-4] DEBUG c.p.e.service.impl.CustomUserDetails - ======================================
2026-08-10 10:46:20 [http-nio-8080-exec-9] DEBUG c.p.e.service.impl.CustomUserDetails - ======================================
2026-08-10 10:46:20 [http-nio-8080-exec-9] DEBUG c.p.e.service.impl.CustomUserDetails - getUsername()
2026-08-10 10:46:20 [http-nio-8080-exec-9] DEBUG c.p.e.service.impl.CustomUserDetails - ======================================
2026-08-10 10:46:20 [http-nio-8080-exec-9] DEBUG c.p.e.service.impl.CustomUserDetails - ======================================
2026-08-10 10:46:20 [http-nio-8080-exec-9] DEBUG c.p.e.service.impl.CustomUserDetails - getUsername()
2026-08-10 10:46:20 [http-nio-8080-exec-9] DEBUG c.p.e.service.impl.CustomUserDetails - ======================================
2026-08-10 10:46:20 [http-nio-8080-exec-7] DEBUG c.p.e.service.impl.CustomUserDetails - ======================================
2026-08-10 10:46:20 [http-nio-8080-exec-7] DEBUG c.p.e.service.impl.CustomUserDetails - getUsername()
2026-08-10 10:46:20 [http-nio-8080-exec-7] DEBUG c.p.e.service.impl.CustomUserDetails - ======================================
2026-08-10 10:46:20 [http-nio-8080-exec-7] DEBUG c.p.e.service.impl.CustomUserDetails - ======================================
2026-08-10 10:46:20 [http-nio-8080-exec-7] DEBUG c.p.e.service.impl.CustomUserDetails - getUsername()
2026-08-10 10:46:20 [http-nio-8080-exec-7] DEBUG c.p.e.service.impl.CustomUserDetails - ======================================
2026-08-10 10:46:20 [http-nio-8080-exec-8] DEBUG c.p.e.service.impl.CustomUserDetails - ======================================
2026-08-10 10:46:20 [http-nio-8080-exec-8] DEBUG c.p.e.service.impl.CustomUserDetails - getUsername()
2026-08-10 10:46:20 [http-nio-8080-exec-8] DEBUG c.p.e.service.impl.CustomUserDetails - ======================================
2026-08-10 10:46:20 [http-nio-8080-exec-8] DEBUG c.p.e.service.impl.CustomUserDetails - ======================================
2026-08-10 10:46:20 [http-nio-8080-exec-8] DEBUG c.p.e.service.impl.CustomUserDetails - getUsername()
2026-08-10 10:46:20 [http-nio-8080-exec-8] DEBUG c.p.e.service.impl.CustomUserDetails - ======================================
2026-08-10 10:46:22 [http-nio-8080-exec-3] DEBUG c.pcwk.ehr.controller.UserController - ---------------------------
2026-08-10 10:46:22 [http-nio-8080-exec-3] DEBUG c.pcwk.ehr.controller.UserController - doSelectOne()*
2026-08-10 10:46:22 [http-nio-8080-exec-3] DEBUG c.pcwk.ehr.controller.UserController - ---------------------------
2026-08-10 10:46:22 [http-nio-8080-exec-3] DEBUG c.pcwk.ehr.controller.UserController - 1.userId: pcwk4
2026-08-10 10:46:22 [http-nio-8080-exec-3] DEBUG c.pcwk.ehr.controller.UserController - 1.1 param: UserVO [userId=pcwk4, name=null, password=null, login=0, recommend=0, email=null, grade=null, regDt=null, toString()=DTO [pageNo=0, pageSize=0, no=0, totalCnt=0, searchDiv=null, searchWord=null, searchMap={}, startNo=0, endNo=0, pre=false, next=false]]
2026-08-10 10:46:22 [http-nio-8080-exec-3] DEBUG c.p.ehr.service.impl.UserServiceImpl - ======================================
2026-08-10 10:46:22 [http-nio-8080-exec-3] DEBUG c.p.ehr.service.impl.UserServiceImpl - doSelectOne()
2026-08-10 10:46:22 [http-nio-8080-exec-3] DEBUG c.p.ehr.service.impl.UserServiceImpl - ======================================
2026-08-10 10:46:22 [http-nio-8080-exec-3] DEBUG org.mybatis.spring.SqlSessionUtils - Creating a new SqlSession
2026-08-10 10:46:22 [http-nio-8080-exec-3] DEBUG org.mybatis.spring.SqlSessionUtils - SqlSession [org.apache.ibatis.session.defaults.DefaultSqlSession@224d8240] was not registered for synchronization because synchronization is not active
2026-08-10 10:46:22 [http-nio-8080-exec-3] DEBUG o.m.s.t.SpringManagedTransaction - JDBC Connection [HikariProxyConnection@103365143 wrapping oracle.jdbc.driver.T4CConnection@1ddd7265] will not be managed by Spring
2026-08-10 10:46:22 [http-nio-8080-exec-3] DEBUG c.p.e.mapper.UserMapper.doSelectOne - ==>  Preparing: SELECT user_id, name, password, login, recommend, email, DECODE(grade,1,'BASIC' ,2,'SILVER' ,3,'GOLD' ) grade, TO_CHAR(reg_dt,'YYYY/MM/DD HH24:MI:SS') reg_dt FROM member WHERE user_id = ?
2026-08-10 10:46:22 [http-nio-8080-exec-3] DEBUG c.p.e.mapper.UserMapper.doSelectOne - ==> Parameters: pcwk4(String)
2026-08-10 10:46:22 [http-nio-8080-exec-3] DEBUG c.p.e.mapper.UserMapper.doSelectOne - <==      Total: 1
2026-08-10 10:46:22 [http-nio-8080-exec-3] DEBUG org.mybatis.spring.SqlSessionUtils - Closing non transactional SqlSession [org.apache.ibatis.session.defaults.DefaultSqlSession@224d8240]
2026-08-10 10:46:22 [http-nio-8080-exec-3] DEBUG c.pcwk.ehr.controller.UserController - 2. outVO: UserVO [userId=pcwk4, name=이상무01, password=$2a$12$HBp2ySacblGeTBWYnXCyeu49zWneNkNwg1Nx4YiN0Mea5PoGt1wSi, login=4, recommend=4, email=jamesol4@naver.com, grade=SILVER, regDt=2026/08/10 07:41:41, toString()=DTO [pageNo=0, pageSize=0, no=0, totalCnt=0, searchDiv=null, searchWord=null, searchMap={}, startNo=0, endNo=0, pre=false, next=false]]
2026-08-10 10:46:22 [http-nio-8080-exec-3] DEBUG c.p.e.service.impl.CustomUserDetails - ======================================
2026-08-10 10:46:22 [http-nio-8080-exec-3] DEBUG c.p.e.service.impl.CustomUserDetails - getUsername()
2026-08-10 10:46:22 [http-nio-8080-exec-3] DEBUG c.p.e.service.impl.CustomUserDetails - ======================================
2026-08-10 10:46:22 [http-nio-8080-exec-3] DEBUG c.p.e.service.impl.CustomUserDetails - ======================================
2026-08-10 10:46:22 [http-nio-8080-exec-3] DEBUG c.p.e.service.impl.CustomUserDetails - getUsername()
2026-08-10 10:46:22 [http-nio-8080-exec-3] DEBUG c.p.e.service.impl.CustomUserDetails - ======================================
2026-08-10 10:46:22 [http-nio-8080-exec-1] DEBUG c.p.e.service.impl.CustomUserDetails - ======================================
2026-08-10 10:46:22 [http-nio-8080-exec-1] DEBUG c.p.e.service.impl.CustomUserDetails - getUsername()
2026-08-10 10:46:22 [http-nio-8080-exec-1] DEBUG c.p.e.service.impl.CustomUserDetails - ======================================
2026-08-10 10:46:22 [http-nio-8080-exec-2] DEBUG c.p.e.service.impl.CustomUserDetails - ======================================
2026-08-10 10:46:22 [http-nio-8080-exec-2] DEBUG c.p.e.service.impl.CustomUserDetails - getUsername()
2026-08-10 10:46:22 [http-nio-8080-exec-2] DEBUG c.p.e.service.impl.CustomUserDetails - ======================================
2026-08-10 10:46:22 [http-nio-8080-exec-10] DEBUG c.p.e.service.impl.CustomUserDetails - ======================================
2026-08-10 10:46:22 [http-nio-8080-exec-10] DEBUG c.p.e.service.impl.CustomUserDetails - getUsername()
2026-08-10 10:46:22 [http-nio-8080-exec-10] DEBUG c.p.e.service.impl.CustomUserDetails - ======================================
2026-08-10 10:46:22 [http-nio-8080-exec-6] DEBUG c.p.e.service.impl.CustomUserDetails - ======================================
2026-08-10 10:46:22 [http-nio-8080-exec-6] DEBUG c.p.e.service.impl.CustomUserDetails - getUsername()
2026-08-10 10:46:22 [http-nio-8080-exec-6] DEBUG c.p.e.service.impl.CustomUserDetails - ======================================
2026-08-10 10:46:22 [http-nio-8080-exec-5] DEBUG c.p.e.service.impl.CustomUserDetails - ======================================
2026-08-10 10:46:22 [http-nio-8080-exec-5] DEBUG c.p.e.service.impl.CustomUserDetails - getUsername()
2026-08-10 10:46:22 [http-nio-8080-exec-5] DEBUG c.p.e.service.impl.CustomUserDetails - ======================================
2026-08-10 10:46:22 [http-nio-8080-exec-4] DEBUG c.p.e.service.impl.CustomUserDetails - ======================================
2026-08-10 10:46:22 [http-nio-8080-exec-4] DEBUG c.p.e.service.impl.CustomUserDetails - getUsername()
2026-08-10 10:46:22 [http-nio-8080-exec-4] DEBUG c.p.e.service.impl.CustomUserDetails - ======================================
2026-08-10 10:46:22 [http-nio-8080-exec-4] DEBUG c.p.e.service.impl.CustomUserDetails - ======================================
2026-08-10 10:46:22 [http-nio-8080-exec-4] DEBUG c.p.e.service.impl.CustomUserDetails - getUsername()
2026-08-10 10:46:22 [http-nio-8080-exec-4] DEBUG c.p.e.service.impl.CustomUserDetails - ======================================
2026-08-10 10:46:22 [http-nio-8080-exec-9] DEBUG c.p.e.service.impl.CustomUserDetails - ======================================
2026-08-10 10:46:22 [http-nio-8080-exec-9] DEBUG c.p.e.service.impl.CustomUserDetails - getUsername()
2026-08-10 10:46:22 [http-nio-8080-exec-9] DEBUG c.p.e.service.impl.CustomUserDetails - ======================================
2026-08-10 10:46:22 [http-nio-8080-exec-9] DEBUG c.p.e.service.impl.CustomUserDetails - ======================================
2026-08-10 10:46:22 [http-nio-8080-exec-9] DEBUG c.p.e.service.impl.CustomUserDetails - getUsername()
2026-08-10 10:46:22 [http-nio-8080-exec-9] DEBUG c.p.e.service.impl.CustomUserDetails - ======================================
2026-08-10 10:46:22 [http-nio-8080-exec-7] DEBUG c.p.e.service.impl.CustomUserDetails - ======================================
2026-08-10 10:46:22 [http-nio-8080-exec-7] DEBUG c.p.e.service.impl.CustomUserDetails - getUsername()
2026-08-10 10:46:22 [http-nio-8080-exec-7] DEBUG c.p.e.service.impl.CustomUserDetails - ======================================
2026-08-10 10:46:22 [http-nio-8080-exec-7] DEBUG c.p.e.service.impl.CustomUserDetails - ======================================
2026-08-10 10:46:22 [http-nio-8080-exec-7] DEBUG c.p.e.service.impl.CustomUserDetails - getUsername()
2026-08-10 10:46:22 [http-nio-8080-exec-7] DEBUG c.p.e.service.impl.CustomUserDetails - ======================================
2026-08-10 10:47:25 [http-nio-8080-exec-1] DEBUG c.pcwk.ehr.controller.UserController - ---------------------------
2026-08-10 10:47:25 [http-nio-8080-exec-1] DEBUG c.pcwk.ehr.controller.UserController - doSelectOne()*
2026-08-10 10:47:25 [http-nio-8080-exec-1] DEBUG c.pcwk.ehr.controller.UserController - ---------------------------
2026-08-10 10:47:25 [http-nio-8080-exec-1] DEBUG c.pcwk.ehr.controller.UserController - 1.userId: pcwk4
2026-08-10 10:47:25 [http-nio-8080-exec-1] DEBUG c.pcwk.ehr.controller.UserController - 1.1 param: UserVO [userId=pcwk4, name=null, password=null, login=0, recommend=0, email=null, grade=null, regDt=null, toString()=DTO [pageNo=0, pageSize=0, no=0, totalCnt=0, searchDiv=null, searchWord=null, searchMap={}, startNo=0, endNo=0, pre=false, next=false]]
2026-08-10 10:47:25 [http-nio-8080-exec-1] DEBUG c.p.ehr.service.impl.UserServiceImpl - ======================================
2026-08-10 10:47:25 [http-nio-8080-exec-1] DEBUG c.p.ehr.service.impl.UserServiceImpl - doSelectOne()
2026-08-10 10:47:25 [http-nio-8080-exec-1] DEBUG c.p.ehr.service.impl.UserServiceImpl - ======================================
2026-08-10 10:47:25 [http-nio-8080-exec-1] DEBUG org.mybatis.spring.SqlSessionUtils - Creating a new SqlSession
2026-08-10 10:47:25 [http-nio-8080-exec-1] DEBUG org.mybatis.spring.SqlSessionUtils - SqlSession [org.apache.ibatis.session.defaults.DefaultSqlSession@a247322] was not registered for synchronization because synchronization is not active
2026-08-10 10:47:25 [http-nio-8080-exec-1] DEBUG o.m.s.t.SpringManagedTransaction - JDBC Connection [HikariProxyConnection@76304237 wrapping oracle.jdbc.driver.T4CConnection@1ddd7265] will not be managed by Spring
2026-08-10 10:47:25 [http-nio-8080-exec-1] DEBUG c.p.e.mapper.UserMapper.doSelectOne - ==>  Preparing: SELECT user_id, name, password, login, recommend, email, DECODE(grade,1,'BASIC' ,2,'SILVER' ,3,'GOLD' ) grade, TO_CHAR(reg_dt,'YYYY/MM/DD HH24:MI:SS') reg_dt FROM member WHERE user_id = ?
2026-08-10 10:47:25 [http-nio-8080-exec-1] DEBUG c.p.e.mapper.UserMapper.doSelectOne - ==> Parameters: pcwk4(String)
2026-08-10 10:47:25 [http-nio-8080-exec-1] DEBUG c.p.e.mapper.UserMapper.doSelectOne - <==      Total: 1
2026-08-10 10:47:25 [http-nio-8080-exec-1] DEBUG org.mybatis.spring.SqlSessionUtils - Closing non transactional SqlSession [org.apache.ibatis.session.defaults.DefaultSqlSession@a247322]
2026-08-10 10:47:25 [http-nio-8080-exec-1] DEBUG c.pcwk.ehr.controller.UserController - 2. outVO: UserVO [userId=pcwk4, name=이상무01, password=$2a$12$HBp2ySacblGeTBWYnXCyeu49zWneNkNwg1Nx4YiN0Mea5PoGt1wSi, login=4, recommend=4, email=jamesol4@naver.com, grade=SILVER, regDt=2026/08/10 07:41:41, toString()=DTO [pageNo=0, pageSize=0, no=0, totalCnt=0, searchDiv=null, searchWord=null, searchMap={}, startNo=0, endNo=0, pre=false, next=false]]
2026-08-10 10:47:25 [http-nio-8080-exec-1] DEBUG c.p.e.service.impl.CustomUserDetails - ======================================
2026-08-10 10:47:25 [http-nio-8080-exec-1] DEBUG c.p.e.service.impl.CustomUserDetails - getUsername()
2026-08-10 10:47:25 [http-nio-8080-exec-1] DEBUG c.p.e.service.impl.CustomUserDetails - ======================================
2026-08-10 10:47:25 [http-nio-8080-exec-1] DEBUG c.p.e.service.impl.CustomUserDetails - ======================================
2026-08-10 10:47:25 [http-nio-8080-exec-1] DEBUG c.p.e.service.impl.CustomUserDetails - getUsername()
2026-08-10 10:47:25 [http-nio-8080-exec-1] DEBUG c.p.e.service.impl.CustomUserDetails - ======================================
2026-08-10 10:47:25 [http-nio-8080-exec-10] DEBUG c.p.e.service.impl.CustomUserDetails - ======================================
2026-08-10 10:47:25 [http-nio-8080-exec-10] DEBUG c.p.e.service.impl.CustomUserDetails - getUsername()
2026-08-10 10:47:25 [http-nio-8080-exec-10] DEBUG c.p.e.service.impl.CustomUserDetails - ======================================
2026-08-10 10:47:25 [http-nio-8080-exec-5] DEBUG c.p.e.service.impl.CustomUserDetails - ======================================
2026-08-10 10:47:25 [http-nio-8080-exec-6] DEBUG c.p.e.service.impl.CustomUserDetails - ======================================
2026-08-10 10:47:25 [http-nio-8080-exec-6] DEBUG c.p.e.service.impl.CustomUserDetails - getUsername()
2026-08-10 10:47:25 [http-nio-8080-exec-6] DEBUG c.p.e.service.impl.CustomUserDetails - ======================================
2026-08-10 10:47:25 [http-nio-8080-exec-5] DEBUG c.p.e.service.impl.CustomUserDetails - getUsername()
2026-08-10 10:47:25 [http-nio-8080-exec-5] DEBUG c.p.e.service.impl.CustomUserDetails - ======================================
2026-08-10 10:47:25 [http-nio-8080-exec-2] DEBUG c.p.e.service.impl.CustomUserDetails - ======================================
2026-08-10 10:47:25 [http-nio-8080-exec-2] DEBUG c.p.e.service.impl.CustomUserDetails - getUsername()
2026-08-10 10:47:25 [http-nio-8080-exec-2] DEBUG c.p.e.service.impl.CustomUserDetails - ======================================
2026-08-10 10:47:26 [http-nio-8080-exec-4] DEBUG c.p.e.service.impl.CustomUserDetails - ======================================
2026-08-10 10:47:26 [http-nio-8080-exec-4] DEBUG c.p.e.service.impl.CustomUserDetails - getUsername()
2026-08-10 10:47:26 [http-nio-8080-exec-4] DEBUG c.p.e.service.impl.CustomUserDetails - ======================================
2026-08-10 10:47:26 [http-nio-8080-exec-9] DEBUG c.p.e.service.impl.CustomUserDetails - ======================================
2026-08-10 10:47:26 [http-nio-8080-exec-9] DEBUG c.p.e.service.impl.CustomUserDetails - getUsername()
2026-08-10 10:47:26 [http-nio-8080-exec-9] DEBUG c.p.e.service.impl.CustomUserDetails - ======================================
2026-08-10 10:47:26 [http-nio-8080-exec-9] DEBUG c.p.e.service.impl.CustomUserDetails - ======================================
2026-08-10 10:47:26 [http-nio-8080-exec-9] DEBUG c.p.e.service.impl.CustomUserDetails - getUsername()
2026-08-10 10:47:26 [http-nio-8080-exec-9] DEBUG c.p.e.service.impl.CustomUserDetails - ======================================
2026-08-10 10:47:26 [http-nio-8080-exec-9] DEBUG c.p.e.service.impl.CustomUserDetails - ======================================
2026-08-10 10:47:26 [http-nio-8080-exec-9] DEBUG c.p.e.service.impl.CustomUserDetails - getUsername()
2026-08-10 10:47:26 [http-nio-8080-exec-9] DEBUG c.p.e.service.impl.CustomUserDetails - ======================================
2026-08-10 10:47:26 [http-nio-8080-exec-9] DEBUG c.p.e.service.impl.CustomUserDetails - ======================================
2026-08-10 10:47:26 [http-nio-8080-exec-9] DEBUG c.p.e.service.impl.CustomUserDetails - getUsername()
2026-08-10 10:47:26 [http-nio-8080-exec-9] DEBUG c.p.e.service.impl.CustomUserDetails - ======================================
2026-08-10 10:47:26 [http-nio-8080-exec-3] DEBUG c.p.e.service.impl.CustomUserDetails - ======================================
2026-08-10 10:47:26 [http-nio-8080-exec-3] DEBUG c.p.e.service.impl.CustomUserDetails - getUsername()
2026-08-10 10:47:26 [http-nio-8080-exec-3] DEBUG c.p.e.service.impl.CustomUserDetails - ======================================
2026-08-10 10:47:26 [http-nio-8080-exec-3] DEBUG c.p.e.service.impl.CustomUserDetails - ======================================
2026-08-10 10:47:26 [http-nio-8080-exec-3] DEBUG c.p.e.service.impl.CustomUserDetails - getUsername()
2026-08-10 10:47:26 [http-nio-8080-exec-3] DEBUG c.p.e.service.impl.CustomUserDetails - ======================================
2026-08-10 10:47:27 [http-nio-8080-exec-8] DEBUG c.pcwk.ehr.controller.UserController - ---------------------------
2026-08-10 10:47:27 [http-nio-8080-exec-8] DEBUG c.pcwk.ehr.controller.UserController - doSelectOne()*
2026-08-10 10:47:27 [http-nio-8080-exec-8] DEBUG c.pcwk.ehr.controller.UserController - ---------------------------
2026-08-10 10:47:27 [http-nio-8080-exec-8] DEBUG c.pcwk.ehr.controller.UserController - 1.userId: pcwk4
2026-08-10 10:47:27 [http-nio-8080-exec-8] DEBUG c.pcwk.ehr.controller.UserController - 1.1 param: UserVO [userId=pcwk4, name=null, password=null, login=0, recommend=0, email=null, grade=null, regDt=null, toString()=DTO [pageNo=0, pageSize=0, no=0, totalCnt=0, searchDiv=null, searchWord=null, searchMap={}, startNo=0, endNo=0, pre=false, next=false]]
2026-08-10 10:47:27 [http-nio-8080-exec-8] DEBUG c.p.ehr.service.impl.UserServiceImpl - ======================================
2026-08-10 10:47:27 [http-nio-8080-exec-8] DEBUG c.p.ehr.service.impl.UserServiceImpl - doSelectOne()
2026-08-10 10:47:27 [http-nio-8080-exec-8] DEBUG c.p.ehr.service.impl.UserServiceImpl - ======================================
2026-08-10 10:47:27 [http-nio-8080-exec-8] DEBUG org.mybatis.spring.SqlSessionUtils - Creating a new SqlSession
2026-08-10 10:47:27 [http-nio-8080-exec-8] DEBUG org.mybatis.spring.SqlSessionUtils - SqlSession [org.apache.ibatis.session.defaults.DefaultSqlSession@6e8d4f0f] was not registered for synchronization because synchronization is not active
2026-08-10 10:47:27 [http-nio-8080-exec-8] DEBUG o.m.s.t.SpringManagedTransaction - JDBC Connection [HikariProxyConnection@1845729499 wrapping oracle.jdbc.driver.T4CConnection@1ddd7265] will not be managed by Spring
2026-08-10 10:47:27 [http-nio-8080-exec-8] DEBUG c.p.e.mapper.UserMapper.doSelectOne - ==>  Preparing: SELECT user_id, name, password, login, recommend, email, DECODE(grade,1,'BASIC' ,2,'SILVER' ,3,'GOLD' ) grade, TO_CHAR(reg_dt,'YYYY/MM/DD HH24:MI:SS') reg_dt FROM member WHERE user_id = ?
2026-08-10 10:47:27 [http-nio-8080-exec-8] DEBUG c.p.e.mapper.UserMapper.doSelectOne - ==> Parameters: pcwk4(String)
2026-08-10 10:47:27 [http-nio-8080-exec-8] DEBUG c.p.e.mapper.UserMapper.doSelectOne - <==      Total: 1
2026-08-10 10:47:27 [http-nio-8080-exec-8] DEBUG org.mybatis.spring.SqlSessionUtils - Closing non transactional SqlSession [org.apache.ibatis.session.defaults.DefaultSqlSession@6e8d4f0f]
2026-08-10 10:47:27 [http-nio-8080-exec-8] DEBUG c.pcwk.ehr.controller.UserController - 2. outVO: UserVO [userId=pcwk4, name=이상무01, password=$2a$12$HBp2ySacblGeTBWYnXCyeu49zWneNkNwg1Nx4YiN0Mea5PoGt1wSi, login=4, recommend=4, email=jamesol4@naver.com, grade=SILVER, regDt=2026/08/10 07:41:41, toString()=DTO [pageNo=0, pageSize=0, no=0, totalCnt=0, searchDiv=null, searchWord=null, searchMap={}, startNo=0, endNo=0, pre=false, next=false]]
2026-08-10 10:47:27 [http-nio-8080-exec-8] DEBUG c.p.e.service.impl.CustomUserDetails - ======================================
2026-08-10 10:47:27 [http-nio-8080-exec-8] DEBUG c.p.e.service.impl.CustomUserDetails - getUsername()
2026-08-10 10:47:27 [http-nio-8080-exec-8] DEBUG c.p.e.service.impl.CustomUserDetails - ======================================
2026-08-10 10:47:27 [http-nio-8080-exec-8] DEBUG c.p.e.service.impl.CustomUserDetails - ======================================
2026-08-10 10:47:27 [http-nio-8080-exec-8] DEBUG c.p.e.service.impl.CustomUserDetails - getUsername()
2026-08-10 10:47:27 [http-nio-8080-exec-8] DEBUG c.p.e.service.impl.CustomUserDetails - ======================================
2026-08-10 10:47:27 [http-nio-8080-exec-10] DEBUG c.p.e.service.impl.CustomUserDetails - ======================================
2026-08-10 10:47:27 [http-nio-8080-exec-10] DEBUG c.p.e.service.impl.CustomUserDetails - getUsername()
2026-08-10 10:47:27 [http-nio-8080-exec-10] DEBUG c.p.e.service.impl.CustomUserDetails - ======================================
2026-08-10 10:47:27 [http-nio-8080-exec-5] DEBUG c.p.e.service.impl.CustomUserDetails - ======================================
2026-08-10 10:47:27 [http-nio-8080-exec-5] DEBUG c.p.e.service.impl.CustomUserDetails - getUsername()
2026-08-10 10:47:27 [http-nio-8080-exec-5] DEBUG c.p.e.service.impl.CustomUserDetails - ======================================
2026-08-10 10:47:27 [http-nio-8080-exec-6] DEBUG c.p.e.service.impl.CustomUserDetails - ======================================
2026-08-10 10:47:27 [http-nio-8080-exec-6] DEBUG c.p.e.service.impl.CustomUserDetails - getUsername()
2026-08-10 10:47:27 [http-nio-8080-exec-6] DEBUG c.p.e.service.impl.CustomUserDetails - ======================================
2026-08-10 10:47:27 [http-nio-8080-exec-1] DEBUG c.p.e.service.impl.CustomUserDetails - ======================================
2026-08-10 10:47:27 [http-nio-8080-exec-1] DEBUG c.p.e.service.impl.CustomUserDetails - getUsername()
2026-08-10 10:47:27 [http-nio-8080-exec-1] DEBUG c.p.e.service.impl.CustomUserDetails - ======================================
2026-08-10 10:47:27 [http-nio-8080-exec-2] DEBUG c.p.e.service.impl.CustomUserDetails - ======================================
2026-08-10 10:47:27 [http-nio-8080-exec-2] DEBUG c.p.e.service.impl.CustomUserDetails - getUsername()
2026-08-10 10:47:27 [http-nio-8080-exec-2] DEBUG c.p.e.service.impl.CustomUserDetails - ======================================
2026-08-10 10:47:27 [http-nio-8080-exec-4] DEBUG c.p.e.service.impl.CustomUserDetails - ======================================
2026-08-10 10:47:27 [http-nio-8080-exec-4] DEBUG c.p.e.service.impl.CustomUserDetails - getUsername()
2026-08-10 10:47:27 [http-nio-8080-exec-4] DEBUG c.p.e.service.impl.CustomUserDetails - ======================================
2026-08-10 10:47:27 [http-nio-8080-exec-4] DEBUG c.p.e.service.impl.CustomUserDetails - ======================================
2026-08-10 10:47:27 [http-nio-8080-exec-4] DEBUG c.p.e.service.impl.CustomUserDetails - getUsername()
2026-08-10 10:47:27 [http-nio-8080-exec-4] DEBUG c.p.e.service.impl.CustomUserDetails - ======================================
2026-08-10 10:47:27 [http-nio-8080-exec-7] DEBUG c.p.e.service.impl.CustomUserDetails - ======================================
2026-08-10 10:47:27 [http-nio-8080-exec-7] DEBUG c.p.e.service.impl.CustomUserDetails - getUsername()
2026-08-10 10:47:27 [http-nio-8080-exec-7] DEBUG c.p.e.service.impl.CustomUserDetails - ======================================
2026-08-10 10:47:27 [http-nio-8080-exec-7] DEBUG c.p.e.service.impl.CustomUserDetails - ======================================
2026-08-10 10:47:27 [http-nio-8080-exec-7] DEBUG c.p.e.service.impl.CustomUserDetails - getUsername()
2026-08-10 10:47:27 [http-nio-8080-exec-7] DEBUG c.p.e.service.impl.CustomUserDetails - ======================================
2026-08-10 10:47:27 [http-nio-8080-exec-9] DEBUG c.p.e.service.impl.CustomUserDetails - ======================================
2026-08-10 10:47:27 [http-nio-8080-exec-9] DEBUG c.p.e.service.impl.CustomUserDetails - getUsername()
2026-08-10 10:47:27 [http-nio-8080-exec-9] DEBUG c.p.e.service.impl.CustomUserDetails - ======================================
2026-08-10 10:47:27 [http-nio-8080-exec-9] DEBUG c.p.e.service.impl.CustomUserDetails - ======================================
2026-08-10 10:47:27 [http-nio-8080-exec-9] DEBUG c.p.e.service.impl.CustomUserDetails - getUsername()
2026-08-10 10:47:27 [http-nio-8080-exec-9] DEBUG c.p.e.service.impl.CustomUserDetails - ======================================
2026-08-10 10:47:31 [http-nio-8080-exec-3] DEBUG c.pcwk.ehr.controller.UserController - ---------------------------
2026-08-10 10:47:31 [http-nio-8080-exec-3] DEBUG c.pcwk.ehr.controller.UserController - doSelectOne()*
2026-08-10 10:47:31 [http-nio-8080-exec-3] DEBUG c.pcwk.ehr.controller.UserController - ---------------------------
2026-08-10 10:47:31 [http-nio-8080-exec-3] DEBUG c.pcwk.ehr.controller.UserController - 1.userId: pcwk4
2026-08-10 10:47:31 [http-nio-8080-exec-3] DEBUG c.pcwk.ehr.controller.UserController - 1.1 param: UserVO [userId=pcwk4, name=null, password=null, login=0, recommend=0, email=null, grade=null, regDt=null, toString()=DTO [pageNo=0, pageSize=0, no=0, totalCnt=0, searchDiv=null, searchWord=null, searchMap={}, startNo=0, endNo=0, pre=false, next=false]]
2026-08-10 10:47:31 [http-nio-8080-exec-3] DEBUG c.p.ehr.service.impl.UserServiceImpl - ======================================
2026-08-10 10:47:31 [http-nio-8080-exec-3] DEBUG c.p.ehr.service.impl.UserServiceImpl - doSelectOne()
2026-08-10 10:47:31 [http-nio-8080-exec-3] DEBUG c.p.ehr.service.impl.UserServiceImpl - ======================================
2026-08-10 10:47:31 [http-nio-8080-exec-3] DEBUG org.mybatis.spring.SqlSessionUtils - Creating a new SqlSession
2026-08-10 10:47:31 [http-nio-8080-exec-3] DEBUG org.mybatis.spring.SqlSessionUtils - SqlSession [org.apache.ibatis.session.defaults.DefaultSqlSession@24ed16fd] was not registered for synchronization because synchronization is not active
2026-08-10 10:47:31 [http-nio-8080-exec-3] DEBUG o.m.s.t.SpringManagedTransaction - JDBC Connection [HikariProxyConnection@2046523464 wrapping oracle.jdbc.driver.T4CConnection@1ddd7265] will not be managed by Spring
2026-08-10 10:47:31 [http-nio-8080-exec-3] DEBUG c.p.e.mapper.UserMapper.doSelectOne - ==>  Preparing: SELECT user_id, name, password, login, recommend, email, DECODE(grade,1,'BASIC' ,2,'SILVER' ,3,'GOLD' ) grade, TO_CHAR(reg_dt,'YYYY/MM/DD HH24:MI:SS') reg_dt FROM member WHERE user_id = ?
2026-08-10 10:47:31 [http-nio-8080-exec-3] DEBUG c.p.e.mapper.UserMapper.doSelectOne - ==> Parameters: pcwk4(String)
2026-08-10 10:47:31 [http-nio-8080-exec-3] DEBUG c.p.e.mapper.UserMapper.doSelectOne - <==      Total: 1
2026-08-10 10:47:31 [http-nio-8080-exec-3] DEBUG org.mybatis.spring.SqlSessionUtils - Closing non transactional SqlSession [org.apache.ibatis.session.defaults.DefaultSqlSession@24ed16fd]
2026-08-10 10:47:31 [http-nio-8080-exec-3] DEBUG c.pcwk.ehr.controller.UserController - 2. outVO: UserVO [userId=pcwk4, name=이상무01, password=$2a$12$HBp2ySacblGeTBWYnXCyeu49zWneNkNwg1Nx4YiN0Mea5PoGt1wSi, login=4, recommend=4, email=jamesol4@naver.com, grade=SILVER, regDt=2026/08/10 07:41:41, toString()=DTO [pageNo=0, pageSize=0, no=0, totalCnt=0, searchDiv=null, searchWord=null, searchMap={}, startNo=0, endNo=0, pre=false, next=false]]
2026-08-10 10:47:31 [http-nio-8080-exec-3] DEBUG c.p.e.service.impl.CustomUserDetails - ======================================
2026-08-10 10:47:31 [http-nio-8080-exec-3] DEBUG c.p.e.service.impl.CustomUserDetails - getUsername()
2026-08-10 10:47:31 [http-nio-8080-exec-3] DEBUG c.p.e.service.impl.CustomUserDetails - ======================================
2026-08-10 10:47:31 [http-nio-8080-exec-3] DEBUG c.p.e.service.impl.CustomUserDetails - ======================================
2026-08-10 10:47:31 [http-nio-8080-exec-3] DEBUG c.p.e.service.impl.CustomUserDetails - getUsername()
2026-08-10 10:47:31 [http-nio-8080-exec-3] DEBUG c.p.e.service.impl.CustomUserDetails - ======================================
2026-08-10 10:47:31 [http-nio-8080-exec-5] DEBUG c.p.e.service.impl.CustomUserDetails - ======================================
2026-08-10 10:47:31 [http-nio-8080-exec-5] DEBUG c.p.e.service.impl.CustomUserDetails - getUsername()
2026-08-10 10:47:31 [http-nio-8080-exec-5] DEBUG c.p.e.service.impl.CustomUserDetails - ======================================
2026-08-10 10:47:31 [http-nio-8080-exec-6] DEBUG c.p.e.service.impl.CustomUserDetails - ======================================
2026-08-10 10:47:31 [http-nio-8080-exec-10] DEBUG c.p.e.service.impl.CustomUserDetails - ======================================
2026-08-10 10:47:31 [http-nio-8080-exec-6] DEBUG c.p.e.service.impl.CustomUserDetails - getUsername()
2026-08-10 10:47:31 [http-nio-8080-exec-10] DEBUG c.p.e.service.impl.CustomUserDetails - getUsername()
2026-08-10 10:47:31 [http-nio-8080-exec-6] DEBUG c.p.e.service.impl.CustomUserDetails - ======================================
2026-08-10 10:47:31 [http-nio-8080-exec-10] DEBUG c.p.e.service.impl.CustomUserDetails - ======================================
2026-08-10 10:47:31 [http-nio-8080-exec-8] DEBUG c.p.e.service.impl.CustomUserDetails - ======================================
2026-08-10 10:47:31 [http-nio-8080-exec-8] DEBUG c.p.e.service.impl.CustomUserDetails - getUsername()
2026-08-10 10:47:31 [http-nio-8080-exec-8] DEBUG c.p.e.service.impl.CustomUserDetails - ======================================
2026-08-10 10:47:31 [http-nio-8080-exec-1] DEBUG c.p.e.service.impl.CustomUserDetails - ======================================
2026-08-10 10:47:31 [http-nio-8080-exec-1] DEBUG c.p.e.service.impl.CustomUserDetails - getUsername()
2026-08-10 10:47:31 [http-nio-8080-exec-1] DEBUG c.p.e.service.impl.CustomUserDetails - ======================================
2026-08-10 10:47:31 [http-nio-8080-exec-8] DEBUG c.p.e.service.impl.CustomUserDetails - ======================================
2026-08-10 10:47:31 [http-nio-8080-exec-8] DEBUG c.p.e.service.impl.CustomUserDetails - getUsername()
2026-08-10 10:47:31 [http-nio-8080-exec-8] DEBUG c.p.e.service.impl.CustomUserDetails - ======================================
2026-08-10 10:47:31 [http-nio-8080-exec-1] DEBUG c.p.e.service.impl.CustomUserDetails - ======================================
2026-08-10 10:47:31 [http-nio-8080-exec-1] DEBUG c.p.e.service.impl.CustomUserDetails - getUsername()
2026-08-10 10:47:31 [http-nio-8080-exec-1] DEBUG c.p.e.service.impl.CustomUserDetails - ======================================
2026-08-10 10:47:31 [http-nio-8080-exec-2] DEBUG c.p.e.service.impl.CustomUserDetails - ======================================
2026-08-10 10:47:31 [http-nio-8080-exec-2] DEBUG c.p.e.service.impl.CustomUserDetails - getUsername()
2026-08-10 10:47:31 [http-nio-8080-exec-2] DEBUG c.p.e.service.impl.CustomUserDetails - ======================================
2026-08-10 10:47:31 [http-nio-8080-exec-2] DEBUG c.p.e.service.impl.CustomUserDetails - ======================================
2026-08-10 10:47:31 [http-nio-8080-exec-2] DEBUG c.p.e.service.impl.CustomUserDetails - getUsername()
2026-08-10 10:47:31 [http-nio-8080-exec-2] DEBUG c.p.e.service.impl.CustomUserDetails - ======================================
2026-08-10 10:47:31 [http-nio-8080-exec-4] DEBUG c.p.e.service.impl.CustomUserDetails - ======================================
2026-08-10 10:47:31 [http-nio-8080-exec-4] DEBUG c.p.e.service.impl.CustomUserDetails - getUsername()
2026-08-10 10:47:31 [http-nio-8080-exec-4] DEBUG c.p.e.service.impl.CustomUserDetails - ======================================
2026-08-10 10:47:31 [http-nio-8080-exec-4] DEBUG c.p.e.service.impl.CustomUserDetails - ======================================
2026-08-10 10:47:31 [http-nio-8080-exec-4] DEBUG c.p.e.service.impl.CustomUserDetails - getUsername()
2026-08-10 10:47:31 [http-nio-8080-exec-4] DEBUG c.p.e.service.impl.CustomUserDetails - ======================================
2026-08-10 11:02:48 [http-nio-8080-exec-3] DEBUG c.pcwk.ehr.controller.UserController - ---------------------------
2026-08-10 11:02:48 [http-nio-8080-exec-3] DEBUG c.pcwk.ehr.controller.UserController - doDelete()*
2026-08-10 11:02:48 [http-nio-8080-exec-3] DEBUG c.pcwk.ehr.controller.UserController - ---------------------------
2026-08-10 11:02:48 [http-nio-8080-exec-3] DEBUG c.pcwk.ehr.controller.UserController - 1.userId: pcwk4
2026-08-10 11:02:48 [http-nio-8080-exec-3] DEBUG c.pcwk.ehr.controller.UserController - 1.1 param: UserVO [userId=pcwk4, name=null, password=null, login=0, recommend=0, email=null, grade=null, regDt=null, toString()=DTO [pageNo=0, pageSize=0, no=0, totalCnt=0, searchDiv=null, searchWord=null, searchMap={}, startNo=0, endNo=0, pre=false, next=false]]
2026-08-10 11:02:48 [http-nio-8080-exec-3] TRACE o.s.t.i.TransactionInterceptor - Getting transaction for [com.pcwk.ehr.service.impl.UserServiceImpl.doDelete]
2026-08-10 11:02:48 [http-nio-8080-exec-3] DEBUG c.p.ehr.service.impl.UserServiceImpl - ======================================
2026-08-10 11:02:48 [http-nio-8080-exec-3] DEBUG c.p.ehr.service.impl.UserServiceImpl - doDelete()
2026-08-10 11:02:48 [http-nio-8080-exec-3] DEBUG c.p.ehr.service.impl.UserServiceImpl - ======================================
2026-08-10 11:02:48 [http-nio-8080-exec-3] DEBUG org.mybatis.spring.SqlSessionUtils - Creating a new SqlSession
2026-08-10 11:02:48 [http-nio-8080-exec-3] DEBUG org.mybatis.spring.SqlSessionUtils - Registering transaction synchronization for SqlSession [org.apache.ibatis.session.defaults.DefaultSqlSession@1452e98b]
2026-08-10 11:02:48 [http-nio-8080-exec-3] DEBUG o.m.s.t.SpringManagedTransaction - JDBC Connection [HikariProxyConnection@1725525234 wrapping oracle.jdbc.driver.T4CConnection@1ddd7265] will be managed by Spring
2026-08-10 11:02:48 [http-nio-8080-exec-3] DEBUG c.p.ehr.mapper.UserMapper.doDelete - ==>  Preparing: DELETE FROM member WHERE user_id = ?
2026-08-10 11:02:48 [http-nio-8080-exec-3] DEBUG c.p.ehr.mapper.UserMapper.doDelete - ==> Parameters: pcwk4(String)
2026-08-10 11:02:48 [http-nio-8080-exec-3] DEBUG c.p.ehr.mapper.UserMapper.doDelete - <==    Updates: 1
2026-08-10 11:02:48 [http-nio-8080-exec-3] DEBUG org.mybatis.spring.SqlSessionUtils - Releasing transactional SqlSession [org.apache.ibatis.session.defaults.DefaultSqlSession@1452e98b]
2026-08-10 11:02:48 [http-nio-8080-exec-3] TRACE o.s.t.i.TransactionInterceptor - Completing transaction for [com.pcwk.ehr.service.impl.UserServiceImpl.doDelete]
2026-08-10 11:02:48 [http-nio-8080-exec-3] DEBUG org.mybatis.spring.SqlSessionUtils - Transaction synchronization committing SqlSession [org.apache.ibatis.session.defaults.DefaultSqlSession@1452e98b]
2026-08-10 11:02:48 [http-nio-8080-exec-3] DEBUG org.mybatis.spring.SqlSessionUtils - Transaction synchronization deregistering SqlSession [org.apache.ibatis.session.defaults.DefaultSqlSession@1452e98b]
2026-08-10 11:02:48 [http-nio-8080-exec-3] DEBUG org.mybatis.spring.SqlSessionUtils - Transaction synchronization closing SqlSession [org.apache.ibatis.session.defaults.DefaultSqlSession@1452e98b]
2026-08-10 11:02:48 [http-nio-8080-exec-3] DEBUG c.pcwk.ehr.controller.UserController - 2. flag: 1
2026-08-10 11:02:48 [http-nio-8080-exec-3] DEBUG c.pcwk.ehr.controller.UserController - 3. messsage: MessageVO [id=1, message=pcwk4님이 삭제 되었습니다., detailMessage=No Detail Message.]
2026-08-10 11:02:48 [http-nio-8080-exec-3] DEBUG c.p.e.service.impl.CustomUserDetails - ======================================
2026-08-10 11:02:48 [http-nio-8080-exec-3] DEBUG c.p.e.service.impl.CustomUserDetails - getUsername()
2026-08-10 11:02:48 [http-nio-8080-exec-3] DEBUG c.p.e.service.impl.CustomUserDetails - ======================================
2026-08-10 11:02:59 [http-nio-8080-exec-5] DEBUG c.pcwk.ehr.controller.UserController - ---------------------------
2026-08-10 11:02:59 [http-nio-8080-exec-5] DEBUG c.pcwk.ehr.controller.UserController - doRetrieve()*
2026-08-10 11:02:59 [http-nio-8080-exec-5] DEBUG c.pcwk.ehr.controller.UserController - ---------------------------
2026-08-10 11:02:59 [http-nio-8080-exec-5] DEBUG c.pcwk.ehr.controller.UserController - 1.searchDiv: 
2026-08-10 11:02:59 [http-nio-8080-exec-5] DEBUG c.pcwk.ehr.controller.UserController - 2.searchWord: 
2026-08-10 11:02:59 [http-nio-8080-exec-5] DEBUG c.pcwk.ehr.controller.UserController - 2.1 dto: DTO [pageNo=1, pageSize=10, no=0, totalCnt=0, searchDiv=, searchWord=, searchMap={}, startNo=0, endNo=0, pre=false, next=false]
2026-08-10 11:02:59 [http-nio-8080-exec-5] DEBUG c.p.ehr.service.impl.UserServiceImpl - ======================================
2026-08-10 11:02:59 [http-nio-8080-exec-5] DEBUG c.p.ehr.service.impl.UserServiceImpl - doRetrieve()
2026-08-10 11:02:59 [http-nio-8080-exec-5] DEBUG c.p.ehr.service.impl.UserServiceImpl - ======================================
2026-08-10 11:02:59 [http-nio-8080-exec-5] DEBUG org.mybatis.spring.SqlSessionUtils - Creating a new SqlSession
2026-08-10 11:02:59 [http-nio-8080-exec-5] DEBUG org.mybatis.spring.SqlSessionUtils - SqlSession [org.apache.ibatis.session.defaults.DefaultSqlSession@d9a60c4] was not registered for synchronization because synchronization is not active
2026-08-10 11:02:59 [http-nio-8080-exec-5] DEBUG o.m.s.t.SpringManagedTransaction - JDBC Connection [HikariProxyConnection@12432004 wrapping oracle.jdbc.driver.T4CConnection@1ddd7265] will not be managed by Spring
2026-08-10 11:02:59 [http-nio-8080-exec-5] DEBUG c.p.ehr.mapper.UserMapper.doRetrieve - ==>  Preparing: SELECT A.*,B.* FROM( SELECT tt1.rnum no, tt1.user_id, tt1.name, tt1.password, tt1.login, tt1.recommend, tt1.email, DECODE(tt1.grade,1,'BASIC',2,'SILVER',3,'GOLD') grade, TO_CHAR(tt1.reg_dt,'YYYY/MM/DD') reg_dt FROM( SELECT ROWNUM rnum, t1.* FROM ( SELECT * FROM member ORDER BY reg_dt DESC )t1 WHERE ROWNUM <= ( ? * (? -1 ) + ? ) )tt1 WHERE rnum >= ( ? * (? -1 ) + 1 ) ) A CROSS JOIN ( SELECT COUNT(*) total_cnt FROM member ) B
2026-08-10 11:02:59 [http-nio-8080-exec-5] DEBUG c.p.ehr.mapper.UserMapper.doRetrieve - ==> Parameters: 10(Integer), 1(Integer), 10(Integer), 10(Integer), 1(Integer)
2026-08-10 11:02:59 [http-nio-8080-exec-5] DEBUG c.p.ehr.mapper.UserMapper.doRetrieve - <==      Total: 10
2026-08-10 11:02:59 [http-nio-8080-exec-5] DEBUG org.mybatis.spring.SqlSessionUtils - Closing non transactional SqlSession [org.apache.ibatis.session.defaults.DefaultSqlSession@d9a60c4]
2026-08-10 11:02:59 [http-nio-8080-exec-5] DEBUG c.p.e.service.impl.CustomUserDetails - ======================================
2026-08-10 11:02:59 [http-nio-8080-exec-5] DEBUG c.p.e.service.impl.CustomUserDetails - getUsername()
2026-08-10 11:02:59 [http-nio-8080-exec-5] DEBUG c.p.e.service.impl.CustomUserDetails - ======================================
2026-08-10 11:02:59 [http-nio-8080-exec-5] DEBUG c.p.e.service.impl.CustomUserDetails - ======================================
2026-08-10 11:02:59 [http-nio-8080-exec-5] DEBUG c.p.e.service.impl.CustomUserDetails - getUsername()
2026-08-10 11:02:59 [http-nio-8080-exec-5] DEBUG c.p.e.service.impl.CustomUserDetails - ======================================
2026-08-10 11:02:59 [http-nio-8080-exec-10] DEBUG c.p.e.service.impl.CustomUserDetails - ======================================
2026-08-10 11:02:59 [http-nio-8080-exec-10] DEBUG c.p.e.service.impl.CustomUserDetails - getUsername()
2026-08-10 11:02:59 [http-nio-8080-exec-10] DEBUG c.p.e.service.impl.CustomUserDetails - ======================================
2026-08-10 11:02:59 [http-nio-8080-exec-1] DEBUG c.p.e.service.impl.CustomUserDetails - ======================================
2026-08-10 11:02:59 [http-nio-8080-exec-1] DEBUG c.p.e.service.impl.CustomUserDetails - getUsername()
2026-08-10 11:02:59 [http-nio-8080-exec-1] DEBUG c.p.e.service.impl.CustomUserDetails - ======================================
2026-08-10 11:02:59 [http-nio-8080-exec-6] DEBUG c.p.e.service.impl.CustomUserDetails - ======================================
2026-08-10 11:02:59 [http-nio-8080-exec-6] DEBUG c.p.e.service.impl.CustomUserDetails - getUsername()
2026-08-10 11:02:59 [http-nio-8080-exec-6] DEBUG c.p.e.service.impl.CustomUserDetails - ======================================
2026-08-10 11:02:59 [http-nio-8080-exec-2] DEBUG c.p.e.service.impl.CustomUserDetails - ======================================
2026-08-10 11:02:59 [http-nio-8080-exec-2] DEBUG c.p.e.service.impl.CustomUserDetails - getUsername()
2026-08-10 11:02:59 [http-nio-8080-exec-2] DEBUG c.p.e.service.impl.CustomUserDetails - ======================================
2026-08-10 11:02:59 [http-nio-8080-exec-8] DEBUG c.p.e.service.impl.CustomUserDetails - ======================================
2026-08-10 11:02:59 [http-nio-8080-exec-8] DEBUG c.p.e.service.impl.CustomUserDetails - getUsername()
2026-08-10 11:02:59 [http-nio-8080-exec-8] DEBUG c.p.e.service.impl.CustomUserDetails - ======================================
2026-08-10 11:02:59 [http-nio-8080-exec-4] DEBUG c.p.e.service.impl.CustomUserDetails - ======================================
2026-08-10 11:02:59 [http-nio-8080-exec-4] DEBUG c.p.e.service.impl.CustomUserDetails - getUsername()
2026-08-10 11:02:59 [http-nio-8080-exec-4] DEBUG c.p.e.service.impl.CustomUserDetails - ======================================
2026-08-10 11:02:59 [http-nio-8080-exec-4] DEBUG c.p.e.service.impl.CustomUserDetails - ======================================
2026-08-10 11:02:59 [http-nio-8080-exec-4] DEBUG c.p.e.service.impl.CustomUserDetails - getUsername()
2026-08-10 11:02:59 [http-nio-8080-exec-4] DEBUG c.p.e.service.impl.CustomUserDetails - ======================================
2026-08-10 11:02:59 [http-nio-8080-exec-7] DEBUG c.p.e.service.impl.CustomUserDetails - ======================================
2026-08-10 11:02:59 [http-nio-8080-exec-7] DEBUG c.p.e.service.impl.CustomUserDetails - getUsername()
2026-08-10 11:02:59 [http-nio-8080-exec-7] DEBUG c.p.e.service.impl.CustomUserDetails - ======================================
2026-08-10 11:02:59 [http-nio-8080-exec-7] DEBUG c.p.e.service.impl.CustomUserDetails - ======================================
2026-08-10 11:02:59 [http-nio-8080-exec-7] DEBUG c.p.e.service.impl.CustomUserDetails - getUsername()
2026-08-10 11:02:59 [http-nio-8080-exec-7] DEBUG c.p.e.service.impl.CustomUserDetails - ======================================
2026-08-10 11:02:59 [http-nio-8080-exec-9] DEBUG c.p.e.service.impl.CustomUserDetails - ======================================
2026-08-10 11:02:59 [http-nio-8080-exec-9] DEBUG c.p.e.service.impl.CustomUserDetails - getUsername()
2026-08-10 11:02:59 [http-nio-8080-exec-9] DEBUG c.p.e.service.impl.CustomUserDetails - ======================================
2026-08-10 11:02:59 [http-nio-8080-exec-9] DEBUG c.p.e.service.impl.CustomUserDetails - ======================================
2026-08-10 11:02:59 [http-nio-8080-exec-9] DEBUG c.p.e.service.impl.CustomUserDetails - getUsername()
2026-08-10 11:02:59 [http-nio-8080-exec-9] DEBUG c.p.e.service.impl.CustomUserDetails - ======================================
2026-08-10 11:03:07 [http-nio-8080-exec-3] DEBUG c.pcwk.ehr.controller.UserController - ---------------------------
2026-08-10 11:03:07 [http-nio-8080-exec-3] DEBUG c.pcwk.ehr.controller.UserController - doSelectOne()*
2026-08-10 11:03:07 [http-nio-8080-exec-3] DEBUG c.pcwk.ehr.controller.UserController - ---------------------------
2026-08-10 11:03:07 [http-nio-8080-exec-3] DEBUG c.pcwk.ehr.controller.UserController - 1.userId: pcwk5
2026-08-10 11:03:07 [http-nio-8080-exec-3] DEBUG c.pcwk.ehr.controller.UserController - 1.1 param: UserVO [userId=pcwk5, name=null, password=null, login=0, recommend=0, email=null, grade=null, regDt=null, toString()=DTO [pageNo=0, pageSize=0, no=0, totalCnt=0, searchDiv=null, searchWord=null, searchMap={}, startNo=0, endNo=0, pre=false, next=false]]
2026-08-10 11:03:07 [http-nio-8080-exec-3] DEBUG c.p.ehr.service.impl.UserServiceImpl - ======================================
2026-08-10 11:03:07 [http-nio-8080-exec-3] DEBUG c.p.ehr.service.impl.UserServiceImpl - doSelectOne()
2026-08-10 11:03:07 [http-nio-8080-exec-3] DEBUG c.p.ehr.service.impl.UserServiceImpl - ======================================
2026-08-10 11:03:07 [http-nio-8080-exec-3] DEBUG org.mybatis.spring.SqlSessionUtils - Creating a new SqlSession
2026-08-10 11:03:07 [http-nio-8080-exec-3] DEBUG org.mybatis.spring.SqlSessionUtils - SqlSession [org.apache.ibatis.session.defaults.DefaultSqlSession@127764ec] was not registered for synchronization because synchronization is not active
2026-08-10 11:03:07 [http-nio-8080-exec-3] DEBUG o.m.s.t.SpringManagedTransaction - JDBC Connection [HikariProxyConnection@178628805 wrapping oracle.jdbc.driver.T4CConnection@1ddd7265] will not be managed by Spring
2026-08-10 11:03:07 [http-nio-8080-exec-3] DEBUG c.p.e.mapper.UserMapper.doSelectOne - ==>  Preparing: SELECT user_id, name, password, login, recommend, email, DECODE(grade,1,'BASIC' ,2,'SILVER' ,3,'GOLD' ) grade, TO_CHAR(reg_dt,'YYYY/MM/DD HH24:MI:SS') reg_dt FROM member WHERE user_id = ?
2026-08-10 11:03:07 [http-nio-8080-exec-3] DEBUG c.p.e.mapper.UserMapper.doSelectOne - ==> Parameters: pcwk5(String)
2026-08-10 11:03:07 [http-nio-8080-exec-3] DEBUG c.p.e.mapper.UserMapper.doSelectOne - <==      Total: 1
2026-08-10 11:03:07 [http-nio-8080-exec-3] DEBUG org.mybatis.spring.SqlSessionUtils - Closing non transactional SqlSession [org.apache.ibatis.session.defaults.DefaultSqlSession@127764ec]
2026-08-10 11:03:07 [http-nio-8080-exec-3] DEBUG c.pcwk.ehr.controller.UserController - 2. outVO: UserVO [userId=pcwk5, name=이상무01, password=$2a$12$HBp2ySacblGeTBWYnXCyeu49zWneNkNwg1Nx4YiN0Mea5PoGt1wSi, login=5, recommend=5, email=jamesol5@naver.com, grade=GOLD, regDt=2026/08/10 07:17:41, toString()=DTO [pageNo=0, pageSize=0, no=0, totalCnt=0, searchDiv=null, searchWord=null, searchMap={}, startNo=0, endNo=0, pre=false, next=false]]
2026-08-10 11:03:07 [http-nio-8080-exec-3] DEBUG c.p.e.service.impl.CustomUserDetails - ======================================
2026-08-10 11:03:07 [http-nio-8080-exec-3] DEBUG c.p.e.service.impl.CustomUserDetails - getUsername()
2026-08-10 11:03:07 [http-nio-8080-exec-3] DEBUG c.p.e.service.impl.CustomUserDetails - ======================================
2026-08-10 11:03:07 [http-nio-8080-exec-3] DEBUG c.p.e.service.impl.CustomUserDetails - ======================================
2026-08-10 11:03:07 [http-nio-8080-exec-3] DEBUG c.p.e.service.impl.CustomUserDetails - getUsername()
2026-08-10 11:03:07 [http-nio-8080-exec-3] DEBUG c.p.e.service.impl.CustomUserDetails - ======================================
2026-08-10 11:03:07 [http-nio-8080-exec-1] DEBUG c.p.e.service.impl.CustomUserDetails - ======================================
2026-08-10 11:03:07 [http-nio-8080-exec-1] DEBUG c.p.e.service.impl.CustomUserDetails - getUsername()
2026-08-10 11:03:07 [http-nio-8080-exec-1] DEBUG c.p.e.service.impl.CustomUserDetails - ======================================
2026-08-10 11:03:07 [http-nio-8080-exec-10] DEBUG c.p.e.service.impl.CustomUserDetails - ======================================
2026-08-10 11:03:07 [http-nio-8080-exec-10] DEBUG c.p.e.service.impl.CustomUserDetails - getUsername()
2026-08-10 11:03:07 [http-nio-8080-exec-10] DEBUG c.p.e.service.impl.CustomUserDetails - ======================================
2026-08-10 11:03:07 [http-nio-8080-exec-6] DEBUG c.p.e.service.impl.CustomUserDetails - ======================================
2026-08-10 11:03:07 [http-nio-8080-exec-6] DEBUG c.p.e.service.impl.CustomUserDetails - getUsername()
2026-08-10 11:03:07 [http-nio-8080-exec-6] DEBUG c.p.e.service.impl.CustomUserDetails - ======================================
2026-08-10 11:03:07 [http-nio-8080-exec-5] DEBUG c.p.e.service.impl.CustomUserDetails - ======================================
2026-08-10 11:03:07 [http-nio-8080-exec-5] DEBUG c.p.e.service.impl.CustomUserDetails - getUsername()
2026-08-10 11:03:07 [http-nio-8080-exec-5] DEBUG c.p.e.service.impl.CustomUserDetails - ======================================
2026-08-10 11:03:07 [http-nio-8080-exec-5] DEBUG c.p.e.service.impl.CustomUserDetails - ======================================
2026-08-10 11:03:07 [http-nio-8080-exec-5] DEBUG c.p.e.service.impl.CustomUserDetails - getUsername()
2026-08-10 11:03:07 [http-nio-8080-exec-5] DEBUG c.p.e.service.impl.CustomUserDetails - ======================================
2026-08-10 11:03:07 [http-nio-8080-exec-2] DEBUG c.p.e.service.impl.CustomUserDetails - ======================================
2026-08-10 11:03:07 [http-nio-8080-exec-2] DEBUG c.p.e.service.impl.CustomUserDetails - getUsername()
2026-08-10 11:03:07 [http-nio-8080-exec-2] DEBUG c.p.e.service.impl.CustomUserDetails - ======================================
2026-08-10 11:03:07 [http-nio-8080-exec-2] DEBUG c.p.e.service.impl.CustomUserDetails - ======================================
2026-08-10 11:03:07 [http-nio-8080-exec-2] DEBUG c.p.e.service.impl.CustomUserDetails - getUsername()
2026-08-10 11:03:07 [http-nio-8080-exec-2] DEBUG c.p.e.service.impl.CustomUserDetails - ======================================
2026-08-10 11:03:07 [http-nio-8080-exec-8] DEBUG c.p.e.service.impl.CustomUserDetails - ======================================
2026-08-10 11:03:07 [http-nio-8080-exec-8] DEBUG c.p.e.service.impl.CustomUserDetails - getUsername()
2026-08-10 11:03:07 [http-nio-8080-exec-8] DEBUG c.p.e.service.impl.CustomUserDetails - ======================================
2026-08-10 11:03:07 [http-nio-8080-exec-8] DEBUG c.p.e.service.impl.CustomUserDetails - ======================================
2026-08-10 11:03:07 [http-nio-8080-exec-8] DEBUG c.p.e.service.impl.CustomUserDetails - getUsername()
2026-08-10 11:03:07 [http-nio-8080-exec-8] DEBUG c.p.e.service.impl.CustomUserDetails - ======================================
2026-08-10 11:03:07 [http-nio-8080-exec-4] DEBUG c.p.e.service.impl.CustomUserDetails - ======================================
2026-08-10 11:03:07 [http-nio-8080-exec-4] DEBUG c.p.e.service.impl.CustomUserDetails - getUsername()
2026-08-10 11:03:07 [http-nio-8080-exec-4] DEBUG c.p.e.service.impl.CustomUserDetails - ======================================
2026-08-10 11:03:07 [http-nio-8080-exec-4] DEBUG c.p.e.service.impl.CustomUserDetails - ======================================
2026-08-10 11:03:07 [http-nio-8080-exec-4] DEBUG c.p.e.service.impl.CustomUserDetails - getUsername()
2026-08-10 11:03:07 [http-nio-8080-exec-4] DEBUG c.p.e.service.impl.CustomUserDetails - ======================================
2026-08-10 11:03:15 [http-nio-8080-exec-7] DEBUG c.p.e.service.impl.CustomUserDetails - ======================================
2026-08-10 11:03:15 [http-nio-8080-exec-7] DEBUG c.p.e.service.impl.CustomUserDetails - getUsername()
2026-08-10 11:03:15 [http-nio-8080-exec-7] DEBUG c.p.e.service.impl.CustomUserDetails - ======================================
2026-08-10 11:03:15 [http-nio-8080-exec-9] DEBUG c.p.e.service.impl.CustomUserDetails - ======================================
2026-08-10 11:03:15 [http-nio-8080-exec-9] DEBUG c.p.e.service.impl.CustomUserDetails - getUsername()
2026-08-10 11:03:15 [http-nio-8080-exec-9] DEBUG c.p.e.service.impl.CustomUserDetails - ======================================
2026-08-10 11:03:15 [http-nio-8080-exec-7] DEBUG c.p.e.service.impl.CustomUserDetails - ======================================
2026-08-10 11:03:15 [http-nio-8080-exec-7] DEBUG c.p.e.service.impl.CustomUserDetails - getUsername()
2026-08-10 11:03:15 [http-nio-8080-exec-7] DEBUG c.p.e.service.impl.CustomUserDetails - ======================================
2026-08-10 11:03:15 [http-nio-8080-exec-3] DEBUG c.p.e.service.impl.CustomUserDetails - ======================================
2026-08-10 11:03:15 [http-nio-8080-exec-3] DEBUG c.p.e.service.impl.CustomUserDetails - getUsername()
2026-08-10 11:03:15 [http-nio-8080-exec-3] DEBUG c.p.e.service.impl.CustomUserDetails - ======================================
2026-08-10 11:03:15 [http-nio-8080-exec-3] DEBUG c.p.e.service.impl.CustomUserDetails - ======================================
2026-08-10 11:03:15 [http-nio-8080-exec-3] DEBUG c.p.e.service.impl.CustomUserDetails - getUsername()
2026-08-10 11:03:15 [http-nio-8080-exec-3] DEBUG c.p.e.service.impl.CustomUserDetails - ======================================
2026-08-10 11:03:15 [http-nio-8080-exec-10] DEBUG c.p.e.service.impl.CustomUserDetails - ======================================
2026-08-10 11:03:15 [http-nio-8080-exec-10] DEBUG c.p.e.service.impl.CustomUserDetails - getUsername()
2026-08-10 11:03:15 [http-nio-8080-exec-10] DEBUG c.p.e.service.impl.CustomUserDetails - ======================================
2026-08-10 11:03:15 [http-nio-8080-exec-3] DEBUG c.p.e.service.impl.CustomUserDetails - ======================================
2026-08-10 11:03:15 [http-nio-8080-exec-3] DEBUG c.p.e.service.impl.CustomUserDetails - getUsername()
2026-08-10 11:03:15 [http-nio-8080-exec-3] DEBUG c.p.e.service.impl.CustomUserDetails - ======================================
2026-08-10 11:03:15 [http-nio-8080-exec-10] DEBUG c.p.e.service.impl.CustomUserDetails - ======================================
2026-08-10 11:03:15 [http-nio-8080-exec-3] DEBUG c.p.e.service.impl.CustomUserDetails - ======================================
2026-08-10 11:03:15 [http-nio-8080-exec-10] DEBUG c.p.e.service.impl.CustomUserDetails - getUsername()
2026-08-10 11:03:15 [http-nio-8080-exec-10] DEBUG c.p.e.service.impl.CustomUserDetails - ======================================
2026-08-10 11:03:15 [http-nio-8080-exec-3] DEBUG c.p.e.service.impl.CustomUserDetails - getUsername()
2026-08-10 11:03:15 [http-nio-8080-exec-3] DEBUG c.p.e.service.impl.CustomUserDetails - ======================================
2026-08-10 11:03:17 [http-nio-8080-exec-1] DEBUG c.pcwk.ehr.controller.UserController - ---------------------------
2026-08-10 11:03:17 [http-nio-8080-exec-1] DEBUG c.pcwk.ehr.controller.UserController - doSelectOne()*
2026-08-10 11:03:17 [http-nio-8080-exec-1] DEBUG c.pcwk.ehr.controller.UserController - ---------------------------
2026-08-10 11:03:17 [http-nio-8080-exec-1] DEBUG c.pcwk.ehr.controller.UserController - 1.userId: pcwk5
2026-08-10 11:03:17 [http-nio-8080-exec-1] DEBUG c.pcwk.ehr.controller.UserController - 1.1 param: UserVO [userId=pcwk5, name=null, password=null, login=0, recommend=0, email=null, grade=null, regDt=null, toString()=DTO [pageNo=0, pageSize=0, no=0, totalCnt=0, searchDiv=null, searchWord=null, searchMap={}, startNo=0, endNo=0, pre=false, next=false]]
2026-08-10 11:03:17 [http-nio-8080-exec-1] DEBUG c.p.ehr.service.impl.UserServiceImpl - ======================================
2026-08-10 11:03:17 [http-nio-8080-exec-1] DEBUG c.p.ehr.service.impl.UserServiceImpl - doSelectOne()
2026-08-10 11:03:17 [http-nio-8080-exec-1] DEBUG c.p.ehr.service.impl.UserServiceImpl - ======================================
2026-08-10 11:03:17 [http-nio-8080-exec-1] DEBUG org.mybatis.spring.SqlSessionUtils - Creating a new SqlSession
2026-08-10 11:03:17 [http-nio-8080-exec-1] DEBUG org.mybatis.spring.SqlSessionUtils - SqlSession [org.apache.ibatis.session.defaults.DefaultSqlSession@b97b99c] was not registered for synchronization because synchronization is not active
2026-08-10 11:03:17 [http-nio-8080-exec-1] DEBUG o.m.s.t.SpringManagedTransaction - JDBC Connection [HikariProxyConnection@625568044 wrapping oracle.jdbc.driver.T4CConnection@1ddd7265] will not be managed by Spring
2026-08-10 11:03:17 [http-nio-8080-exec-1] DEBUG c.p.e.mapper.UserMapper.doSelectOne - ==>  Preparing: SELECT user_id, name, password, login, recommend, email, DECODE(grade,1,'BASIC' ,2,'SILVER' ,3,'GOLD' ) grade, TO_CHAR(reg_dt,'YYYY/MM/DD HH24:MI:SS') reg_dt FROM member WHERE user_id = ?
2026-08-10 11:03:17 [http-nio-8080-exec-1] DEBUG c.p.e.mapper.UserMapper.doSelectOne - ==> Parameters: pcwk5(String)
2026-08-10 11:03:17 [http-nio-8080-exec-1] DEBUG c.p.e.mapper.UserMapper.doSelectOne - <==      Total: 1
2026-08-10 11:03:17 [http-nio-8080-exec-1] DEBUG org.mybatis.spring.SqlSessionUtils - Closing non transactional SqlSession [org.apache.ibatis.session.defaults.DefaultSqlSession@b97b99c]
2026-08-10 11:03:17 [http-nio-8080-exec-1] DEBUG c.pcwk.ehr.controller.UserController - 2. outVO: UserVO [userId=pcwk5, name=이상무01, password=$2a$12$HBp2ySacblGeTBWYnXCyeu49zWneNkNwg1Nx4YiN0Mea5PoGt1wSi, login=5, recommend=5, email=jamesol5@naver.com, grade=GOLD, regDt=2026/08/10 07:17:41, toString()=DTO [pageNo=0, pageSize=0, no=0, totalCnt=0, searchDiv=null, searchWord=null, searchMap={}, startNo=0, endNo=0, pre=false, next=false]]
2026-08-10 11:03:17 [http-nio-8080-exec-1] DEBUG c.p.e.service.impl.CustomUserDetails - ======================================
2026-08-10 11:03:17 [http-nio-8080-exec-1] DEBUG c.p.e.service.impl.CustomUserDetails - getUsername()
2026-08-10 11:03:17 [http-nio-8080-exec-1] DEBUG c.p.e.service.impl.CustomUserDetails - ======================================
2026-08-10 11:03:17 [http-nio-8080-exec-1] DEBUG c.p.e.service.impl.CustomUserDetails - ======================================
2026-08-10 11:03:17 [http-nio-8080-exec-1] DEBUG c.p.e.service.impl.CustomUserDetails - getUsername()
2026-08-10 11:03:17 [http-nio-8080-exec-1] DEBUG c.p.e.service.impl.CustomUserDetails - ======================================
2026-08-10 11:03:17 [http-nio-8080-exec-5] DEBUG c.p.e.service.impl.CustomUserDetails - ======================================
2026-08-10 11:03:17 [http-nio-8080-exec-5] DEBUG c.p.e.service.impl.CustomUserDetails - getUsername()
2026-08-10 11:03:17 [http-nio-8080-exec-5] DEBUG c.p.e.service.impl.CustomUserDetails - ======================================
2026-08-10 11:03:17 [http-nio-8080-exec-2] DEBUG c.p.e.service.impl.CustomUserDetails - ======================================
2026-08-10 11:03:17 [http-nio-8080-exec-2] DEBUG c.p.e.service.impl.CustomUserDetails - getUsername()
2026-08-10 11:03:17 [http-nio-8080-exec-2] DEBUG c.p.e.service.impl.CustomUserDetails - ======================================
2026-08-10 11:03:17 [http-nio-8080-exec-8] DEBUG c.p.e.service.impl.CustomUserDetails - ======================================
2026-08-10 11:03:17 [http-nio-8080-exec-8] DEBUG c.p.e.service.impl.CustomUserDetails - getUsername()
2026-08-10 11:03:17 [http-nio-8080-exec-8] DEBUG c.p.e.service.impl.CustomUserDetails - ======================================
2026-08-10 11:03:17 [http-nio-8080-exec-6] DEBUG c.p.e.service.impl.CustomUserDetails - ======================================
2026-08-10 11:03:17 [http-nio-8080-exec-6] DEBUG c.p.e.service.impl.CustomUserDetails - getUsername()
2026-08-10 11:03:17 [http-nio-8080-exec-6] DEBUG c.p.e.service.impl.CustomUserDetails - ======================================
2026-08-10 11:03:17 [http-nio-8080-exec-4] DEBUG c.p.e.service.impl.CustomUserDetails - ======================================
2026-08-10 11:03:17 [http-nio-8080-exec-4] DEBUG c.p.e.service.impl.CustomUserDetails - getUsername()
2026-08-10 11:03:17 [http-nio-8080-exec-4] DEBUG c.p.e.service.impl.CustomUserDetails - ======================================
2026-08-10 11:03:17 [http-nio-8080-exec-9] DEBUG c.p.e.service.impl.CustomUserDetails - ======================================
2026-08-10 11:03:17 [http-nio-8080-exec-9] DEBUG c.p.e.service.impl.CustomUserDetails - getUsername()
2026-08-10 11:03:17 [http-nio-8080-exec-9] DEBUG c.p.e.service.impl.CustomUserDetails - ======================================
2026-08-10 11:03:17 [http-nio-8080-exec-7] DEBUG c.p.e.service.impl.CustomUserDetails - ======================================
2026-08-10 11:03:17 [http-nio-8080-exec-7] DEBUG c.p.e.service.impl.CustomUserDetails - getUsername()
2026-08-10 11:03:17 [http-nio-8080-exec-7] DEBUG c.p.e.service.impl.CustomUserDetails - ======================================
2026-08-10 11:03:17 [http-nio-8080-exec-9] DEBUG c.p.e.service.impl.CustomUserDetails - ======================================
2026-08-10 11:03:17 [http-nio-8080-exec-9] DEBUG c.p.e.service.impl.CustomUserDetails - getUsername()
2026-08-10 11:03:17 [http-nio-8080-exec-9] DEBUG c.p.e.service.impl.CustomUserDetails - ======================================
2026-08-10 11:03:17 [http-nio-8080-exec-7] DEBUG c.p.e.service.impl.CustomUserDetails - ======================================
2026-08-10 11:03:17 [http-nio-8080-exec-7] DEBUG c.p.e.service.impl.CustomUserDetails - getUsername()
2026-08-10 11:03:17 [http-nio-8080-exec-7] DEBUG c.p.e.service.impl.CustomUserDetails - ======================================
2026-08-10 11:03:17 [http-nio-8080-exec-10] DEBUG c.p.e.service.impl.CustomUserDetails - ======================================
2026-08-10 11:03:17 [http-nio-8080-exec-10] DEBUG c.p.e.service.impl.CustomUserDetails - getUsername()
2026-08-10 11:03:17 [http-nio-8080-exec-10] DEBUG c.p.e.service.impl.CustomUserDetails - ======================================
2026-08-10 11:03:17 [http-nio-8080-exec-10] DEBUG c.p.e.service.impl.CustomUserDetails - ======================================
2026-08-10 11:03:17 [http-nio-8080-exec-10] DEBUG c.p.e.service.impl.CustomUserDetails - getUsername()
2026-08-10 11:03:17 [http-nio-8080-exec-10] DEBUG c.p.e.service.impl.CustomUserDetails - ======================================
